time_stats.emb.min,time_stats.emb.max,time_stats.emb.mean,time_stats.emb.median,time_stats.emb.std,time_stats.input_layernorm.min,time_stats.input_layernorm.max,time_stats.input_layernorm.mean,time_stats.input_layernorm.median,time_stats.input_layernorm.std,time_stats.attn_pre_proj.min,time_stats.attn_pre_proj.max,time_stats.attn_pre_proj.mean,time_stats.attn_pre_proj.median,time_stats.attn_pre_proj.std,time_stats.attn_rope.min,time_stats.attn_rope.max,time_stats.attn_rope.mean,time_stats.attn_rope.median,time_stats.attn_rope.std,time_stats.attn_post_proj.min,time_stats.attn_post_proj.max,time_stats.attn_post_proj.mean,time_stats.attn_post_proj.median,time_stats.attn_post_proj.std,time_stats.post_attention_layernorm.min,time_stats.post_attention_layernorm.max,time_stats.post_attention_layernorm.mean,time_stats.post_attention_layernorm.median,time_stats.post_attention_layernorm.std,time_stats.mlp_up_proj.min,time_stats.mlp_up_proj.max,time_stats.mlp_up_proj.mean,time_stats.mlp_up_proj.median,time_stats.mlp_up_proj.std,time_stats.mlp_act.min,time_stats.mlp_act.max,time_stats.mlp_act.mean,time_stats.mlp_act.median,time_stats.mlp_act.std,time_stats.mlp_down_proj.min,time_stats.mlp_down_proj.max,time_stats.mlp_down_proj.mean,time_stats.mlp_down_proj.median,time_stats.mlp_down_proj.std,time_stats.add.min,time_stats.add.max,time_stats.add.mean,time_stats.add.median,time_stats.add.std,n_head,n_kv_head,n_embd,n_expanded_embd,vocab_size,use_gated_mlp,num_tokens,num_tensor_parallel_workers
0.186,0.2,0.19442857142857145,0.196,0.004446201466757128,0.165,0.17400000000000002,0.17115000000000002,0.17200000000000001,0.0030540956108150935,3.422,3.702,3.5829999999999997,3.5975,0.07799358948016175,0.249,0.255,0.25129999999999997,0.251,0.0015198684153570677,1.161,1.26,1.2258,1.2425000000000002,0.037103369119259266,0.166,0.17400000000000002,0.17135,0.17300000000000001,0.0030540956108150927,6.252,6.587,6.452749999999999,6.477,0.10447194599508516,0.489,0.494,0.49240000000000006,0.493,0.001743559577416271,2.965,3.285,3.1862500000000002,3.223,0.1099185493899915,0.171,0.17400000000000002,0.172,0.17200000000000001,0.0008944271909999167,32,32,4096,11008,32016,True,4096,1
0.194,0.201,0.19709523809523816,0.197,0.0016876233473018445,0.17,0.17400000000000002,0.17245000000000005,0.17200000000000001,0.0010712142642814286,3.495,3.702,3.6243000000000003,3.6265,0.04856140442779636,0.249,0.255,0.25085,0.251,0.0013518505834595788,1.213,1.2610000000000001,1.2439500000000003,1.248,0.01366189957509571,0.17,0.17500000000000002,0.17275000000000001,0.17300000000000001,0.0011346805717910226,6.353,6.6370000000000005,6.508000000000001,6.518000000000001,0.06337901861026257,0.492,0.495,0.4931500000000001,0.493,0.0008529361054615998,3.161,3.285,3.23205,3.2235,0.03735970422795128,0.171,0.17300000000000001,0.17190000000000003,0.17200000000000001,0.0006244997998398404,32,32,4096,11008,32016,True,4096,1
0.191,0.198,0.19480952380952382,0.195,0.0014998110236212985,0.17,0.17300000000000001,0.1718,0.17200000000000001,0.0008124038404635967,3.509,3.668,3.60135,3.6029999999999998,0.045124577560349544,0.247,0.251,0.24884999999999996,0.249,0.0009096702699330135,1.201,1.26,1.2429999999999999,1.2429999999999999,0.013856406460551012,0.169,0.17400000000000002,0.1722,0.17200000000000001,0.001029563014098701,6.28,6.585,6.452299999999999,6.448,0.07118504056330933,0.487,0.491,0.48915000000000014,0.489,0.0009096702699330135,3.136,3.285,3.2298500000000003,3.223,0.035184193894418014,0.169,0.17200000000000001,0.1701,0.17,0.0007681145747868615,32,32,4096,11008,32016,True,4064,1
0.191,0.198,0.19442857142857145,0.194,0.0016204475740165304,0.168,0.17200000000000001,0.1697,0.17,0.0009539392014169465,3.5220000000000002,3.77,3.6213499999999996,3.6165000000000003,0.05552411638198305,0.245,0.249,0.24710000000000001,0.247,0.0009433981132056612,1.214,1.2730000000000001,1.24745,1.248,0.013940857218980515,0.167,0.17200000000000001,0.16995,0.17,0.0011169153951844349,6.3420000000000005,6.5600000000000005,6.4658,6.4895,0.06261437534624138,0.484,0.487,0.48525,0.485,0.0007664854858377951,3.1590000000000003,3.3160000000000003,3.2413000000000003,3.2515,0.03638969634388289,0.168,0.17,0.16870000000000002,0.169,0.0006403124237432856,32,32,4096,11008,32016,True,4032,1
0.195,0.2,0.1978095238095238,0.198,0.0013316315670580548,0.17200000000000001,0.17400000000000002,0.17285,0.17300000000000001,0.0007262919523166982,3.6510000000000002,3.799,3.71225,3.7035,0.03663314755791532,0.243,0.248,0.24445,0.244,0.0011169153951844349,1.308,1.328,1.3150999999999997,1.313,0.005691221310052875,0.171,0.17400000000000002,0.17270000000000002,0.17300000000000001,0.0008426149773176366,6.5280000000000005,6.772,6.65205,6.67,0.06421485420056636,0.483,0.484,0.48365,0.484,0.0004769696007084733,3.383,3.461,3.41195,3.407,0.021096148937661624,0.166,0.168,0.16715,0.167,0.0006538348415311016,32,32,4096,11008,32016,True,4000,1
0.195,0.198,0.19671428571428573,0.197,0.0008806305718527116,0.171,0.17300000000000001,0.17215000000000003,0.17200000000000001,0.0006538348415311016,3.52,3.629,3.5716500000000004,3.5815,0.03261943439117242,0.241,0.246,0.24294999999999994,0.243,0.0010712142642814286,1.2610000000000001,1.284,1.2700500000000001,1.2695,0.005370986873936654,0.171,0.17300000000000001,0.17195000000000002,0.17200000000000001,0.0005894913061275804,6.348,6.575,6.4641,6.4515,0.058521705375014485,0.47900000000000004,0.481,0.47994999999999993,0.48,0.0005894913061275624,3.29,3.333,3.3099000000000003,3.31,0.011228980363327755,0.168,0.17200000000000001,0.16960000000000003,0.169,0.0009165151389911689,32,32,4096,11008,32016,True,3968,1
0.191,0.197,0.19461904761904764,0.195,0.0013964645998681138,0.168,0.171,0.16925,0.169,0.0007664854858377951,3.501,3.598,3.5549,3.5625,0.029262433254943113,0.23900000000000002,0.246,0.2412499999999999,0.241,0.001639359631075498,1.252,1.2730000000000001,1.2631999999999999,1.2635,0.005045790324617154,0.168,0.17,0.1693,0.169,0.0006403124237432854,6.327,6.535,6.451600000000001,6.4535,0.05380371734369297,0.47500000000000003,0.47700000000000004,0.4759500000000002,0.47600000000000003,0.0004974937185533104,3.265,3.398,3.3087000000000004,3.302,0.03476219210579219,0.166,0.169,0.1669,0.167,0.0007000000000000006,32,32,4096,11008,32016,True,3936,1
0.188,0.193,0.19076190476190477,0.191,0.0014769583256448414,0.166,0.169,0.16724999999999998,0.167,0.0006982120021884477,3.261,3.3280000000000003,3.2881499999999995,3.2915,0.018572223884069476,0.23900000000000002,0.243,0.24024999999999994,0.24,0.0010428326807307015,1.079,1.102,1.0889,1.089,0.007217340230306463,0.166,0.169,0.16745000000000002,0.167,0.0006689544080129831,5.751,5.877,5.8042,5.801,0.03360892738544327,0.47200000000000003,0.47300000000000003,0.47234999999999994,0.47200000000000003,0.0004769696007084732,2.807,2.863,2.8274,2.835,0.01746539435569656,0.168,0.17200000000000001,0.16930000000000003,0.169,0.0010049875621120899,32,32,4096,11008,32016,True,3904,1
0.185,0.191,0.18876190476190477,0.189,0.0015707069049972053,0.164,0.168,0.16635,0.1665,0.0009630680142129119,3.205,3.3280000000000003,3.2783,3.2775,0.027206800620433114,0.23700000000000002,0.241,0.23900000000000002,0.23900000000000002,0.0010954451150103218,1.059,1.099,1.0850499999999998,1.0885,0.008806105836293364,0.164,0.168,0.16670000000000001,0.167,0.0009539392014169465,5.66,5.873,5.7985,5.811,0.04670706584661471,0.467,0.46900000000000003,0.46819999999999995,0.468,0.0006000000000000005,2.754,2.862,2.8181000000000003,2.821,0.02727618008446202,0.167,0.169,0.16755000000000003,0.167,0.0006689544080129831,32,32,4096,11008,32016,True,3872,1
0.184,0.19,0.18752380952380956,0.188,0.0014349065879351785,0.162,0.165,0.16360000000000002,0.164,0.0007348469228349541,3.202,3.327,3.2737500000000006,3.268,0.027323753402488472,0.231,0.23500000000000001,0.23299999999999996,0.233,0.001140175425099139,1.06,1.103,1.0868499999999999,1.088,0.008850282481367471,0.162,0.165,0.16365000000000002,0.164,0.0007262919523166982,5.455,5.678,5.599000000000001,5.6055,0.04963063570013986,0.463,0.465,0.4646,0.465,0.0005830951894845307,2.757,2.864,2.8173500000000002,2.81,0.025278993255270225,0.163,0.166,0.16494999999999999,0.165,0.00086458082328953,32,32,4096,11008,32016,True,3840,1
0.184,0.188,0.18523809523809526,0.185,0.001019092121858701,0.162,0.164,0.16314999999999996,0.163,0.0006538348415311016,3.233,3.3280000000000003,3.26815,3.265,0.02349526548051761,0.23,0.233,0.23089999999999997,0.231,0.0007681145747868615,1.071,1.103,1.08445,1.082,0.0080092134445275,0.162,0.165,0.16329999999999995,0.163,0.0007810249675906662,5.538,5.684,5.59275,5.5905000000000005,0.03892926277236702,0.46,0.461,0.46060000000000006,0.461,0.0004898979485566361,2.782,2.865,2.8117999999999994,2.809,0.02093227173528951,0.163,0.166,0.16375,0.164,0.0008291561975888506,32,32,4096,11008,32016,True,3808,1
0.181,0.186,0.18309523809523806,0.183,0.0010647942749999007,0.159,0.161,0.15960000000000002,0.1595,0.0006633249580710806,3.226,3.291,3.2463,3.2335000000000003,0.01985975830668641,0.227,0.231,0.22890000000000005,0.229,0.0010440306508910557,1.07,1.092,1.0777999999999999,1.076,0.007619711280619527,0.159,0.161,0.15995,0.16,0.0007399324293474377,5.492,5.633,5.5571,5.5565,0.04283911763797201,0.456,0.457,0.45644999999999997,0.456,0.0004974937185533104,2.903,2.964,2.9202500000000002,2.9074999999999998,0.018750666654815222,0.157,0.16,0.15839999999999999,0.158,0.0008000000000000007,32,32,4096,11008,32016,True,3776,1
0.181,0.185,0.18285714285714286,0.183,0.0010816968277714818,0.16,0.162,0.1608,0.161,0.000748331477354789,3.2600000000000002,3.322,3.2875,3.289,0.020872230355187222,0.225,0.228,0.22655000000000003,0.226,0.0009205976319760993,1.079,1.101,1.09065,1.0905,0.007643788327786168,0.16,0.162,0.16065000000000002,0.161,0.0006538348415311016,5.582,5.69,5.634900000000001,5.635,0.03859002461776876,0.453,0.454,0.45330000000000004,0.453,0.0004582575694955844,2.8850000000000002,2.956,2.9229000000000003,2.9205,0.021683864969142284,0.158,0.16,0.15885,0.159,0.0005722761571129803,32,32,4096,11008,32016,True,3744,1
0.178,0.182,0.18023809523809525,0.18,0.001150766283199484,0.157,0.159,0.15824999999999995,0.158,0.0006982120021884477,3.029,3.088,3.0627500000000003,3.06,0.02188578305658716,0.227,0.23,0.22825,0.228,0.0008874119674649433,1.061,1.081,1.07185,1.0705,0.008162566998193638,0.158,0.159,0.15859999999999996,0.159,0.000489897948556636,5.312,5.44,5.371250000000001,5.3705,0.0419760348294119,0.448,0.449,0.4486,0.449,0.0004898979485566361,2.836,2.918,2.8674,2.864,0.023879698490558925,0.158,0.161,0.15945,0.1595,0.0008645808232895299,32,32,4096,11008,32016,True,3712,1
0.178,0.182,0.18004761904761907,0.18,0.0010454523047666747,0.155,0.158,0.15665,0.157,0.0007921489758877437,3.051,3.144,3.09585,3.0845000000000002,0.02465618583641838,0.225,0.229,0.2266,0.227,0.0010198039027185578,1.087,1.119,1.1020999999999999,1.1025,0.008705745229444768,0.156,0.158,0.15689999999999998,0.157,0.0007000000000000006,5.338,5.513,5.434,5.4385,0.050896954722262105,0.444,0.447,0.44539999999999996,0.445,0.0006633249580710806,2.7560000000000002,2.836,2.79685,2.7969999999999997,0.020936272352068765,0.158,0.16,0.15829999999999997,0.158,0.0005567764362830027,32,32,4096,11008,32016,True,3680,1
0.176,0.18,0.1786190476190476,0.179,0.0007853534524986026,0.156,0.158,0.157,0.157,0.0006324555320336764,3.248,3.362,3.3088500000000005,3.3105,0.03007868846874814,0.221,0.224,0.22265000000000001,0.222,0.001107925990308018,1.08,1.103,1.09325,1.092,0.0061796035471541255,0.156,0.158,0.15725,0.157,0.0006224949798994371,5.876,6.069,5.9605500000000005,5.95,0.05920681970854369,0.44,0.442,0.44095000000000006,0.441,0.0005894913061275802,2.8080000000000003,2.864,2.83705,2.836,0.015879153000081546,0.153,0.155,0.15394999999999998,0.154,0.0005894913061275802,32,32,4096,11008,32016,True,3648,1
0.177,0.181,0.17866666666666664,0.179,0.0010837911120705765,0.155,0.157,0.15630000000000002,0.156,0.0005567764362830027,3.271,3.419,3.3251999999999997,3.319,0.034446480226577585,0.219,0.224,0.22095000000000004,0.221,0.0012031209415515973,1.079,1.101,1.0934499999999998,1.0945,0.006636829062135038,0.155,0.157,0.15635000000000004,0.156,0.0005722761571129803,5.867,6.0,5.9378,5.9375,0.033019085390119406,0.436,0.438,0.43685,0.437,0.00047696960070847325,2.8080000000000003,2.864,2.8432000000000004,2.835,0.015266302761310607,0.152,0.154,0.15245,0.152,0.0005894913061275802,32,32,4096,11008,32016,True,3616,1
0.17400000000000002,0.177,0.17600000000000002,0.176,0.0008164965809277171,0.152,0.155,0.1538,0.154,0.0008124038404635968,3.107,3.185,3.1482500000000004,3.149,0.018528019322097005,0.219,0.223,0.2209,0.221,0.0009433981132056611,1.078,1.101,1.0911000000000002,1.089,0.006624952830020746,0.152,0.155,0.15345,0.1535,0.0007399324293474377,5.654,5.829,5.74865,5.7435,0.05184040412651112,0.433,0.435,0.43345,0.433,0.0005894913061275802,2.806,2.863,2.8383000000000007,2.834,0.0182183972950422,0.15,0.152,0.1508,0.151,0.0006000000000000005,32,32,4096,11008,32016,True,3584,1
0.17400000000000002,0.178,0.17509523809523808,0.17500000000000002,0.0008676603408708778,0.153,0.154,0.15325,0.153,0.0004330127018922198,3.123,3.197,3.1474999999999995,3.1445,0.017608236708995036,0.218,0.221,0.21905000000000002,0.219,0.0009733961166965902,1.086,1.097,1.08985,1.0865,0.004952524608722285,0.153,0.154,0.15335000000000001,0.153,0.0004769696007084733,5.668,5.792,5.72605,5.724,0.034838879143853044,0.429,0.43,0.42935,0.429,0.0004769696007084733,2.832,2.86,2.83705,2.833,0.009651295249861455,0.148,0.151,0.14959999999999998,0.149,0.0008602325267042635,32,32,4096,11008,32016,True,3552,1
0.171,0.17400000000000002,0.1723809523809524,0.17200000000000001,0.0007853534524986026,0.15,0.151,0.15019999999999994,0.15,0.0004000000000000004,3.108,3.196,3.13685,3.132,0.024073377411572307,0.215,0.219,0.21680000000000002,0.217,0.0009273618495495711,1.086,1.097,1.0888999999999998,1.087,0.00391024295920341,0.15,0.151,0.15039999999999998,0.15,0.000489897948556636,5.626,5.793,5.7098,5.708,0.03790329800954005,0.425,0.427,0.4255999999999999,0.4255,0.0006633249580710806,2.83,2.859,2.836,2.831,0.01113552872566006,0.147,0.149,0.14800000000000002,0.148,0.0005477225575051667,32,32,4096,11008,32016,True,3520,1
0.17,0.17500000000000002,0.17214285714285718,0.17200000000000001,0.0010816968277714816,0.15,0.151,0.15029999999999996,0.15,0.0004582575694955845,3.095,3.182,3.12835,3.1275000000000004,0.02337364969361863,0.213,0.216,0.21420000000000003,0.214,0.0009273618495495712,1.085,1.105,1.0903500000000002,1.0855000000000001,0.006223142293086362,0.149,0.152,0.15039999999999998,0.15,0.0006633249580710806,5.6080000000000005,5.7780000000000005,5.6861,5.675,0.04559923244968056,0.421,0.423,0.42190000000000005,0.422,0.0004358898943540677,2.83,2.886,2.843,2.83,0.016598192672697843,0.145,0.148,0.14664999999999995,0.147,0.0007921489758877438,32,32,4096,11008,32016,True,3488,1
0.169,0.17200000000000001,0.17076190476190475,0.171,0.0008676603408708864,0.149,0.151,0.15009999999999996,0.15,0.0005385164807134509,3.048,3.154,3.0823500000000004,3.077,0.02518585912769302,0.211,0.215,0.21265,0.213,0.0011521718621802922,0.9540000000000001,0.971,0.96225,0.963,0.0035899164335677497,0.149,0.151,0.15014999999999995,0.15,0.0004769696007084732,5.574,5.694,5.630700000000001,5.628500000000001,0.03977323220458711,0.418,0.419,0.41825,0.418,0.0004330127018922197,2.479,2.529,2.49955,2.504,0.014291518463760242,0.149,0.151,0.14994999999999997,0.15,0.0006689544080129832,32,32,4096,11008,32016,True,3456,1
0.168,0.17200000000000001,0.16938095238095238,0.169,0.0009988655696858595,0.146,0.148,0.14689999999999995,0.147,0.0004358898943540677,3.041,3.124,3.0841000000000003,3.0860000000000003,0.019654261624390792,0.209,0.214,0.2109,0.211,0.0010908712114635723,0.9520000000000001,0.964,0.9612000000000002,0.963,0.0035156791662493553,0.146,0.148,0.14744999999999997,0.1475,0.0005894913061275804,5.4830000000000005,5.698,5.602500000000001,5.599,0.04870061601253107,0.41400000000000003,0.41500000000000004,0.4145,0.41450000000000004,0.0005000000000000004,2.479,2.505,2.4976499999999997,2.504,0.010711092381265283,0.147,0.149,0.14809999999999995,0.148,0.0007681145747868615,32,32,4096,11008,32016,True,3424,1
0.166,0.168,0.16714285714285715,0.167,0.0006388765649999405,0.146,0.147,0.14639999999999995,0.146,0.0004898979485566361,3.024,3.138,3.07575,3.0795,0.028804296554507215,0.20700000000000002,0.212,0.2088,0.209,0.001029563014098691,0.9520000000000001,0.964,0.9571499999999998,0.9550000000000001,0.004174625731727288,0.146,0.147,0.14664999999999997,0.147,0.0004769696007084733,5.53,5.667,5.59085,5.587,0.0299320480421905,0.41000000000000003,0.41100000000000003,0.4103,0.41000000000000003,0.0004582575694955844,2.478,2.503,2.4871,2.479,0.011366177897604824,0.146,0.147,0.14669999999999997,0.147,0.0004582575694955844,32,32,4096,11008,32016,True,3392,1
0.165,0.168,0.16647619047619044,0.166,0.0007315376902732013,0.14300000000000002,0.145,0.14375000000000004,0.14400000000000002,0.0005361902647381778,3.052,3.154,3.0959499999999998,3.097,0.025257622611797797,0.20500000000000002,0.209,0.20615000000000006,0.20600000000000002,0.0011079259903080143,0.9510000000000001,0.97,0.9590499999999998,0.96,0.005219913792391557,0.14300000000000002,0.145,0.14390000000000006,0.14400000000000002,0.0005385164807134452,5.515,5.683,5.59405,5.596,0.04221548886368607,0.405,0.40700000000000003,0.40634999999999993,0.406,0.0005722761571129803,2.477,2.5260000000000002,2.4945500000000003,2.501,0.013614238869654134,0.14400000000000002,0.147,0.14534999999999998,0.145,0.0006538348415310988,32,32,4096,11008,32016,True,3360,1
0.164,0.167,0.1650952380952381,0.165,0.0007499055118106493,0.14300000000000002,0.145,0.14395000000000005,0.14400000000000002,0.000589491306127573,2.91,2.993,2.9522500000000003,2.9530000000000003,0.01962109833826838,0.20400000000000001,0.209,0.20540000000000003,0.20500000000000002,0.0011575836902790193,0.9510000000000001,0.972,0.9646999999999999,0.9655,0.00600083327547098,0.14300000000000002,0.145,0.14410000000000003,0.14400000000000002,0.0005385164807134417,5.307,5.497,5.41335,5.432,0.045706974303709895,0.403,0.404,0.4034000000000001,0.403,0.000489897948556636,2.477,2.527,2.5037,2.5015,0.016813982276664967,0.14300000000000002,0.146,0.14410000000000006,0.14400000000000002,0.0006999999999999914,32,32,4096,11008,32016,True,3328,1
0.161,0.166,0.1633809523809524,0.164,0.0013265131692556315,0.14100000000000001,0.14400000000000002,0.14299999999999996,0.14300000000000002,0.0007071067811865482,2.898,2.992,2.94005,2.942,0.021907704124348556,0.202,0.20500000000000002,0.20295000000000002,0.203,0.0009733961166965902,0.9410000000000001,0.972,0.96025,0.96,0.00798044484975615,0.14200000000000002,0.14400000000000002,0.14320000000000005,0.14300000000000002,0.0006782329983125274,5.266,5.471,5.40665,5.41,0.05144246786459616,0.398,0.401,0.39910000000000007,0.399,0.0006244997998398403,2.453,2.5260000000000002,2.4947500000000002,2.501,0.021071010891744252,0.14200000000000002,0.14400000000000002,0.14279999999999998,0.14300000000000002,0.0007483314773547889,32,32,4096,11008,32016,True,3296,1
0.159,0.163,0.1610952380952381,0.161,0.001191428190780649,0.139,0.14100000000000001,0.14030000000000004,0.14,0.0006403124237432853,2.878,2.975,2.9362500000000002,2.9385000000000003,0.023739997893849937,0.199,0.203,0.20060000000000003,0.2005,0.0010677078252031322,0.9440000000000001,0.973,0.9613000000000002,0.9624999999999999,0.0066037867924395866,0.139,0.14100000000000001,0.13990000000000002,0.14,0.0006244997998398404,5.292,5.48,5.4034,5.418,0.05428112010635012,0.394,0.396,0.39509999999999995,0.395,0.0005385164807134509,2.455,2.528,2.4958,2.503,0.018864251906714983,0.138,0.14,0.139,0.139,0.0005477225575051667,32,32,4096,11008,32016,True,3264,1
0.158,0.16,0.1593809523809524,0.159,0.000575383141599742,0.139,0.14,0.13930000000000003,0.139,0.0004582575694955844,2.902,2.988,2.9240000000000004,2.9210000000000003,0.019167681132573076,0.197,0.2,0.19820000000000002,0.198,0.0009797958971132722,0.9520000000000001,0.962,0.9539500000000002,0.9530000000000001,0.003278337993557065,0.139,0.14,0.1395,0.1395,0.0005000000000000004,5.2940000000000005,5.471,5.3927000000000005,5.3905,0.05061136236063985,0.39,0.392,0.39115000000000005,0.391,0.00047696960070847325,2.478,2.503,2.48155,2.478,0.007838845578272314,0.137,0.139,0.1382,0.138,0.0006782329983125273,32,32,4096,11008,32016,True,3232,1
0.156,0.16,0.15809523809523807,0.158,0.0010190921218587007,0.139,0.14,0.13915000000000005,0.139,0.0003570714214271428,2.848,2.9010000000000002,2.87145,2.8674999999999997,0.014708755895724198,0.196,0.201,0.19690000000000002,0.196,0.0014106735979665897,0.9530000000000001,0.963,0.9592499999999999,0.9615,0.004072775466435588,0.139,0.14,0.1395,0.1395,0.0005000000000000004,5.097,5.224,5.1682500000000005,5.1625,0.03257126801338865,0.387,0.388,0.38765,0.388,0.0004769696007084733,2.478,2.504,2.4943000000000004,2.5020000000000002,0.011345042970390214,0.136,0.137,0.1366,0.137,0.0004898979485566361,32,32,4096,11008,32016,True,3200,1
0.155,0.159,0.15680952380952384,0.157,0.0009571310115353238,0.136,0.137,0.13645000000000002,0.136,0.0004974937185533104,2.832,2.9010000000000002,2.85555,2.851,0.016372156241619532,0.194,0.196,0.19474999999999998,0.195,0.0007664854858377951,0.9500000000000001,0.961,0.9560000000000001,0.9585000000000001,0.004816637831516874,0.136,0.137,0.13640000000000002,0.136,0.0004898979485566361,5.075,5.297,5.16875,5.164,0.0508368714615681,0.383,0.385,0.3840500000000001,0.384,0.0005894913061275802,2.477,2.503,2.4894499999999993,2.4895,0.012261627135091081,0.134,0.136,0.13515000000000002,0.135,0.00047696960070847325,32,32,4096,11008,32016,True,3168,1
0.153,0.156,0.1551428571428571,0.155,0.0007737179432986635,0.135,0.137,0.13620000000000002,0.136,0.0006782329983125274,2.8120000000000003,2.88,2.8489,2.8495,0.019768409141860666,0.191,0.194,0.19205,0.192,0.0008046738469715546,0.9420000000000001,0.969,0.9560499999999997,0.9580000000000001,0.005625611077918547,0.135,0.137,0.13610000000000003,0.136,0.00043588989435406776,5.056,5.183,5.136850000000001,5.1305,0.03676992657050038,0.379,0.381,0.38015,0.38,0.0006538348415311016,2.454,2.525,2.4919999999999995,2.501,0.01744133022449827,0.132,0.134,0.1334,0.133,0.0005830951894845306,32,32,4096,11008,32016,True,3136,1
0.152,0.155,0.15361904761904757,0.154,0.0008984743935292011,0.132,0.134,0.13305,0.133,0.0004974937185533105,2.833,2.896,2.85995,2.8615000000000004,0.017679012981498744,0.189,0.193,0.19064999999999996,0.1905,0.0009096702699330135,0.9490000000000001,0.9590000000000001,0.9553999999999998,0.9580000000000001,0.004042276586281551,0.132,0.134,0.133,0.133,0.0003162277660168382,5.089,5.244,5.1586,5.145,0.04704189622028432,0.374,0.377,0.376,0.376,0.0007745966692414841,2.477,2.5020000000000002,2.4907999999999997,2.5,0.011227644454648475,0.131,0.133,0.13220000000000004,0.132,0.0005099019513592789,32,32,4096,11008,32016,True,3104,1
0.151,0.153,0.15147619047619046,0.151,0.0005870870479018079,0.131,0.133,0.13230000000000003,0.132,0.0005567764362830027,2.718,2.779,2.73475,2.7305,0.0149862436921331,0.188,0.19,0.18885000000000002,0.189,0.0007262919523166982,0.9430000000000001,0.961,0.95265,0.9515,0.004138538389335028,0.131,0.133,0.13230000000000003,0.132,0.0005567764362830027,4.876,5.032,4.953200000000001,4.951499999999999,0.04232918614856655,0.372,0.374,0.37255,0.3725,0.0005894913061275802,2.455,2.503,2.4801499999999996,2.4785000000000004,0.011658794963460008,0.127,0.129,0.12789999999999999,0.128,0.0005385164807134509,32,32,4096,11008,32016,True,3072,1
0.148,0.151,0.1497142857142857,0.15,0.0008247860988423232,0.131,0.133,0.132,0.132,0.0005477225575051667,2.684,2.7520000000000002,2.71665,2.7135,0.017036064686423397,0.185,0.189,0.18685,0.187,0.0009096702699330135,0.9400000000000001,0.9590000000000001,0.9496,0.9500000000000001,0.004164132562731407,0.131,0.132,0.13175,0.132,0.00043301270189221973,4.839,4.965,4.912850000000001,4.907500000000001,0.029650084316912035,0.368,0.37,0.36855000000000004,0.3685,0.0005894913061275802,2.453,2.5020000000000002,2.47995,2.477,0.013112875352111074,0.125,0.128,0.12645,0.1265,0.0007399324293474377,32,32,4096,11008,32016,True,3040,1
0.147,0.15,0.14842857142857144,0.148,0.0007911070345636268,0.128,0.13,0.12895,0.129,0.0004974937185533105,2.693,2.759,2.7121,2.71,0.014397569239284792,0.182,0.185,0.18395,0.184,0.0008645808232895299,0.9490000000000001,0.9590000000000001,0.9500500000000003,0.9490000000000001,0.002836811590500859,0.129,0.13,0.1291,0.129,0.00030000000000000024,4.807,4.962,4.902700000000001,4.904,0.03677512746408898,0.364,0.365,0.36465000000000003,0.365,0.0004769696007084733,2.454,2.501,2.4791999999999996,2.477,0.009729337079164216,0.124,0.127,0.12515,0.125,0.0006538348415311017,32,32,4096,11008,32016,True,3008,1
0.14400000000000002,0.148,0.1465238095238095,0.147,0.0010519391444940226,0.128,0.13,0.12890000000000001,0.129,0.0006244997998398404,2.668,2.729,2.7043500000000003,2.706,0.017272159679669438,0.181,0.184,0.182,0.182,0.0008366600265340764,0.9390000000000001,0.9590000000000001,0.9490500000000001,0.9495,0.006614189292725154,0.127,0.13,0.1285,0.128,0.000741619848709567,4.861,5.017,4.936349999999999,4.951499999999999,0.04348364635124337,0.36,0.362,0.36089999999999994,0.361,0.0005385164807134509,2.451,2.5020000000000002,2.4791999999999996,2.477,0.017831432920547927,0.123,0.126,0.1237,0.124,0.0007810249675906662,32,32,4096,11008,32016,True,2976,1
0.14400000000000002,0.147,0.14547619047619048,0.146,0.0007315376902731961,0.128,0.129,0.12855,0.129,0.0004974937185533104,2.64,2.696,2.6639000000000004,2.6615,0.014264992113562535,0.178,0.182,0.17980000000000002,0.18,0.0009273618495495715,0.837,0.848,0.843,0.8445,0.004123105625617665,0.128,0.129,0.12875,0.129,0.00043301270189221973,4.7010000000000005,4.833,4.7552,4.747,0.03697647901031145,0.356,0.358,0.35695,0.357,0.00038405728739343076,2.476,2.501,2.48975,2.497,0.011644204567079689,0.122,0.123,0.12239999999999998,0.122,0.000489897948556636,32,32,4096,11008,32016,True,2944,1
0.14200000000000002,0.145,0.14352380952380955,0.14300000000000002,0.0008518354199999139,0.125,0.126,0.1256,0.126,0.0004898979485566361,2.622,2.711,2.6609,2.654,0.024365754656895,0.176,0.18,0.17779999999999999,0.177,0.0011224972160321835,0.835,0.846,0.83925,0.838,0.0036452023263462375,0.125,0.126,0.12584999999999996,0.126,0.0003570714214271428,4.667,4.8790000000000004,4.7483,4.7545,0.054054694523232784,0.352,0.354,0.35314999999999996,0.353,0.0006538348415311016,2.475,2.5,2.4836,2.476,0.011293360881509078,0.12,0.122,0.121,0.121,0.0006324555320336764,32,32,4096,11008,32016,True,2912,1
0.14200000000000002,0.145,0.14352380952380953,0.14400000000000002,0.0007315376902731988,0.125,0.127,0.12579999999999997,0.126,0.0006000000000000005,2.621,2.686,2.6591500000000003,2.66,0.018550673842208532,0.17400000000000002,0.177,0.17524999999999996,0.17500000000000002,0.0006982120021884377,0.835,0.854,0.8446000000000001,0.846,0.004913247398615303,0.125,0.126,0.12569999999999998,0.126,0.0004582575694955844,4.652,4.8,4.739999999999999,4.7395,0.03451811118818635,0.34900000000000003,0.35100000000000003,0.34964999999999996,0.35000000000000003,0.0005722761571129803,2.126,2.169,2.14715,2.1470000000000002,0.011520742163593526,0.123,0.125,0.12395,0.124,0.0004974937185533105,32,32,4096,11008,32016,True,2880,1
0.14,0.14300000000000002,0.14138095238095238,0.14100000000000001,0.0007853534524986026,0.121,0.123,0.12280000000000002,0.123,0.0005099019513592789,2.604,2.6710000000000003,2.6412500000000003,2.6420000000000003,0.015148844840449064,0.17200000000000001,0.17500000000000002,0.17350000000000002,0.17350000000000002,0.0008062257748298557,0.8270000000000001,0.852,0.843,0.845,0.005873670062235341,0.122,0.124,0.12285000000000004,0.123,0.00047696960070847325,4.694,4.815,4.754700000000001,4.751,0.04175056885840002,0.34500000000000003,0.34700000000000003,0.34565,0.34600000000000003,0.0005722761571129803,2.105,2.169,2.1428,2.1470000000000002,0.015657586020839942,0.122,0.124,0.123,0.123,0.0006324555320336765,32,32,4096,11008,32016,True,2848,1
0.138,0.14100000000000001,0.13961904761904764,0.14,0.0008438116736509222,0.121,0.123,0.12204999999999999,0.122,0.0006689544080129832,2.478,2.574,2.53625,2.54,0.021924586655168644,0.17,0.17300000000000001,0.17165000000000002,0.17200000000000001,0.0009096702699330133,0.807,0.833,0.8196999999999999,0.8230000000000001,0.0060506198029623304,0.121,0.123,0.12225000000000001,0.122,0.0005361902647381809,4.424,4.571,4.5089,4.516,0.03943082550492693,0.341,0.343,0.34209999999999996,0.342,0.0004358898943540677,2.104,2.1670000000000003,2.1362500000000004,2.145,0.016984919781971298,0.12,0.123,0.12134999999999999,0.121,0.0007262919523166982,32,32,4096,11008,32016,True,2816,1
0.136,0.14,0.13752380952380955,0.138,0.001051939144494026,0.121,0.122,0.1214,0.121,0.0004898979485566361,2.477,2.548,2.5081999999999995,2.5075000000000003,0.018186808406094785,0.168,0.17,0.1691,0.169,0.000538516480713451,0.806,0.8220000000000001,0.81335,0.8140000000000001,0.004972675336275238,0.12,0.122,0.1214,0.121,0.0005830951894845307,4.429,4.542,4.474100000000002,4.470000000000001,0.03383622319349485,0.337,0.339,0.338,0.338,0.0005477225575051667,2.103,2.144,2.12075,2.124,0.014173478754349636,0.11900000000000001,0.121,0.12020000000000002,0.12,0.0007483314773547845,32,32,4096,11008,32016,True,2784,1
0.134,0.137,0.13547619047619047,0.135,0.001005652956282995,0.117,0.11900000000000001,0.11809999999999998,0.11800000000000001,0.0006244997998398403,2.443,2.535,2.488,2.481,0.020596116138728714,0.166,0.169,0.16699999999999998,0.167,0.0007745966692414842,0.793,0.8220000000000001,0.8076500000000001,0.806,0.0077863662898684715,0.117,0.11900000000000001,0.11789999999999998,0.11800000000000001,0.0006244997998398403,4.374,4.5120000000000005,4.43755,4.4375,0.041801285865389386,0.333,0.335,0.33409999999999995,0.334,0.0006244997998398403,2.064,2.144,2.1093,2.103,0.023998124926752087,0.11800000000000001,0.12,0.11895000000000003,0.11900000000000001,0.0005894913061275767,32,32,4096,11008,32016,True,2752,1
0.132,0.136,0.13414285714285712,0.134,0.000888321814579888,0.116,0.11900000000000001,0.11769999999999999,0.11800000000000001,0.0006403124237432853,2.428,2.5020000000000002,2.47805,2.4865000000000004,0.019698921290263627,0.164,0.167,0.1652,0.165,0.0009797958971132722,0.793,0.8150000000000001,0.8095500000000001,0.8130000000000001,0.007255859700958948,0.116,0.11900000000000001,0.11769999999999999,0.11800000000000001,0.0006403124237432853,4.402,4.506,4.45805,4.4544999999999995,0.028011560113638766,0.329,0.331,0.33010000000000006,0.33,0.0005385164807134509,2.063,2.124,2.1136499999999994,2.122,0.01723448577706917,0.116,0.11800000000000001,0.11725000000000001,0.117,0.0005361902647381809,32,32,4096,11008,32016,True,2720,1
0.131,0.134,0.1325714285714286,0.133,0.0009547589359887351,0.114,0.116,0.11495000000000002,0.115,0.0004974937185533104,2.334,2.427,2.3655500000000003,2.365,0.020848201361268567,0.165,0.168,0.16599999999999998,0.166,0.0008366600265340764,0.802,0.8160000000000001,0.8103499999999999,0.809,0.0041746257317273406,0.114,0.115,0.11475000000000002,0.115,0.0004330127018922197,4.1930000000000005,4.34,4.2667,4.272,0.03641853923484576,0.325,0.327,0.32635,0.326,0.0005722761571129803,2.085,2.125,2.1102,2.105,0.012274363527287304,0.112,0.114,0.11325,0.113,0.0006224949798994372,32,32,4096,11008,32016,True,2688,1
0.129,0.132,0.13033333333333333,0.13,0.0008357108940373457,0.113,0.115,0.11415000000000002,0.114,0.00047696960070847325,2.305,2.386,2.3492,2.347,0.022055838229366815,0.162,0.165,0.16375,0.164,0.0008291561975888506,0.799,0.8150000000000001,0.8049,0.802,0.004825971404805465,0.113,0.115,0.11405000000000003,0.114,0.0004974937185533104,4.17,4.301,4.23955,4.2485,0.034547756801274365,0.322,0.323,0.3224000000000001,0.322,0.000489897948556636,2.083,2.124,2.096800000000001,2.084,0.015822768405054803,0.111,0.113,0.11185000000000003,0.112,0.0005722761571129803,32,32,4096,11008,32016,True,2656,1
0.127,0.131,0.12885714285714284,0.129,0.0008883218145798878,0.112,0.115,0.11365,0.114,0.0006538348415311016,2.306,2.4010000000000002,2.35655,2.3535000000000004,0.02348504843512146,0.16,0.165,0.16185,0.1615,0.0011947803145348531,0.791,0.8150000000000001,0.8028000000000001,0.805,0.0070611613775638975,0.113,0.115,0.11385000000000003,0.114,0.0006538348415311016,4.15,4.312,4.216050000000001,4.2059999999999995,0.042885283023433536,0.317,0.319,0.31829999999999997,0.318,0.0006403124237432854,2.062,2.124,2.0938499999999998,2.0945,0.019558310254211713,0.109,0.111,0.11040000000000001,0.11,0.0005830951894845307,32,32,4096,11008,32016,True,2624,1
0.126,0.129,0.12757142857142853,0.128,0.0007284313590846841,0.11,0.112,0.11125000000000003,0.111,0.0006224949798994371,2.1390000000000002,2.18,2.1599500000000003,2.156,0.011538955758646396,0.16,0.164,0.16140000000000002,0.161,0.0009165151389911689,0.799,0.8140000000000001,0.80715,0.806,0.0042693676346737845,0.11,0.112,0.11115000000000001,0.111,0.0004769696007084733,4.1450000000000005,4.32,4.219949999999999,4.223,0.04422835628869783,0.314,0.316,0.31475000000000003,0.315,0.0005361902647381809,2.082,2.123,2.1054499999999994,2.102,0.011787599416335868,0.109,0.112,0.1095,0.109,0.0008062257748298557,32,32,4096,11008,32016,True,2592,1
0.124,0.129,0.12566666666666668,0.125,0.0012848321488792432,0.109,0.111,0.11025000000000003,0.11,0.0006982120021884477,2.233,2.332,2.2719,2.26,0.028590033228382217,0.157,0.161,0.15825,0.158,0.0009420721840708396,0.791,0.8140000000000001,0.80005,0.798,0.0075529795445241415,0.109,0.111,0.11025000000000003,0.11,0.0006224949798994372,4.023,4.1530000000000005,4.081550000000001,4.0705,0.04346202365283976,0.31,0.312,0.31110000000000004,0.311,0.0006244997998398403,2.061,2.122,2.0886500000000003,2.0815,0.021242116184598946,0.107,0.109,0.1076,0.108,0.0005830951894845307,32,32,4096,11008,32016,True,2560,1
0.123,0.126,0.12452380952380954,0.125,0.0007315376902732014,0.109,0.111,0.10990000000000003,0.11,0.0005385164807134509,2.25,2.311,2.2791000000000006,2.2805,0.019656805437303377,0.155,0.158,0.15625000000000003,0.156,0.0009420721840708396,0.797,0.812,0.8026500000000001,0.805,0.00445280810275943,0.109,0.111,0.11000000000000001,0.11,0.00044721359549995833,4.01,4.167,4.101100000000001,4.1075,0.0395359330230108,0.306,0.308,0.30690000000000006,0.307,0.0005385164807134508,2.08,2.121,2.0944999999999996,2.101,0.01112879148874666,0.106,0.109,0.10655,0.106,0.0007399324293474378,32,32,4096,11008,32016,True,2528,1
0.122,0.125,0.12352380952380954,0.123,0.0009060141709733556,0.106,0.108,0.10755,0.108,0.0006689544080129832,2.254,2.318,2.2929500000000003,2.2945,0.016076302435572686,0.152,0.156,0.15345,0.153,0.0009205976319760993,0.662,0.682,0.67675,0.68,0.005575616557834663,0.106,0.108,0.10750000000000001,0.108,0.0006708203932499374,4.016,4.2010000000000005,4.0978,4.093,0.04971981496345303,0.303,0.304,0.3036,0.304,0.0004898979485566361,1.722,1.772,1.7599500000000003,1.7710000000000001,0.015916893541140523,0.107,0.11,0.1082,0.108,0.0006782329983125274,32,32,4096,11008,32016,True,2496,1
0.12,0.122,0.12095238095238094,0.121,0.0007221786137191959,0.107,0.107,0.10700000000000001,0.107,1.3877787807814457e-17,2.248,2.3040000000000003,2.2754000000000003,2.277,0.01608228839437976,0.151,0.154,0.15165,0.151,0.0009096702699330133,0.667,0.674,0.6707000000000001,0.673,0.002934280150224245,0.106,0.107,0.10665000000000002,0.107,0.0004769696007084732,4.053,4.228,4.132949999999999,4.139,0.04220838186900794,0.299,0.3,0.2996,0.3,0.0004898979485566361,1.736,1.754,1.7460499999999999,1.7530000000000001,0.008200457304321502,0.106,0.107,0.10670000000000002,0.107,0.00045825756949558437,32,32,4096,11008,32016,True,2464,1
0.11900000000000001,0.122,0.12085714285714283,0.121,0.0007737179432986621,0.10400000000000001,0.106,0.10485000000000003,0.105,0.0004769696007084683,2.007,2.062,2.0405499999999996,2.0420000000000003,0.017923378587755154,0.149,0.154,0.1507,0.15,0.0011445523142259606,0.668,0.686,0.67915,0.68,0.005901482864501096,0.10300000000000001,0.105,0.10464999999999999,0.105,0.0005722761571129744,3.8120000000000003,3.997,3.9358000000000004,3.955,0.0501742962083176,0.295,0.297,0.29619999999999996,0.296,0.0006782329983125273,1.737,1.7870000000000001,1.7672999999999999,1.7710000000000001,0.01850162155055609,0.105,0.107,0.10545000000000002,0.105,0.0006689544080129831,32,32,4096,11008,32016,True,2432,1
0.11800000000000001,0.12,0.11919047619047624,0.11900000000000001,0.0004994327848429244,0.10400000000000001,0.105,0.10450000000000001,0.10450000000000001,0.0004999999999999935,2.021,2.06,2.0401999999999996,2.041,0.0073932401557098276,0.148,0.151,0.14934999999999998,0.149,0.0009630680142129119,0.673,0.684,0.6786500000000001,0.6785000000000001,0.0025548972582082456,0.10400000000000001,0.105,0.10410000000000001,0.10400000000000001,0.00029999999999999607,3.88,4.001,3.9217,3.9160000000000004,0.028328607449008204,0.292,0.293,0.2923,0.292,0.0004582575694955844,1.748,1.782,1.7648000000000004,1.7650000000000001,0.007619711280619504,0.10200000000000001,0.10400000000000001,0.10295000000000001,0.10300000000000001,0.00038405728739343076,32,32,4096,11008,32016,True,2400,1
0.116,0.11900000000000001,0.11804761904761905,0.11800000000000001,0.000722178613719196,0.10300000000000001,0.105,0.10390000000000002,0.10400000000000001,0.00043588989435406597,2.021,2.061,2.0486500000000003,2.057,0.012543025950702618,0.146,0.149,0.14749999999999996,0.147,0.0007416198487095669,0.672,0.686,0.6823,0.684,0.0039761790704142125,0.10300000000000001,0.105,0.10410000000000001,0.10400000000000001,0.0004358898943540635,3.872,3.973,3.9199000000000006,3.919,0.025085653270345603,0.28800000000000003,0.29,0.28905,0.289,0.0005894913061275655,1.748,1.7830000000000001,1.7729,1.7810000000000001,0.011326517558367196,0.1,0.10300000000000001,0.10130000000000002,0.101,0.0007810249675906661,32,32,4096,11008,32016,True,2368,1
0.115,0.117,0.1163809523809524,0.116,0.0005753831415997421,0.101,0.10200000000000001,0.10105,0.101,0.00021794494717703385,2.033,2.057,2.0372500000000002,2.035,0.0066323072908301885,0.14400000000000002,0.146,0.14489999999999997,0.145,0.0006244997998398304,0.677,0.685,0.6787000000000001,0.678,0.002260530911091465,0.1,0.101,0.10095000000000001,0.101,0.00021794494717703385,3.89,4.0040000000000004,3.9447999999999994,3.9430000000000005,0.0346288896732194,0.28400000000000003,0.28500000000000003,0.28465,0.28500000000000003,0.0004769696007084733,1.7630000000000001,1.782,1.7653499999999998,1.764,0.005406246387282031,0.099,0.101,0.10010000000000001,0.1,0.0005385164807134509,32,32,4096,11008,32016,True,2336,1
0.113,0.115,0.11395238095238096,0.114,0.000652919485752481,0.1,0.10200000000000001,0.10095000000000001,0.101,0.00038405728739343076,1.873,1.929,1.90885,1.9115000000000002,0.013043293295789996,0.14200000000000002,0.145,0.1427,0.14300000000000002,0.000781024967590662,0.664,0.685,0.67735,0.679,0.005012733785071779,0.099,0.101,0.10045000000000001,0.101,0.0006689544080129831,3.612,3.742,3.6763499999999993,3.6805000000000003,0.03387222313341714,0.281,0.28200000000000003,0.28109999999999996,0.281,0.0003000000000000003,1.73,1.7810000000000001,1.7609,1.764,0.011188833719382934,0.098,0.1,0.09850000000000002,0.098,0.0005916079783099622,32,32,4096,11008,32016,True,2304,1
0.11,0.115,0.11276190476190476,0.113,0.001191428190780649,0.099,0.101,0.09975000000000002,0.1,0.0005361902647381809,1.852,1.9100000000000001,1.8947499999999997,1.9085,0.020837166314064872,0.14,0.14200000000000002,0.14085,0.14100000000000001,0.0007262919523166982,0.66,0.681,0.67515,0.68,0.007101232287427308,0.098,0.1,0.09960000000000002,0.1,0.0005830951894845306,3.5740000000000003,3.735,3.6690999999999994,3.675,0.045687963403942565,0.276,0.278,0.2769500000000001,0.277,0.00038405728739343076,1.72,1.7710000000000001,1.7593,1.77,0.01785245081214344,0.096,0.097,0.09675,0.097,0.0004330127018922198,32,32,4096,11008,32016,True,2272,1
0.11,0.112,0.11080952380952384,0.111,0.0005870870479018079,0.096,0.098,0.0968,0.097,0.0005099019513592789,1.872,1.9040000000000001,1.8893499999999999,1.8885,0.00831429491899344,0.138,0.14100000000000001,0.13885,0.139,0.0009096702699330133,0.666,0.679,0.6730000000000003,0.673,0.003209361307176246,0.096,0.097,0.09684999999999999,0.097,0.00035707142142714273,3.6270000000000002,3.704,3.6569499999999997,3.6525,0.02195558015630655,0.272,0.274,0.27299999999999996,0.273,0.0005477225575051665,1.737,1.77,1.7546000000000004,1.7530000000000001,0.008771544903835362,0.095,0.097,0.09545,0.095,0.0005894913061275802,32,32,4096,11008,32016,True,2240,1
0.108,0.11,0.10947619047619048,0.11,0.0006632565846278159,0.096,0.097,0.09665,0.097,0.00047696960070847314,1.883,1.9060000000000001,1.89025,1.8860000000000001,0.008624818838677162,0.136,0.14,0.13700000000000004,0.137,0.0010488088481701524,0.671,0.679,0.6736500000000001,0.6725000000000001,0.0030704234235688103,0.096,0.098,0.09685,0.097,0.0005722761571129804,3.633,3.731,3.6758,3.673,0.024650760637351537,0.269,0.271,0.2695,0.269,0.0005916079783099621,1.7510000000000001,1.77,1.7578000000000003,1.7525,0.007826876771739832,0.094,0.095,0.09425000000000001,0.094,0.0004330127018922197,32,32,4096,11008,32016,True,2208,1
0.107,0.109,0.10804761904761906,0.108,0.000652919485752481,0.093,0.094,0.09365000000000001,0.094,0.00047696960070847325,1.864,1.9040000000000001,1.8849500000000003,1.8825,0.014069381649525337,0.134,0.136,0.13454999999999998,0.1345,0.0005894913061275802,0.664,0.677,0.6715,0.671,0.004642197755374068,0.093,0.094,0.09345,0.093,0.0004974937185533104,3.4090000000000003,3.5380000000000003,3.4885999999999995,3.493,0.031260838120562254,0.265,0.266,0.2653,0.265,0.0004582575694955844,1.734,1.7690000000000001,1.7530000000000001,1.7515,0.011903780911962373,0.092,0.095,0.09275000000000001,0.093,0.0008291561975888507,32,32,4096,11008,32016,True,2176,1
0.106,0.108,0.1069047619047619,0.107,0.0006834619092574922,0.093,0.094,0.09319999999999999,0.093,0.00040000000000000034,1.879,1.899,1.8881000000000003,1.883,0.008300000000000014,0.131,0.134,0.13245,0.132,0.0007399324293474377,0.67,0.677,0.6729499999999999,0.671,0.002957617284234053,0.093,0.094,0.09340000000000001,0.093,0.0004898979485566361,3.414,3.5340000000000003,3.4754000000000005,3.4684999999999997,0.027492544443903373,0.261,0.262,0.26139999999999997,0.261,0.000489897948556636,1.75,1.768,1.7569000000000004,1.7510000000000001,0.008055432949258508,0.09,0.092,0.09135000000000001,0.091,0.0005722761571129804,32,32,4096,11008,32016,True,2144,1
0.10400000000000001,0.106,0.10466666666666669,0.105,0.0005634361698190054,0.093,0.094,0.09305,0.093,0.00021794494717703385,1.754,1.7730000000000001,1.7574999999999998,1.7555,0.005343220002957038,0.13,0.132,0.1302,0.13,0.0005099019513592789,0.671,0.679,0.6729000000000002,0.672,0.0020952326839756984,0.092,0.093,0.09280000000000001,0.093,0.00040000000000000034,3.424,3.5180000000000002,3.45765,3.4485,0.02690775910402054,0.257,0.259,0.25755000000000006,0.257,0.0006689544080129832,1.752,1.77,1.7538999999999998,1.752,0.005214403129793493,0.08700000000000001,0.088,0.0873,0.08700000000000001,0.00045825756949557803,32,32,4096,11008,32016,True,2112,1
0.10300000000000001,0.105,0.10357142857142858,0.10400000000000001,0.0005832118435198032,0.09,0.091,0.09015000000000002,0.09,0.00035707142142714273,1.752,1.79,1.75815,1.7530000000000001,0.012586798639844856,0.127,0.13,0.1285,0.128,0.0008660254037844396,0.671,0.686,0.67255,0.671,0.0043298383341644564,0.09,0.091,0.09010000000000001,0.09,0.00030000000000000024,2.988,3.0540000000000003,2.99645,2.99,0.01904068013491116,0.252,0.254,0.25294999999999995,0.253,0.00038405728739343076,1.7510000000000001,1.786,1.75485,1.7510000000000001,0.010393627855566105,0.085,0.08700000000000001,0.08590000000000002,0.08600000000000001,0.000538516480713451,32,32,4096,11008,32016,True,2080,1
0.1,0.10300000000000001,0.10123809523809525,0.101,0.0008109231602822103,0.089,0.09,0.08950000000000001,0.0895,0.0005000000000000004,1.737,1.77,1.7498,1.7510000000000001,0.009036592278065882,0.125,0.128,0.12629999999999997,0.126,0.0006403124237432854,0.665,0.678,0.67015,0.6705000000000001,0.0034391132578035317,0.089,0.09,0.08924999999999998,0.089,0.0004330127018922197,3.043,3.111,3.07865,3.084,0.019092603279804426,0.249,0.25,0.24909999999999996,0.249,0.00030000000000000024,1.735,1.7690000000000001,1.74955,1.7510000000000001,0.009896842930955317,0.084,0.08600000000000001,0.08440000000000002,0.084,0.0005830951894845306,32,32,4096,11008,32016,True,2048,1
0.1,0.10200000000000001,0.10095238095238096,0.101,0.00048562090605645613,0.089,0.09,0.08965000000000001,0.09,0.00047696960070847325,1.734,1.7550000000000001,1.74815,1.7510000000000001,0.006951798328490277,0.126,0.128,0.12644999999999995,0.126,0.0006689544080129832,0.664,0.672,0.6692499999999999,0.671,0.0028613807855649015,0.089,0.09,0.0893,0.089,0.0004582575694955844,3.044,3.086,3.075,3.083,0.013881642554107202,0.248,0.25,0.24899999999999994,0.249,0.0003162277660168382,1.735,1.752,1.7483000000000004,1.7510000000000001,0.006542935121182224,0.084,0.085,0.08430000000000001,0.084,0.0004582575694955844,32,32,4096,11008,32016,True,2048,1
0.099,0.10200000000000001,0.10014285714285716,0.1,0.0007737179432986635,0.088,0.09,0.089,0.089,0.00044721359549995833,1.718,1.7690000000000001,1.7412000000000003,1.737,0.012785147633093658,0.124,0.127,0.12515,0.125,0.0008529361054615998,0.658,0.679,0.6674,0.6655,0.005342284155677237,0.088,0.09,0.08915,0.089,0.0005722761571129804,3.0260000000000002,3.103,3.0618000000000007,3.0665000000000004,0.020056420418409614,0.246,0.248,0.24725000000000003,0.247,0.0005361902647381809,1.718,1.77,1.7443000000000002,1.7515,0.013664186766873473,0.083,0.085,0.08380000000000001,0.084,0.000509901951359279,32,32,4096,11008,32016,True,2032,1
0.099,0.10200000000000001,0.10009523809523808,0.1,0.0008676603408708863,0.08600000000000001,0.088,0.08679999999999999,0.08700000000000001,0.0005099019513592774,1.732,1.768,1.7475999999999998,1.7495,0.013294359706281495,0.123,0.125,0.12375000000000003,0.124,0.0005361902647381809,0.664,0.677,0.6700499999999999,0.671,0.004893618293246833,0.08600000000000001,0.08700000000000001,0.0866,0.08700000000000001,0.0004898979485566361,3.041,3.113,3.0714500000000005,3.0745,0.022085006225944333,0.245,0.246,0.2453,0.245,0.0004582575694955844,1.734,1.7690000000000001,1.75055,1.7510000000000001,0.013529504795076582,0.083,0.084,0.08330000000000001,0.083,0.0004582575694955844,32,32,4096,11008,32016,True,2016,1
0.098,0.1,0.0991904761904762,0.099,0.0005870870479018078,0.08600000000000001,0.08700000000000001,0.08665,0.08700000000000001,0.00047696960070847314,1.715,1.764,1.7478500000000001,1.748,0.012642290140635112,0.122,0.125,0.12325,0.123,0.0006982120021884477,0.658,0.677,0.6702999999999999,0.67,0.004648655719667787,0.08600000000000001,0.08700000000000001,0.08655000000000002,0.08700000000000001,0.0004974937185533104,3.023,3.11,3.0765,3.079,0.01842145488282614,0.242,0.244,0.24315000000000003,0.243,0.00047696960070847325,1.717,1.768,1.7500499999999999,1.75,0.012650988103701619,0.082,0.084,0.083,0.083,0.0005477225575051667,32,32,4096,11008,32016,True,2000,1
0.096,0.099,0.09771428571428574,0.098,0.0007648751621051916,0.085,0.08700000000000001,0.08610000000000001,0.08600000000000001,0.0005385164807134509,1.714,1.75,1.7348000000000003,1.734,0.014048487463068787,0.121,0.124,0.12224999999999997,0.122,0.0006224949798994372,0.657,0.671,0.66505,0.666,0.00549977272257682,0.08600000000000001,0.08700000000000001,0.0863,0.08600000000000001,0.0004582575694955844,3.02,3.078,3.0531,3.059,0.021222393832930404,0.241,0.242,0.24104999999999993,0.241,0.00021794494717703388,1.717,1.7510000000000001,1.7374500000000002,1.734,0.013492497915508505,0.081,0.083,0.08210000000000002,0.082,0.0005385164807134509,32,32,4096,11008,32016,True,1984,1
0.096,0.099,0.09780952380952382,0.098,0.0006632565846278159,0.08600000000000001,0.08700000000000001,0.08620000000000001,0.08600000000000001,0.0004000000000000003,1.73,1.749,1.7450000000000003,1.747,0.005282045058497714,0.12,0.123,0.121,0.121,0.0006324555320336764,0.664,0.67,0.6691,0.67,0.002142428528562857,0.08600000000000001,0.08700000000000001,0.08615000000000002,0.08600000000000001,0.00035707142142714273,2.963,2.992,2.98735,2.991,0.008884115037526284,0.23900000000000002,0.24,0.23955,0.24,0.0004974937185532966,1.734,1.7510000000000001,1.7492500000000004,1.7510000000000001,0.004928234978164109,0.081,0.082,0.08109999999999999,0.081,0.00030000000000000024,32,32,4096,11008,32016,True,1968,1
0.096,0.098,0.09666666666666668,0.096,0.0007766431633476241,0.085,0.08700000000000001,0.08585000000000001,0.08600000000000001,0.0006538348415311016,1.713,1.7630000000000001,1.7332,1.7305000000000001,0.014918444959177239,0.11900000000000001,0.121,0.11960000000000001,0.12,0.000583095189484524,0.657,0.676,0.6648500000000002,0.664,0.005764329969736297,0.085,0.08700000000000001,0.08580000000000002,0.08600000000000001,0.0006000000000000006,2.935,3.021,2.9693499999999995,2.965,0.025933135174907,0.23700000000000002,0.23800000000000002,0.23775000000000007,0.23800000000000002,0.00043301270189221973,1.718,1.7690000000000001,1.7395,1.735,0.016674831333479852,0.08,0.082,0.0805,0.08,0.0005916079783099621,32,32,4096,11008,32016,True,1952,1
0.094,0.098,0.09661904761904763,0.097,0.0008438116736509222,0.085,0.08700000000000001,0.08590000000000002,0.08600000000000001,0.00043588989435406776,1.727,1.7610000000000001,1.7422999999999997,1.7445,0.00896716231591689,0.11800000000000001,0.12,0.11880000000000002,0.11900000000000001,0.0005999999999999978,0.663,0.676,0.6686500000000001,0.669,0.0036093628246547924,0.085,0.08600000000000001,0.08525,0.085,0.00043301270189221973,2.963,3.019,2.98615,2.991,0.015366440706943187,0.23500000000000001,0.23700000000000002,0.23575,0.23600000000000002,0.0005361902647381809,1.734,1.768,1.7494999999999998,1.7510000000000001,0.009249324299644817,0.079,0.08,0.07970000000000001,0.08,0.0004582575694955844,32,32,4096,11008,32016,True,1936,1
0.094,0.096,0.09576190476190478,0.096,0.0005259695722470128,0.083,0.084,0.08315,0.083,0.00035707142142714284,1.619,1.639,1.6273000000000004,1.626,0.007956758133813038,0.117,0.11900000000000001,0.11745000000000001,0.117,0.0007399324293474378,0.56,0.5660000000000001,0.5626500000000002,0.5605,0.0028508770580296895,0.083,0.084,0.08315,0.083,0.0003570714214271428,2.821,2.852,2.83455,2.823,0.013807516069155958,0.233,0.234,0.23359999999999997,0.234,0.0004898979485566361,1.455,1.47,1.4625499999999998,1.462,0.007074425771749946,0.081,0.082,0.0812,0.081,0.00040000000000000034,32,32,4096,11008,32016,True,1920,1
0.094,0.096,0.095,0.095,0.0008164965809277268,0.083,0.084,0.08310000000000001,0.083,0.00030000000000000024,1.62,1.637,1.6276,1.627,0.0069957129729570884,0.115,0.117,0.11650000000000002,0.117,0.0005916079783099621,0.561,0.5690000000000001,0.5636500000000002,0.5615000000000001,0.0029030156733989595,0.083,0.084,0.08310000000000001,0.083,0.00030000000000000024,2.816,2.848,2.83145,2.824,0.011867918941415123,0.231,0.232,0.23190000000000005,0.232,0.0003000000000000003,1.456,1.471,1.4628999999999999,1.461,0.006898550572402889,0.08,0.082,0.08065000000000001,0.081,0.0006538348415311016,32,32,4096,11008,32016,True,1904,1
0.093,0.096,0.09480952380952382,0.095,0.0008518354199999207,0.082,0.084,0.0829,0.083,0.0005385164807134509,1.588,1.635,1.6245999999999998,1.6340000000000001,0.017237749273034463,0.115,0.117,0.11560000000000004,0.116,0.0005830951894845306,0.549,0.5670000000000001,0.5631000000000002,0.5660000000000001,0.005940538696111663,0.082,0.084,0.08295,0.083,0.0004974937185533105,2.766,2.848,2.8304500000000004,2.841,0.027751531489271012,0.229,0.231,0.22995000000000004,0.23,0.0004974937185533105,1.428,1.471,1.46295,1.47,0.015011578864330034,0.079,0.081,0.08030000000000001,0.08,0.0005567764362830027,32,32,4096,11008,32016,True,1888,1
0.093,0.095,0.09371428571428574,0.094,0.0006281383789653775,0.082,0.083,0.08250000000000002,0.0825,0.0005000000000000004,1.601,1.6320000000000001,1.6178000000000001,1.617,0.0074538580614337095,0.114,0.116,0.11505000000000003,0.115,0.0004974937185533104,0.554,0.5650000000000001,0.56035,0.56,0.002632014437650373,0.082,0.083,0.08255,0.083,0.0004974937185533104,2.74,2.797,2.7670500000000002,2.767,0.013588506172497374,0.228,0.229,0.22805,0.228,0.00021794494717703385,1.441,1.469,1.45475,1.455,0.006275946143809722,0.079,0.08,0.07925,0.079,0.00043301270189221973,32,32,4096,11008,32016,True,1872,1
0.091,0.094,0.09271428571428572,0.093,0.0007648751621051916,0.082,0.083,0.0824,0.082,0.0004898979485566361,1.599,1.633,1.6174,1.6155,0.009931767214348124,0.113,0.116,0.11385,0.114,0.000726291952316698,0.554,0.5660000000000001,0.56025,0.559,0.0037131522995966677,0.082,0.083,0.08220000000000001,0.082,0.00040000000000000034,2.74,2.797,2.7715499999999995,2.767,0.017861900794708306,0.225,0.227,0.22610000000000002,0.226,0.00043588989435406776,1.44,1.469,1.4566500000000002,1.454,0.008247878515109242,0.078,0.08,0.0787,0.079,0.0005567764362830027,32,32,4096,11008,32016,True,1856,1
0.091,0.093,0.09185714285714286,0.092,0.0007095078297976834,0.079,0.08,0.07965000000000001,0.08,0.00047696960070847325,1.598,1.6320000000000001,1.6170999999999995,1.6155,0.011579723658188046,0.112,0.114,0.1131,0.113,0.0006244997998398403,0.555,0.5660000000000001,0.5607000000000001,0.56,0.004100000000000004,0.079,0.08,0.07960000000000002,0.08,0.000489897948556636,2.742,2.797,2.77035,2.77,0.019781999393387952,0.223,0.224,0.22390000000000004,0.224,0.0003000000000000003,1.44,1.469,1.4555000000000002,1.454,0.01063249735480807,0.078,0.079,0.07815000000000001,0.078,0.00035707142142714273,32,32,4096,11008,32016,True,1840,1
0.09,0.092,0.09142857142857144,0.092,0.0007284313590846842,0.078,0.08,0.07965000000000003,0.08,0.0005722761571129803,1.584,1.6320000000000001,1.61735,1.629,0.01708295934549985,0.111,0.113,0.11215000000000001,0.112,0.0004769696007084733,0.549,0.5660000000000001,0.5601999999999999,0.5645,0.0063686733312362685,0.078,0.08,0.07955000000000001,0.08,0.0006689544080129832,2.713,2.7960000000000003,2.77175,2.793,0.030865636231900424,0.221,0.223,0.22195,0.222,0.0004974937185533105,1.426,1.469,1.457,1.468,0.0157384878562078,0.076,0.078,0.07725000000000001,0.077,0.0006224949798994372,32,32,4096,11008,32016,True,1824,1
0.09,0.092,0.09085714285714286,0.091,0.0007095078297976834,0.079,0.08,0.07935,0.079,0.00047696960070847325,1.555,1.572,1.5645000000000002,1.569,0.006917369442208524,0.111,0.115,0.11215000000000004,0.112,0.0008529361054615998,0.558,0.5670000000000001,0.5610500000000002,0.5630000000000001,0.002889204042638736,0.079,0.08,0.07945,0.079,0.0004974937185533104,2.7640000000000002,2.7920000000000003,2.7789499999999996,2.79,0.013135733706192355,0.22,0.221,0.22010000000000002,0.22,0.00030000000000000024,1.453,1.468,1.4617499999999999,1.467,0.0068547428835806865,0.076,0.078,0.0766,0.077,0.0005830951894845307,32,32,4096,11008,32016,True,1808,1
0.088,0.09,0.0891904761904762,0.089,0.0005870870479018078,0.079,0.079,0.07899999999999999,0.079,1.3877787807814457e-17,1.596,1.612,1.6053500000000003,1.6105,0.007157338890956609,0.11,0.111,0.11015,0.11,0.00035707142142714284,0.554,0.559,0.5569,0.5585,0.0023853720883753146,0.078,0.079,0.07885,0.079,0.00035707142142714284,2.781,2.809,2.7972499999999996,2.8080000000000003,0.012778399743316944,0.217,0.219,0.21815,0.218,0.00047696960070847325,1.439,1.454,1.4472999999999998,1.453,0.006611353870426257,0.075,0.077,0.07575000000000001,0.076,0.0005361902647381809,32,32,4096,11008,32016,True,1792,1
0.088,0.09,0.08871428571428572,0.089,0.0006281383789653777,0.078,0.08,0.07909999999999999,0.079,0.00043588989435406776,1.596,1.6280000000000001,1.6143999999999998,1.6145,0.01205985074534509,0.108,0.11,0.10930000000000002,0.109,0.0006403124237432853,0.554,0.5650000000000001,0.56025,0.56,0.004391753636077511,0.078,0.08,0.07894999999999999,0.079,0.0003840572873934307,2.74,2.795,2.7702000000000004,2.7675,0.02201726595197503,0.216,0.217,0.2165,0.2165,0.0005000000000000004,1.439,1.468,1.4567999999999999,1.4585,0.011448143954370953,0.074,0.076,0.07515000000000001,0.075,0.0005722761571129803,32,32,4096,11008,32016,True,1776,1
0.08700000000000001,0.089,0.08814285714285713,0.088,0.0007095078297976792,0.076,0.077,0.07644999999999999,0.076,0.0004974937185533104,1.592,1.627,1.6093,1.6085,0.01092291169972547,0.107,0.111,0.10815000000000001,0.108,0.0008529361054615998,0.554,0.5670000000000001,0.5599,0.56,0.004158124577258362,0.076,0.077,0.07654999999999998,0.077,0.0004974937185533104,2.5260000000000002,2.576,2.5503,2.551,0.017821616088334904,0.214,0.215,0.21410000000000004,0.214,0.00030000000000000024,1.439,1.468,1.45275,1.453,0.010202328165668866,0.07200000000000001,0.073,0.07205000000000002,0.07200000000000001,0.00021794494717703084,32,32,4096,11008,32016,True,1760,1
0.08700000000000001,0.088,0.08733333333333333,0.08700000000000001,0.00047140452079102557,0.075,0.076,0.07585000000000001,0.076,0.00035707142142714284,1.592,1.609,1.5979500000000002,1.594,0.006822572828486341,0.106,0.108,0.10695000000000002,0.107,0.0005894913061275802,0.553,0.56,0.5558000000000001,0.555,0.0024819347291981735,0.075,0.076,0.07575000000000001,0.076,0.0004330127018922197,2.52,2.549,2.5281500000000006,2.523,0.010359898648152817,0.211,0.212,0.21185,0.212,0.00035707142142714284,1.438,1.454,1.4429,1.439,0.006147357155721473,0.07100000000000001,0.07200000000000001,0.0713,0.07100000000000001,0.0004582575694955844,32,32,4096,11008,32016,True,1744,1
0.08600000000000001,0.088,0.087,0.08700000000000001,0.0005345224838248455,0.076,0.077,0.07610000000000001,0.076,0.00030000000000000024,1.487,1.5010000000000001,1.4981000000000002,1.5,0.004794788837894732,0.10400000000000001,0.107,0.1052,0.105,0.0005999999999999992,0.5680000000000001,0.5720000000000001,0.5707500000000001,0.5710000000000001,0.0011779218989389757,0.076,0.077,0.07605000000000002,0.076,0.00021794494717703385,2.553,2.578,2.5736999999999997,2.577,0.00741012820401913,0.21,0.211,0.21054999999999996,0.211,0.0004974937185533105,1.411,1.469,1.4311500000000001,1.428,0.016535643319810726,0.075,0.077,0.0757,0.076,0.0007141428428542857,32,32,4096,11008,32016,True,1728,1
0.084,0.08700000000000001,0.08566666666666667,0.08600000000000001,0.0007126966450997989,0.075,0.076,0.07565000000000002,0.076,0.0004769696007084732,1.456,1.498,1.4830999999999999,1.496,0.015728636304524334,0.10300000000000001,0.105,0.10415,0.10400000000000001,0.0005722761571129752,0.616,0.637,0.6287499999999999,0.6325000000000001,0.007048936089935848,0.075,0.076,0.07565000000000002,0.076,0.0004769696007084732,2.5,2.573,2.54685,2.5715000000000003,0.02909514564321684,0.20800000000000002,0.209,0.20845000000000002,0.20800000000000002,0.0004974937185532966,1.399,1.543,1.4564,1.457,0.036878720151328474,0.074,0.076,0.07485,0.075,0.0006538348415311015,32,32,4096,11008,32016,True,1712,1
0.084,0.08600000000000001,0.08471428571428571,0.085,0.0005471012044321936,0.075,0.076,0.07535,0.075,0.0004769696007084732,1.468,1.496,1.4801,1.482,0.008825531145489196,0.10200000000000001,0.105,0.10325,0.10300000000000001,0.0006224949798994352,0.537,0.548,0.54165,0.542,0.0033207679834640694,0.075,0.076,0.07535,0.075,0.00047696960070847325,2.5220000000000002,2.571,2.54255,2.547,0.01391932110413435,0.20600000000000002,0.20700000000000002,0.2068,0.20700000000000002,0.0004000000000000003,1.313,1.337,1.3223999999999998,1.325,0.0070738956735309794,0.073,0.075,0.07410000000000001,0.074,0.00043588989435406776,32,32,4096,11008,32016,True,1696,1
0.084,0.08700000000000001,0.08500000000000002,0.085,0.0008164965809277267,0.07200000000000001,0.074,0.07289999999999999,0.073,0.0004358898943540635,1.433,1.462,1.4486499999999998,1.448,0.01115470752642131,0.10300000000000001,0.105,0.10335000000000001,0.10300000000000001,0.0005722761571129783,0.538,0.549,0.5439499999999999,0.544,0.004248234927590519,0.073,0.074,0.0731,0.073,0.00030000000000000024,2.5260000000000002,2.575,2.5515999999999996,2.5505000000000004,0.019090311678964172,0.20400000000000001,0.20600000000000002,0.20500000000000002,0.20500000000000002,0.00044721359549995833,1.314,1.339,1.3265000000000002,1.326,0.009615092303249102,0.073,0.074,0.07329999999999999,0.073,0.00045825756949558437,32,32,4096,11008,32016,True,1680,1
0.083,0.084,0.08352380952380953,0.084,0.0004994327848429299,0.07200000000000001,0.073,0.07255,0.073,0.0004974937185533034,1.463,1.496,1.4817,1.4815,0.008860586888011418,0.1,0.10200000000000001,0.10110000000000001,0.101,0.00043588989435406776,0.533,0.542,0.5378000000000002,0.538,0.0024413111231467426,0.07200000000000001,0.074,0.07289999999999999,0.073,0.00043588989435406353,2.512,2.567,2.5429500000000003,2.5435,0.01396594071303472,0.202,0.203,0.2024,0.202,0.000489897948556636,1.294,1.319,1.30595,1.306,0.006681878478392132,0.07100000000000001,0.073,0.07170000000000001,0.07200000000000001,0.0005567764362830011,32,32,4096,11008,32016,True,1664,1
0.082,0.084,0.08280952380952382,0.083,0.0006632565846278158,0.07200000000000001,0.073,0.07239999999999999,0.07200000000000001,0.0004898979485566293,1.478,1.495,1.48685,1.491,0.006813772816876152,0.1,0.10200000000000001,0.10025000000000002,0.1,0.0005361902647381809,0.535,0.542,0.53865,0.5385,0.0023722352328552935,0.07200000000000001,0.073,0.07270000000000001,0.073,0.00045825756949557803,2.5380000000000003,2.571,2.5564,2.5585,0.010772186407596116,0.2,0.201,0.20075000000000004,0.201,0.0004330127018922198,1.305,1.32,1.31295,1.3175,0.00623277626744295,0.07,0.07100000000000001,0.0709,0.07100000000000001,0.00030000000000000024,32,32,4096,11008,32016,True,1648,1
0.08,0.083,0.08180952380952382,0.082,0.0007315376902732014,0.07100000000000001,0.073,0.07225000000000001,0.07200000000000001,0.0005361902647381749,1.449,1.493,1.4795,1.4795,0.013525901079040918,0.099,0.1,0.09940000000000002,0.099,0.0004898979485566361,0.485,0.496,0.4927999999999999,0.4935,0.003140063693621519,0.07100000000000001,0.073,0.07245000000000001,0.07250000000000001,0.0005894913061275738,2.488,2.568,2.54325,2.5415,0.026162712015385607,0.198,0.199,0.19879999999999998,0.199,0.0004000000000000004,1.192,1.225,1.2159000000000002,1.2155,0.010788419717456319,0.07100000000000001,0.073,0.07210000000000003,0.07200000000000001,0.0004358898943540634,32,32,4096,11008,32016,True,1632,1
0.08,0.082,0.08123809523809525,0.081,0.000525969572247013,0.07200000000000001,0.07200000000000001,0.07200000000000002,0.07200000000000001,1.3877787807814457e-17,1.462,1.491,1.4741000000000002,1.4765000000000001,0.00816026960338936,0.098,0.099,0.09845,0.098,0.0004974937185533104,0.486,0.495,0.48975,0.49,0.002717995584985379,0.07200000000000001,0.073,0.07205000000000002,0.07200000000000001,0.00021794494717703084,2.515,2.566,2.5340000000000003,2.537,0.012688577540449464,0.197,0.198,0.19725,0.197,0.00043301270189221973,1.201,1.224,1.2098999999999998,1.2125,0.0062601916903558125,0.07100000000000001,0.07200000000000001,0.0714,0.07100000000000001,0.0004898979485566361,32,32,4096,11008,32016,True,1616,1
0.079,0.082,0.08066666666666666,0.081,0.0006424160744396214,0.07100000000000001,0.073,0.07210000000000001,0.07200000000000001,0.00043588989435406353,1.476,1.493,1.4886999999999997,1.491,0.005109794516416494,0.097,0.1,0.09780000000000001,0.098,0.0007483314773547889,0.489,0.495,0.49325,0.4935,0.001728438601744362,0.07200000000000001,0.073,0.07210000000000001,0.07200000000000001,0.00029999999999999607,2.327,2.353,2.3470500000000003,2.351,0.008291411218845697,0.195,0.196,0.19545000000000004,0.195,0.0004974937185533104,1.212,1.226,1.22225,1.223,0.004133702940463918,0.07,0.07200000000000001,0.0708,0.07100000000000001,0.0006000000000000005,32,32,4096,11008,32016,True,1600,1
0.079,0.081,0.08033333333333334,0.08,0.0005634361698190116,0.069,0.07,0.06955,0.07,0.0004974937185533104,1.487,1.491,1.48955,1.49,0.0009205976319760816,0.096,0.098,0.09685,0.097,0.0005722761571129803,0.491,0.495,0.49319999999999997,0.493,0.0010770329614269018,0.069,0.07,0.06955,0.07,0.0004974937185533104,2.349,2.355,2.3510999999999997,2.3505000000000003,0.0018947295321496138,0.193,0.193,0.193,0.193,0.0,1.221,1.225,1.2230500000000002,1.223,0.0009205976319760959,0.069,0.07100000000000001,0.07015000000000002,0.07,0.0004769696007084732,32,32,4096,11008,32016,True,1584,1
0.078,0.08,0.0793809523809524,0.079,0.000652919485752481,0.069,0.07,0.06915,0.069,0.00035707142142714284,1.336,1.35,1.3453000000000002,1.349,0.005577633906953733,0.096,0.098,0.0965,0.096,0.0006708203932499376,0.489,0.494,0.49239999999999995,0.493,0.0018814887722226799,0.069,0.07,0.06955,0.07,0.0004974937185533104,2.33,2.355,2.3451999999999997,2.352,0.010562196741208736,0.191,0.192,0.19104999999999997,0.191,0.00021794494717703388,1.211,1.223,1.21885,1.2225000000000001,0.00527517772212465,0.069,0.07,0.0693,0.069,0.0004582575694955844,32,32,4096,11008,32016,True,1568,1
0.077,0.08,0.07857142857142857,0.079,0.0006598288790738586,0.068,0.07,0.069,0.069,0.0005477225575051667,1.333,1.349,1.3409499999999999,1.346,0.00665187943366387,0.095,0.097,0.09580000000000002,0.096,0.0005099019513592789,0.487,0.492,0.4894,0.4895,0.002059126028197402,0.068,0.07,0.06899999999999999,0.069,0.0003162277660168382,2.325,2.352,2.3373999999999997,2.3369999999999997,0.011341957503006237,0.188,0.19,0.1892,0.189,0.0005099019513592789,1.209,1.222,1.2155,1.2135,0.005554277630799531,0.068,0.07,0.06875,0.069,0.0006224949798994371,32,32,4096,11008,32016,True,1552,1
0.077,0.078,0.07771428571428572,0.078,0.00045175395145262605,0.068,0.069,0.0685,0.0685,0.0005000000000000004,1.333,1.346,1.33565,1.3345,0.0035954832776693775,0.094,0.095,0.09445,0.094,0.0004974937185533104,0.491,0.498,0.49334999999999984,0.493,0.001651514456491376,0.068,0.069,0.06885,0.069,0.0003570714214271428,2.281,2.305,2.28435,2.282,0.006582362797658611,0.187,0.188,0.18765,0.188,0.0004769696007084732,1.214,1.226,1.21615,1.215,0.0033357907608241675,0.067,0.068,0.06749999999999999,0.0675,0.0005000000000000004,32,32,4096,11008,32016,True,1536,1
0.076,0.078,0.07676190476190475,0.077,0.0006834619092574922,0.068,0.069,0.06835000000000001,0.068,0.00047696960070847314,1.333,1.348,1.3387499999999999,1.3355000000000001,0.005566641716510989,0.093,0.095,0.09315,0.093,0.0004769696007084733,0.493,0.498,0.49449999999999994,0.494,0.0016881943016134146,0.068,0.069,0.06849999999999999,0.0685,0.0005000000000000004,2.2760000000000002,2.306,2.2874000000000003,2.282,0.010331505214633548,0.185,0.187,0.18605,0.186,0.0004974937185533105,1.215,1.227,1.2186500000000002,1.216,0.004788266909853721,0.066,0.068,0.06670000000000001,0.067,0.0005567764362830027,32,32,4096,11008,32016,True,1520,1
0.075,0.076,0.07557142857142858,0.076,0.0004948716593053939,0.065,0.066,0.06595000000000002,0.066,0.00021794494717703388,1.333,1.335,1.3342999999999998,1.334,0.0006403124237432594,0.091,0.094,0.09205,0.092,0.0006689544080129832,0.492,0.494,0.49260000000000004,0.493,0.0005830951894845307,0.065,0.066,0.06595000000000002,0.066,0.00021794494717703388,2.327,2.329,2.3278500000000006,2.328,0.0007262919523167581,0.183,0.183,0.18299999999999997,0.183,2.7755575615628914e-17,1.213,1.217,1.2150500000000002,1.215,0.0008046738469715496,0.065,0.066,0.06570000000000001,0.066,0.0004582575694955844,32,32,4096,11008,32016,True,1504,1
0.074,0.076,0.075,0.075,0.0007559289460184552,0.065,0.066,0.0654,0.065,0.0004898979485566361,1.309,1.335,1.32635,1.333,0.01107373017551,0.091,0.092,0.09109999999999999,0.091,0.00030000000000000024,0.483,0.493,0.48900000000000005,0.49,0.003255764119219944,0.065,0.066,0.06560000000000002,0.066,0.000489897948556636,2.283,2.329,2.3109,2.323,0.01995219286193867,0.18,0.182,0.1809,0.181,0.00043588989435406776,1.191,1.215,1.2059,1.2125,0.010158247880417174,0.064,0.065,0.06484999999999999,0.065,0.0003570714214271428,32,32,4096,11008,32016,True,1488,1
0.073,0.075,0.07404761904761907,0.074,0.0003749527559053247,0.065,0.065,0.06499999999999999,0.065,1.3877787807814457e-17,1.318,1.333,1.32175,1.319,0.005146600819958751,0.089,0.091,0.08970000000000002,0.09,0.0005567764362830027,0.484,0.49,0.48665000000000014,0.486,0.0016815171720800251,0.065,0.066,0.06509999999999999,0.065,0.00030000000000000024,2.3000000000000003,2.323,2.3049999999999997,2.301,0.008660254037844317,0.179,0.179,0.17899999999999996,0.179,2.7755575615628914e-17,1.201,1.212,1.20355,1.202,0.004248234927590491,0.064,0.065,0.06420000000000001,0.064,0.0004000000000000003,32,32,4096,11008,32016,True,1472,1
0.07100000000000001,0.073,0.07247619047619047,0.073,0.0005870870479018013,0.064,0.065,0.06445,0.064,0.0004974937185533104,1.294,1.32,1.3072,1.307,0.006794115100585237,0.088,0.09,0.0889,0.089,0.0006244997998398404,0.435,0.446,0.43920000000000003,0.439,0.0023366642891095865,0.064,0.065,0.06434999999999999,0.064,0.0004769696007084732,2.258,2.303,2.2794999999999996,2.279,0.011901680553602535,0.177,0.178,0.17725,0.177,0.00043301270189221973,1.373,1.4000000000000001,1.3864499999999997,1.387,0.007800480754415107,0.06,0.062,0.0611,0.061,0.0005385164807134509,32,32,4096,11008,32016,True,1456,1
0.07100000000000001,0.073,0.07152380952380953,0.07100000000000001,0.0005870870479018062,0.064,0.065,0.06415000000000001,0.064,0.0003570714214271428,1.192,1.21,1.1990500000000002,1.202,0.005277073052365306,0.08600000000000001,0.088,0.08709999999999998,0.08700000000000001,0.00043588989435406337,0.435,0.44,0.4383,0.439,0.0017635192088548413,0.064,0.065,0.0643,0.064,0.0004582575694955844,2.052,2.073,2.0645999999999995,2.07,0.00845813218151624,0.17500000000000002,0.177,0.1758,0.176,0.000509901951359268,1.373,1.387,1.3822500000000002,1.3865,0.006171507109288593,0.06,0.061,0.06020000000000001,0.06,0.0004000000000000004,32,32,4096,11008,32016,True,1440,1
0.07,0.07200000000000001,0.07119047619047619,0.07100000000000001,0.0004994327848429298,0.061,0.062,0.06185,0.062,0.00035707142142714284,1.19,1.212,1.1985500000000004,1.199,0.006248799884777865,0.08600000000000001,0.08700000000000001,0.08620000000000003,0.08600000000000001,0.0004000000000000003,0.435,0.444,0.43870000000000003,0.439,0.0024310491562286457,0.061,0.062,0.0615,0.0615,0.0005000000000000004,2.051,2.089,2.0640000000000005,2.064,0.010881176406988354,0.17200000000000001,0.17300000000000001,0.17285,0.17300000000000001,0.0003570714214271428,1.373,1.4000000000000001,1.3829999999999998,1.3860000000000001,0.008043631020876104,0.059000000000000004,0.061,0.059899999999999995,0.06,0.0006999999999999979,32,32,4096,11008,32016,True,1424,1
0.069,0.07100000000000001,0.07033333333333333,0.07,0.0005634361698190117,0.061,0.062,0.06119999999999999,0.061,0.00040000000000000034,1.304,1.317,1.3100999999999998,1.3075,0.005673623181001735,0.084,0.085,0.0845,0.0845,0.0005000000000000004,0.439,0.455,0.4457,0.445,0.004594562003064061,0.061,0.062,0.061299999999999986,0.061,0.00045825756949558437,2.0460000000000003,2.068,2.0568000000000004,2.0564999999999998,0.009053176238204959,0.17,0.171,0.17064999999999997,0.171,0.0004769696007084733,1.373,1.387,1.37955,1.374,0.00645348742928967,0.058,0.06,0.059149999999999994,0.059000000000000004,0.0004769696007084707,32,32,4096,11008,32016,True,1408,1
0.069,0.07100000000000001,0.06985714285714287,0.07,0.0006388765649999405,0.06,0.061,0.060799999999999986,0.061,0.0004000000000000004,1.291,1.328,1.30955,1.3090000000000002,0.01150423834940846,0.083,0.085,0.08395,0.084,0.0005894913061275804,0.434,0.456,0.44430000000000003,0.4445,0.006419501538281619,0.06,0.062,0.0611,0.061,0.0004358898943540678,2.028,2.086,2.05595,2.0525,0.017232164692806272,0.169,0.169,0.169,0.169,0.0,1.36,1.4000000000000001,1.3788,1.373,0.01278514763309367,0.057,0.059000000000000004,0.05835,0.058,0.0005722761571129804,32,32,4096,11008,32016,True,1392,1
0.068,0.069,0.06876190476190476,0.069,0.00042591770999996035,0.06,0.061,0.060899999999999996,0.061,0.00030000000000000024,1.3,1.317,1.312,1.3135,0.004878524367060171,0.082,0.084,0.08299999999999999,0.083,0.0003162277660168382,0.435,0.45,0.44250000000000006,0.442,0.004944694126030451,0.061,0.061,0.060999999999999985,0.061,1.3877787807814457e-17,2.05,2.07,2.0660000000000003,2.069,0.006395310782127773,0.167,0.168,0.16765000000000002,0.168,0.0004769696007084732,1.373,1.387,1.38385,1.3860000000000001,0.005322358499763064,0.057,0.059000000000000004,0.057600000000000005,0.0575,0.0006633249580710806,32,32,4096,11008,32016,True,1376,1
0.067,0.069,0.06833333333333333,0.068,0.0005634361698190116,0.06,0.061,0.06069999999999999,0.061,0.0004582575694955844,1.188,1.211,1.1978999999999997,1.199,0.007608547824650935,0.082,0.084,0.08295,0.083,0.0005894913061275805,0.431,0.444,0.43825000000000003,0.439,0.0038062448686336544,0.06,0.061,0.060849999999999994,0.061,0.00035707142142714284,2.049,2.092,2.0649500000000005,2.068,0.013320942158871573,0.166,0.167,0.1662,0.166,0.00040000000000000034,1.373,1.4000000000000001,1.38345,1.3860000000000001,0.008907721369688244,0.056,0.057,0.05625,0.056,0.00043301270189221973,32,32,4096,11008,32016,True,1360,1
0.067,0.068,0.06761904761904763,0.068,0.00048562090605645613,0.058,0.058,0.05800000000000001,0.058,6.938893903907228e-18,1.187,1.2,1.1945000000000001,1.198,0.005324471804789633,0.081,0.083,0.082,0.082,0.00044721359549995833,0.435,0.441,0.4382,0.439,0.0022715633383201114,0.057,0.058,0.057950000000000015,0.058,0.00021794494717703385,2.047,2.067,2.0595000000000003,2.066,0.00862844134244413,0.162,0.164,0.16350000000000003,0.164,0.0005916079783099622,1.372,1.3860000000000001,1.3809500000000001,1.385,0.0059537803117011455,0.055,0.056,0.055700000000000006,0.056,0.0004582575694955844,32,32,4096,11008,32016,True,1344,1
0.066,0.067,0.06676190476190476,0.067,0.00042591770999996035,0.057,0.058,0.05790000000000001,0.058,0.0003000000000000003,1.186,1.198,1.1956,1.197,0.00404227658628155,0.081,0.082,0.08114999999999999,0.081,0.00035707142142714284,0.431,0.439,0.43489999999999995,0.434,0.002754995462791185,0.057,0.058,0.05790000000000001,0.058,0.0003000000000000003,2.0460000000000003,2.066,2.0624499999999997,2.065,0.006599052962357455,0.16,0.161,0.16095,0.161,0.00021794494717703385,1.372,1.3860000000000001,1.3826000000000005,1.385,0.005063595560468854,0.054,0.055,0.054700000000000006,0.055,0.0004582575694955844,32,32,4096,11008,32016,True,1328,1
0.064,0.067,0.06576190476190479,0.066,0.0006098213559459861,0.058,0.059000000000000004,0.05805000000000001,0.058,0.00021794494717703385,1.184,1.198,1.1931999999999998,1.197,0.005249761899362715,0.079,0.081,0.08005000000000001,0.08,0.00038405728739343076,0.431,0.438,0.43475,0.435,0.0022107690969434164,0.057,0.058,0.05785000000000001,0.058,0.00035707142142714284,2.044,2.066,2.0582499999999997,2.065,0.009218866524687192,0.159,0.16,0.1594,0.159,0.000489897948556636,1.372,1.385,1.3799500000000005,1.385,0.006200604809210103,0.053,0.054,0.05395000000000001,0.054,0.00021794494717703385,32,32,4096,11008,32016,True,1312,1
0.064,0.066,0.06509523809523808,0.065,0.000525969572247013,0.057,0.058,0.05770000000000001,0.058,0.00045825756949558437,1.183,1.196,1.1933500000000001,1.195,0.003965791219920693,0.079,0.08,0.0795,0.0795,0.0005000000000000004,0.427,0.437,0.43274999999999997,0.433,0.002896118091514919,0.057,0.058,0.057550000000000004,0.058,0.0004974937185533104,2.041,2.062,2.0566500000000003,2.06,0.007471780243021,0.157,0.159,0.15799999999999997,0.158,0.0003162277660168382,1.371,1.3840000000000001,1.3815000000000002,1.3840000000000001,0.0049142649501222845,0.053,0.054,0.053200000000000004,0.053,0.0004000000000000003,32,32,4096,11008,32016,True,1296,1
0.065,0.066,0.0654761904761905,0.065,0.0004994327848429298,0.058,0.058,0.05800000000000001,0.058,6.938893903907228e-18,1.076,1.088,1.08,1.078,0.004312771730569561,0.081,0.083,0.08195000000000001,0.082,0.0005894913061275804,0.372,0.376,0.37324999999999997,0.373,0.0015451537140362458,0.058,0.059000000000000004,0.058100000000000006,0.058,0.00030000000000000024,2.005,2.029,2.01335,2.009,0.008481008194784392,0.156,0.157,0.15695,0.157,0.00021794494717703385,0.9440000000000001,0.9540000000000001,0.9463999999999999,0.9450000000000001,0.0037067505985701305,0.055,0.057,0.05595,0.056,0.0003840572873934307,32,32,4096,11008,32016,True,1280,1
0.063,0.066,0.06452380952380954,0.065,0.0006632565846278158,0.057,0.058,0.057550000000000004,0.058,0.0004974937185533105,1.066,1.077,1.0705999999999996,1.067,0.004872371086031927,0.08,0.081,0.0807,0.081,0.0004582575694955844,0.432,0.441,0.43710000000000004,0.437,0.00301496268633627,0.057,0.058,0.057499999999999996,0.0575,0.0005000000000000004,1.983,2.008,1.9950499999999998,1.9895,0.009441795380117057,0.154,0.156,0.15504999999999997,0.155,0.0004974937185533105,0.934,0.9450000000000001,0.9386000000000001,0.935,0.00452106182218293,0.055,0.056,0.0553,0.055,0.0004582575694955844,32,32,4096,11008,32016,True,1264,1
0.063,0.065,0.06352380952380952,0.063,0.0005870870479018079,0.055,0.056,0.055200000000000006,0.055,0.00040000000000000034,1.056,1.076,1.0674,1.066,0.007179136438319018,0.079,0.08,0.07930000000000001,0.079,0.0004582575694955844,0.379,0.389,0.38505000000000006,0.3855,0.002836811590500859,0.054,0.055,0.05495,0.055,0.0002179449471770339,1.963,2.007,1.9878,1.9875,0.014948578527739717,0.151,0.152,0.15170000000000003,0.152,0.0004582575694955845,0.926,0.9440000000000001,0.9365,0.935,0.006515366451704776,0.054,0.055,0.054900000000000004,0.055,0.0003000000000000003,32,32,4096,11008,32016,True,1248,1
0.062,0.063,0.06266666666666665,0.063,0.0004714045207910321,0.054,0.055,0.054900000000000004,0.055,0.0003000000000000003,1.099,1.112,1.1059999999999999,1.11,0.0052725705305856334,0.074,0.076,0.07465,0.075,0.0005722761571129803,0.378,0.387,0.38245,0.383,0.0024994999499899995,0.055,0.055,0.05500000000000001,0.055,6.938893903907228e-18,1.868,1.887,1.8789500000000001,1.885,0.00856431550096096,0.15,0.15,0.14999999999999997,0.15,2.7755575615628914e-17,0.935,0.9450000000000001,0.94045,0.9440000000000001,0.004364344166080402,0.053,0.055,0.0538,0.054,0.0006000000000000006,32,32,4096,11008,32016,True,1232,1
0.061,0.063,0.061809523809523814,0.062,0.0004994327848429298,0.054,0.055,0.05445,0.054,0.0004974937185533104,1.089,1.11,1.0963,1.0995,0.005992495306631471,0.073,0.075,0.07339999999999999,0.073,0.0005830951894845307,0.374,0.384,0.37895,0.3795,0.002974474743547172,0.054,0.055,0.0543,0.054,0.00045825756949558437,1.849,1.885,1.8618499999999998,1.8675000000000002,0.011199441950383098,0.148,0.149,0.14825000000000002,0.148,0.00043301270189221973,0.926,0.9440000000000001,0.9320999999999999,0.9345000000000001,0.0057436921923097566,0.052000000000000005,0.054,0.05305000000000001,0.053,0.000497493718553309,32,32,4096,11008,32016,True,1216,1
0.06,0.062,0.06119047619047618,0.061,0.0004994327848429298,0.054,0.055,0.054200000000000005,0.054,0.0004000000000000003,1.089,1.111,1.0978,1.099,0.00832225930862531,0.07200000000000001,0.073,0.07205000000000002,0.07200000000000001,0.00021794494717703084,0.372,0.384,0.37814999999999993,0.378,0.003320767983464069,0.054,0.055,0.0541,0.054,0.00030000000000000024,1.849,1.8860000000000001,1.8642999999999996,1.867,0.013491108182799532,0.147,0.148,0.14709999999999995,0.147,0.0003000000000000003,0.925,0.9440000000000001,0.9325999999999999,0.934,0.00692387174924551,0.052000000000000005,0.053,0.05220000000000001,0.052000000000000005,0.0003999999999999976,32,32,4096,11008,32016,True,1200,1
0.059000000000000004,0.062,0.06004761904761905,0.06,0.0005753831415997409,0.053,0.054,0.05385000000000001,0.054,0.00035707142142714284,1.078,1.1,1.0926500000000001,1.099,0.008241814120689694,0.07,0.07200000000000001,0.07115,0.07100000000000001,0.0004769696007084733,0.365,0.378,0.37374999999999997,0.3755,0.004205650960315184,0.053,0.054,0.053750000000000006,0.054,0.0004330127018922197,1.832,1.87,1.8564999999999998,1.8665,0.014023195071024288,0.14400000000000002,0.146,0.1451,0.145,0.0005385164807134452,0.917,0.935,0.9285500000000001,0.934,0.007351700483561615,0.051000000000000004,0.052000000000000005,0.051400000000000015,0.051000000000000004,0.0004898979485566361,32,32,4096,11008,32016,True,1184,1
0.058,0.06,0.05885714285714286,0.059000000000000004,0.000466569474815843,0.051000000000000004,0.052000000000000005,0.051550000000000006,0.052000000000000005,0.0004974937185533105,1.087,1.099,1.09395,1.0975000000000001,0.005024689045105167,0.07,0.07100000000000001,0.07025,0.07,0.0004330127018922198,0.368,0.378,0.37355,0.374,0.0030899029110960778,0.051000000000000004,0.052000000000000005,0.051250000000000004,0.051000000000000004,0.0004330127018922198,1.848,1.867,1.8592,1.8655,0.00846522297402734,0.14100000000000001,0.14200000000000002,0.14185,0.14200000000000002,0.0003570714214271428,0.925,0.935,0.9304500000000001,0.934,0.004352872614722379,0.05,0.051000000000000004,0.05065000000000001,0.051000000000000004,0.0004769696007084733,32,32,4096,11008,32016,True,1168,1
0.058,0.061,0.05928571428571428,0.059000000000000004,0.000699854212223763,0.051000000000000004,0.052000000000000005,0.051600000000000014,0.052000000000000005,0.000489897948556636,0.937,0.9470000000000001,0.9424000000000003,0.9455,0.00411582312545134,0.073,0.075,0.07309999999999998,0.073,0.0004358898943540677,0.37,0.377,0.3737,0.374,0.0027221315177632425,0.051000000000000004,0.052000000000000005,0.05150000000000001,0.051500000000000004,0.0005000000000000004,1.865,1.885,1.8759000000000001,1.8825,0.00862496376803983,0.14,0.14100000000000001,0.14010000000000003,0.14,0.00030000000000000024,0.935,0.9440000000000001,0.9399000000000001,0.9435,0.004437341546466762,0.049,0.051000000000000004,0.05000000000000001,0.05,0.00044721359549995833,32,32,4096,11008,32016,True,1152,1
0.057,0.059000000000000004,0.05795238095238096,0.058,0.000652919485752481,0.051000000000000004,0.051000000000000004,0.05100000000000001,0.051000000000000004,6.938893903907228e-18,0.917,0.935,0.9286999999999999,0.9335,0.006473793323855812,0.07100000000000001,0.073,0.07200000000000002,0.07200000000000001,0.00031622776601683604,0.363,0.373,0.36945,0.3715,0.0032630507198019494,0.051000000000000004,0.052000000000000005,0.05110000000000001,0.051000000000000004,0.0003000000000000003,1.826,1.866,1.8509500000000003,1.862,0.01425999649368823,0.138,0.139,0.13820000000000002,0.138,0.0004000000000000003,0.916,0.934,0.9281,0.934,0.007027801932325646,0.049,0.05,0.04940000000000001,0.049,0.0004898979485566361,32,32,4096,11008,32016,True,1136,1
0.057,0.059000000000000004,0.057619047619047625,0.058,0.000575383141599742,0.051000000000000004,0.051000000000000004,0.05100000000000001,0.051000000000000004,6.938893903907228e-18,0.935,0.9440000000000001,0.94015,0.9430000000000001,0.004077683165720459,0.07,0.07100000000000001,0.07095,0.07100000000000001,0.00021794494717703385,0.366,0.374,0.36965,0.369,0.002987892233665735,0.051000000000000004,0.051000000000000004,0.05100000000000001,0.051000000000000004,6.938893903907228e-18,1.651,1.667,1.6597000000000002,1.666,0.007383088784512833,0.137,0.138,0.13735000000000003,0.137,0.00047696960070847325,0.934,0.9440000000000001,0.93915,0.9430000000000001,0.004574658457196563,0.048,0.049,0.04855000000000001,0.049,0.0004974937185533104,32,32,4096,11008,32016,True,1120,1
0.055,0.057,0.056333333333333326,0.056,0.0007126966450997991,0.05,0.051000000000000004,0.05075,0.051000000000000004,0.0004330127018922198,0.926,0.9440000000000001,0.9352500000000002,0.935,0.006243997117231883,0.07,0.07100000000000001,0.07005000000000002,0.07,0.00021794494717703388,0.361,0.377,0.37,0.37,0.004370354676682436,0.05,0.051000000000000004,0.050550000000000005,0.051000000000000004,0.0004974937185533105,1.637,1.667,1.6534000000000002,1.6520000000000001,0.010537551897855582,0.135,0.136,0.13585000000000003,0.136,0.00035707142142714284,0.925,0.9440000000000001,0.9349999999999999,0.9345000000000001,0.006708203932499376,0.047,0.048,0.04785000000000001,0.048,0.00035707142142714284,32,32,4096,11008,32016,True,1104,1
0.055,0.056,0.055809523809523816,0.056,0.00039267672624930137,0.048,0.049,0.04810000000000001,0.048,0.0003000000000000003,0.924,0.9420000000000001,0.9311,0.9335,0.0062201286160336,0.069,0.07,0.06915,0.069,0.00035707142142714284,0.365,0.374,0.36895,0.368,0.0022017038856304016,0.048,0.049,0.04805000000000001,0.048,0.00021794494717703385,1.6340000000000001,1.665,1.6451999999999998,1.6485,0.010966312051004195,0.132,0.133,0.13215000000000005,0.132,0.0003570714214271428,0.925,0.9430000000000001,0.9314,0.934,0.006406246951218793,0.047,0.048,0.04725000000000001,0.047,0.0004330127018922198,32,32,4096,11008,32016,True,1088,1
0.054,0.056,0.055142857142857146,0.055,0.0005593971487843209,0.048,0.049,0.04810000000000001,0.048,0.0003000000000000003,0.929,0.9420000000000001,0.9339999999999999,0.9325000000000001,0.0037416573867739447,0.068,0.069,0.06875,0.069,0.00043301270189221973,0.365,0.376,0.36925,0.368,0.0034332928800205817,0.047,0.048,0.047950000000000007,0.048,0.00021794494717703385,1.6480000000000001,1.666,1.6532,1.6500000000000001,0.006682813778641409,0.13,0.131,0.13024999999999998,0.13,0.0004330127018922198,0.933,0.9430000000000001,0.9357,0.934,0.0036619666847201144,0.046,0.047,0.04635000000000001,0.046,0.0004769696007084732,32,32,4096,11008,32016,True,1072,1
0.053,0.055,0.05423809523809524,0.054,0.000525969572247013,0.047,0.048,0.047950000000000007,0.048,0.00021794494717703385,0.931,0.9410000000000001,0.9331499999999998,0.932,0.0031823733281939152,0.067,0.068,0.0678,0.068,0.0004000000000000003,0.369,0.379,0.37320000000000003,0.373,0.0024819347291981735,0.048,0.048,0.04800000000000001,0.048,6.938893903907228e-18,1.6480000000000001,1.665,1.6513000000000002,1.649,0.005158488150611577,0.128,0.129,0.1288,0.129,0.0004000000000000003,0.933,0.9430000000000001,0.9347000000000001,0.934,0.0027946377224964264,0.045,0.046,0.04565000000000001,0.046,0.0004769696007084732,32,32,4096,11008,32016,True,1056,1
0.052000000000000005,0.054,0.0530952380952381,0.053,0.0005259695722470116,0.047,0.048,0.04725000000000001,0.047,0.0004330127018922198,0.92,0.93,0.92255,0.921,0.0033834154341434368,0.066,0.068,0.06704999999999998,0.067,0.0003840572873934307,0.367,0.375,0.3702,0.37,0.0021817424229271447,0.047,0.048,0.04715000000000001,0.047,0.00035707142142714273,1.6300000000000001,1.647,1.6346,1.631,0.006829348431585564,0.127,0.128,0.12704999999999997,0.127,0.00021794494717703388,0.924,0.933,0.9259999999999999,0.924,0.0035355339059327403,0.045,0.046,0.04505000000000001,0.045,0.00021794494717703385,32,32,4096,11008,32016,True,1040,1
0.051000000000000004,0.053,0.05204761904761906,0.052000000000000005,0.00048562090605645423,0.046,0.047,0.04685000000000001,0.047,0.00035707142142714284,0.871,0.881,0.8735500000000002,0.8714999999999999,0.0036942522924131786,0.065,0.067,0.06615000000000001,0.066,0.0004769696007084732,0.36,0.364,0.36129999999999995,0.3605,0.0016462077633154345,0.046,0.047,0.046950000000000006,0.047,0.00021794494717703385,1.685,1.703,1.6911,1.687,0.007013558298039595,0.125,0.126,0.12585,0.126,0.0003570714214271428,0.917,0.926,0.9200499999999998,0.918,0.003917588543989789,0.043000000000000003,0.045,0.04390000000000001,0.044,0.000624499799839838,32,32,4096,11008,32016,True,1024,1
0.051000000000000004,0.053,0.05195238095238096,0.052000000000000005,0.00037495275590532375,0.046,0.047,0.04665000000000001,0.047,0.00047696960070847325,0.871,0.88,0.8756,0.8775,0.004054626986542662,0.065,0.066,0.0655,0.0655,0.0005000000000000004,0.36,0.365,0.36204999999999987,0.362,0.0019098429254784297,0.047,0.047,0.04700000000000001,0.047,6.938893903907228e-18,1.684,1.705,1.6946,1.7,0.00774209274033838,0.125,0.125,0.125,0.125,0.0,0.918,0.927,0.9225999999999999,0.926,0.004176122603564224,0.043000000000000003,0.044,0.04360000000000001,0.044,0.0004898979485566326,32,32,4096,11008,32016,True,1016,1
0.051000000000000004,0.052000000000000005,0.05166666666666667,0.052000000000000005,0.000471404520791032,0.044,0.045,0.04410000000000001,0.044,0.0003000000000000003,0.87,0.879,0.8731,0.871,0.003793415347678135,0.064,0.065,0.06470000000000001,0.065,0.0004582575694955844,0.36,0.364,0.36099999999999993,0.36,0.0015491933384829681,0.044,0.045,0.04435000000000001,0.044,0.0004769696007084732,1.683,1.701,1.6889499999999997,1.684,0.007074425771749988,0.122,0.124,0.1226,0.123,0.0005830951894845307,0.917,0.926,0.9196500000000001,0.917,0.004053085244600714,0.042,0.044,0.043100000000000006,0.043000000000000003,0.0004358898943540656,32,32,4096,11008,32016,True,1008,1
0.05,0.051000000000000004,0.050619047619047626,0.051000000000000004,0.0004856209060564561,0.043000000000000003,0.045,0.044000000000000004,0.044,0.0003162277660168371,0.86,0.869,0.8661,0.868,0.0030967725134404076,0.064,0.065,0.06415000000000001,0.064,0.0003570714214271428,0.356,0.36,0.35835,0.359,0.0012757350822173083,0.044,0.044,0.044000000000000004,0.044,6.938893903907228e-18,1.666,1.686,1.68095,1.684,0.0066217444831404145,0.121,0.122,0.12110000000000001,0.121,0.00030000000000000024,0.908,0.917,0.9149500000000002,0.917,0.0035563323804166597,0.042,0.044,0.04265000000000001,0.043000000000000003,0.0006538348415311002,32,32,4096,11008,32016,True,1000,1
0.05,0.051000000000000004,0.05023809523809525,0.05,0.00042591770999996035,0.043000000000000003,0.044,0.04385000000000001,0.044,0.00035707142142714035,0.86,0.87,0.8640000000000001,0.864,0.0038729833462074204,0.063,0.064,0.0634,0.063,0.0004898979485566361,0.355,0.359,0.3574,0.3575,0.0016248076809271936,0.044,0.045,0.044050000000000006,0.044,0.00021794494717703385,1.666,1.685,1.67625,1.6764999999999999,0.008227241335952203,0.11900000000000001,0.12,0.11995000000000003,0.12,0.00021794494717703087,0.908,0.917,0.9128500000000003,0.916,0.004396305266925858,0.042,0.043000000000000003,0.04210000000000001,0.042,0.0003000000000000003,32,32,4096,11008,32016,True,992,1
0.049,0.051000000000000004,0.05014285714285715,0.05,0.0005593971487843209,0.044,0.044,0.044000000000000004,0.044,6.938893903907228e-18,0.869,0.878,0.8707999999999998,0.87,0.0020639767440550315,0.062,0.064,0.063,0.063,0.00044721359549995833,0.33,0.336,0.3325,0.3325,0.001284523257866514,0.044,0.045,0.044050000000000006,0.044,0.00021794494717703388,1.68,1.697,1.6827999999999999,1.681,0.004728636167014769,0.11900000000000001,0.12,0.11930000000000003,0.11900000000000001,0.00045825756949557803,0.917,0.926,0.9184999999999999,0.917,0.0031701734968294744,0.041,0.042,0.04185000000000001,0.042,0.00035707142142714284,32,32,4096,11008,32016,True,984,1
0.048,0.05,0.04966666666666667,0.05,0.0005634361698190115,0.044,0.044,0.044000000000000004,0.044,6.938893903907228e-18,0.869,0.87,0.8699,0.87,0.00030000000000000024,0.061,0.063,0.0619,0.062,0.0004358898943540678,0.33,0.335,0.33220000000000005,0.332,0.001166190378969061,0.044,0.044,0.044000000000000004,0.044,6.938893903907228e-18,1.679,1.684,1.6808,1.681,0.0011224972160321933,0.11800000000000001,0.11900000000000001,0.11855,0.11900000000000001,0.0004974937185533104,0.916,0.917,0.9169500000000003,0.917,0.00021794494717703385,0.041,0.042,0.04145000000000001,0.041,0.0004974937185533104,32,32,4096,11008,32016,True,976,1
0.048,0.05,0.04942857142857144,0.05,0.0006598288790738587,0.043000000000000003,0.044,0.04395,0.044,0.00021794494717703236,0.869,0.879,0.8725999999999999,0.8705,0.0036249137920783747,0.061,0.063,0.06205000000000001,0.062,0.00038405728739343076,0.34700000000000003,0.355,0.3500500000000001,0.35000000000000003,0.00193584606826058,0.043000000000000003,0.044,0.043500000000000004,0.0435,0.0004999999999999969,1.679,1.697,1.6854,1.681,0.007137226352022214,0.117,0.11800000000000001,0.11794999999999997,0.11800000000000001,0.00021794494717703385,0.917,0.926,0.9201499999999998,0.917,0.004292726406376259,0.041,0.042,0.04110000000000001,0.041,0.0003000000000000003,32,32,4096,11008,32016,True,968,1
0.048,0.049,0.04890476190476191,0.049,0.0002935435239509039,0.044,0.044,0.044000000000000004,0.044,6.938893903907228e-18,0.769,0.773,0.7701,0.77,0.0008306623862918084,0.061,0.063,0.061250000000000006,0.061,0.0005361902647381809,0.295,0.3,0.29710000000000003,0.297,0.0015132745950421568,0.044,0.044,0.044000000000000004,0.044,6.938893903907228e-18,1.448,1.451,1.4493500000000001,1.4495,0.000963068014212921,0.117,0.11800000000000001,0.11710000000000001,0.117,0.00030000000000000024,0.925,0.925,0.9250000000000002,0.925,1.1102230246251565e-16,0.04,0.041,0.04075000000000001,0.041,0.00043301270189221973,32,32,4096,11008,32016,True,960,1
0.048,0.049,0.048619047619047624,0.049,0.0004856209060564561,0.043000000000000003,0.044,0.0437,0.044,0.0004582575694955812,0.76,0.779,0.7664500000000001,0.7665,0.004984726672546855,0.06,0.061,0.0602,0.06,0.00040000000000000034,0.292,0.302,0.2953,0.295,0.002511971337416096,0.043000000000000003,0.044,0.0437,0.044,0.0004582575694955812,1.423,1.463,1.4373,1.436,0.01044557322505569,0.116,0.117,0.11674999999999999,0.117,0.0004330127018922197,0.909,0.935,0.91845,0.917,0.0078068879843379395,0.04,0.041,0.04035000000000001,0.04,0.0004769696007084732,32,32,4096,11008,32016,True,952,1
0.047,0.049,0.04852380952380953,0.049,0.0006632565846278159,0.043000000000000003,0.044,0.04335000000000001,0.043000000000000003,0.00047696960070846994,0.765,0.774,0.76895,0.767,0.003216753021293369,0.06,0.061,0.06015,0.06,0.00035707142142714284,0.292,0.298,0.29525,0.2955,0.0016695807857064014,0.043000000000000003,0.044,0.043500000000000004,0.0435,0.0004999999999999969,1.433,1.449,1.44105,1.4409999999999998,0.006224748990923272,0.116,0.117,0.11605000000000003,0.116,0.00021794494717703385,0.916,0.926,0.9205000000000002,0.917,0.004189272013130686,0.039,0.041,0.04005000000000001,0.04,0.00038405728739343076,32,32,4096,11008,32016,True,944,1
0.047,0.049,0.048047619047619054,0.048,0.0004856209060564562,0.043000000000000003,0.044,0.04335000000000001,0.043000000000000003,0.0004769696007084699,0.769,0.77,0.7694000000000001,0.769,0.000489897948556636,0.059000000000000004,0.06,0.05954999999999999,0.06,0.0004974937185533069,0.295,0.301,0.2984,0.299,0.0021307275752662537,0.043000000000000003,0.044,0.0432,0.043000000000000003,0.00039999999999999763,1.444,1.448,1.44635,1.447,0.0012359207094308309,0.115,0.116,0.11570000000000003,0.116,0.0004582575694955844,0.925,0.926,0.9256999999999997,0.926,0.0004582575694955845,0.039,0.04,0.039150000000000004,0.039,0.00035707142142714284,32,32,4096,11008,32016,True,936,1
0.047,0.048,0.04780952380952382,0.048,0.00039267672624930137,0.043000000000000003,0.044,0.043100000000000006,0.043000000000000003,0.0002999999999999982,0.771,0.774,0.7719,0.772,0.0007681145747868616,0.058,0.061,0.05904999999999999,0.059000000000000004,0.0005894913061275786,0.293,0.298,0.29499999999999993,0.294,0.0014832396974191339,0.043000000000000003,0.044,0.04305000000000001,0.043000000000000003,0.00021794494717703236,1.445,1.448,1.4462,1.446,0.0010295630140986793,0.114,0.115,0.11460000000000004,0.115,0.000489897948556636,0.925,0.926,0.92515,0.925,0.00035707142142714284,0.039,0.04,0.039200000000000006,0.039,0.0004000000000000003,32,32,4096,11008,32016,True,928,1
0.046,0.048,0.04738095238095239,0.047,0.0006529194857524808,0.04,0.041,0.04095000000000001,0.041,0.00021794494717703385,0.767,0.768,0.7679500000000001,0.768,0.00021794494717703385,0.058,0.059000000000000004,0.05845,0.058,0.0004974937185533105,0.292,0.298,0.29394999999999993,0.294,0.0014309088021254195,0.04,0.041,0.04095000000000001,0.041,0.00021794494717703385,1.443,1.447,1.4456000000000002,1.446,0.0009165151389911519,0.111,0.112,0.11145000000000002,0.111,0.0004974937185533104,0.925,0.926,0.9251000000000001,0.925,0.0003000000000000003,0.038,0.039,0.038400000000000004,0.038,0.000489897948556636,32,32,4096,11008,32016,True,920,1
0.046,0.047,0.046904761904761914,0.047,0.00029354352395090394,0.04,0.041,0.040650000000000006,0.041,0.0004769696007084733,0.764,0.772,0.7687999999999999,0.77,0.0027676705006196116,0.057,0.059000000000000004,0.058100000000000006,0.058,0.00043588989435406776,0.28700000000000003,0.295,0.2912,0.291,0.0023151673805580342,0.04,0.041,0.04080000000000001,0.041,0.00040000000000000034,1.43,1.445,1.4401,1.443,0.005467174773134699,0.11,0.111,0.11025,0.11,0.0004330127018922198,0.916,0.925,0.9226500000000002,0.925,0.0037185346576306135,0.038,0.039,0.03830000000000001,0.038,0.0004582575694955844,32,32,4096,11008,32016,True,912,1
0.045,0.047,0.04657142857142858,0.047,0.0005832118435198048,0.04,0.041,0.04035000000000001,0.04,0.0004769696007084732,0.758,0.771,0.7644499999999999,0.764,0.004663421490708301,0.057,0.058,0.05715,0.057,0.00035707142142714284,0.28600000000000003,0.293,0.2899,0.29,0.00218860686282391,0.04,0.041,0.04055000000000001,0.041,0.0004974937185533104,1.42,1.444,1.4334000000000002,1.4325,0.008777243302996698,0.109,0.11,0.10955,0.11,0.0004974937185533104,0.908,0.925,0.9175000000000001,0.916,0.006734240862933258,0.038,0.039,0.03815,0.038,0.00035707142142714284,32,32,4096,11008,32016,True,904,1
0.045,0.047,0.04585714285714287,0.046,0.0004665694748158439,0.04,0.041,0.04010000000000001,0.04,0.0003000000000000003,0.762,0.771,0.7642,0.763,0.002638181191654586,0.056,0.058,0.056999999999999995,0.057,0.0003162277660168382,0.28700000000000003,0.291,0.28855000000000003,0.28800000000000003,0.0011608186766243693,0.04,0.041,0.04050000000000001,0.0405,0.0005000000000000006,1.428,1.443,1.4312999999999998,1.43,0.004001249804748516,0.109,0.109,0.10900000000000001,0.109,1.3877787807814457e-17,0.916,0.925,0.9169500000000002,0.916,0.0026921181251943634,0.037,0.038,0.037500000000000006,0.0375,0.0005000000000000006,32,32,4096,11008,32016,True,896,1
0.045,0.047,0.04595238095238096,0.046,0.0003749527559053247,0.04,0.041,0.04010000000000001,0.04,0.0003000000000000003,0.76,0.762,0.7608499999999998,0.761,0.0004769696007084733,0.056,0.057,0.056450000000000014,0.056,0.0004974937185533105,0.28800000000000003,0.292,0.28934999999999994,0.289,0.0010136567466356508,0.04,0.041,0.040400000000000005,0.04,0.000489897948556636,1.427,1.431,1.4289999999999998,1.429,0.0010488088481701524,0.108,0.108,0.10800000000000001,0.108,1.3877787807814457e-17,0.916,0.916,0.916,0.916,0.0,0.037,0.038,0.03715,0.037,0.00035707142142714284,32,32,4096,11008,32016,True,888,1
0.044,0.046,0.04547619047619048,0.046,0.0005870870479018079,0.04,0.041,0.04010000000000001,0.04,0.0003000000000000003,0.769,0.77,0.7694500000000001,0.769,0.0004974937185533104,0.055,0.056,0.055900000000000005,0.056,0.0003000000000000003,0.28800000000000003,0.292,0.2895,0.289,0.0011618950038622118,0.04,0.041,0.040400000000000005,0.04,0.000489897948556636,1.439,1.443,1.4410500000000002,1.441,0.0009733961166965977,0.107,0.108,0.10735000000000001,0.107,0.0004769696007084733,0.924,0.925,0.9249500000000002,0.925,0.00021794494717703385,0.037,0.037,0.037000000000000005,0.037,6.938893903907228e-18,32,32,4096,11008,32016,True,880,1
0.044,0.047,0.045095238095238105,0.045,0.0006834619092574923,0.04,0.041,0.04005000000000001,0.04,0.00021794494717703385,0.761,0.77,0.7639000000000001,0.762,0.0034626579386361597,0.055,0.057,0.05600000000000001,0.056,0.0003162277660168382,0.28600000000000003,0.291,0.28789999999999993,0.28700000000000003,0.0015779733838059296,0.04,0.04,0.04000000000000001,0.04,6.938893903907228e-18,1.426,1.441,1.4304999999999999,1.428,0.005014977567247937,0.106,0.107,0.10675000000000001,0.107,0.0004330127018922197,0.916,0.925,0.9177500000000001,0.916,0.003505353049266225,0.036000000000000004,0.037,0.03645000000000001,0.036000000000000004,0.0004974937185533069,32,32,4096,11008,32016,True,872,1
0.043000000000000003,0.045,0.04461904761904763,0.045,0.0006529194857524793,0.04,0.04,0.04000000000000001,0.04,6.938893903907228e-18,0.761,0.765,0.76195,0.762,0.0008645808232895299,0.055,0.056,0.055400000000000005,0.055,0.000489897948556636,0.28800000000000003,0.293,0.29059999999999997,0.29,0.0013190905958272879,0.039,0.04,0.039950000000000006,0.04,0.00021794494717703385,1.425,1.428,1.42685,1.427,0.000909670269932999,0.106,0.107,0.1061,0.106,0.00030000000000000024,0.915,0.916,0.9159,0.916,0.00030000000000000024,0.036000000000000004,0.037,0.03615000000000001,0.036000000000000004,0.0003570714214271403,32,32,4096,11008,32016,True,864,1
0.043000000000000003,0.045,0.044285714285714296,0.044,0.000547101204432193,0.039,0.04,0.039900000000000005,0.04,0.0003000000000000003,0.754,0.761,0.7570499999999999,0.754,0.0033834154341434363,0.054,0.055,0.05435000000000001,0.054,0.0004769696007084732,0.28600000000000003,0.291,0.28855000000000003,0.28800000000000003,0.0016874537030685973,0.039,0.04,0.03980000000000001,0.04,0.00040000000000000034,1.3880000000000001,1.4020000000000001,1.3946,1.3925,0.005902541825349478,0.105,0.106,0.1052,0.105,0.0004000000000000003,0.907,0.916,0.91105,0.9075,0.004387197283004268,0.035,0.036000000000000004,0.03590000000000001,0.036000000000000004,0.0003000000000000003,32,32,4096,11008,32016,True,856,1
0.042,0.044,0.043761904761904766,0.044,0.0005259695722470102,0.039,0.04,0.039950000000000006,0.04,0.00021794494717703385,0.751,0.769,0.76095,0.7615000000000001,0.004737879272417147,0.054,0.055,0.0543,0.054,0.0004582575694955844,0.28700000000000003,0.293,0.29055,0.29,0.0016575584454250733,0.039,0.04,0.03985000000000001,0.04,0.00035707142142714284,1.387,1.412,1.40475,1.4104999999999999,0.007502499583472116,0.10400000000000001,0.105,0.10485,0.105,0.0003570714214271379,0.907,0.924,0.91945,0.9225000000000001,0.005074199444247343,0.035,0.036000000000000004,0.03525000000000001,0.035,0.0004330127018922198,32,32,4096,11008,32016,True,848,1
0.043000000000000003,0.046,0.04471428571428572,0.045,0.0006281383789653769,0.037,0.038,0.0379,0.038,0.0003000000000000003,0.773,0.792,0.7833,0.788,0.006372597586541934,0.054,0.055,0.05425,0.054,0.00043301270189221973,0.293,0.301,0.29774999999999996,0.299,0.0025860201081971523,0.038,0.039,0.03805000000000001,0.038,0.00021794494717703385,1.426,1.455,1.4445000000000001,1.4535,0.012035364556173605,0.10200000000000001,0.10300000000000001,0.10265000000000002,0.10300000000000001,0.00047696960070847325,0.7010000000000001,0.721,0.7101,0.7115,0.005374941860150644,0.036000000000000004,0.037,0.03635000000000001,0.036000000000000004,0.00047696960070846994,32,32,4096,11008,32016,True,840,1
0.043000000000000003,0.045,0.043857142857142865,0.044,0.0004665694748158414,0.037,0.038,0.0379,0.038,0.0003000000000000003,0.78,0.788,0.7835000000000002,0.781,0.0035425979167836735,0.053,0.054,0.053149999999999996,0.053,0.00035707142142714284,0.293,0.298,0.29584999999999995,0.2955,0.0015580436450882897,0.037,0.038,0.03785000000000001,0.038,0.00035707142142714284,1.44,1.454,1.4465500000000002,1.441,0.006748888797424342,0.101,0.101,0.101,0.101,0.0,0.704,0.711,0.7067500000000001,0.705,0.0026995369973386203,0.036000000000000004,0.036000000000000004,0.03600000000000001,0.036000000000000004,6.938893903907228e-18,32,32,4096,11008,32016,True,832,1
0.042,0.044,0.043761904761904766,0.044,0.0005259695722470102,0.037,0.038,0.037950000000000005,0.038,0.00021794494717703385,0.781,0.788,0.7870500000000001,0.788,0.0017741194999210189,0.053,0.054,0.0534,0.053,0.000489897948556636,0.293,0.297,0.29505000000000003,0.295,0.001023474474522937,0.037,0.038,0.0379,0.038,0.0003000000000000003,1.44,1.454,1.4528,1.453,0.0029765752132274496,0.1,0.101,0.10025000000000002,0.1,0.0004330127018922197,0.7020000000000001,0.71,0.7078,0.708,0.0015999999999999814,0.035,0.036000000000000004,0.03570000000000001,0.036000000000000004,0.0004582575694955844,32,32,4096,11008,32016,True,824,1
0.043000000000000003,0.044,0.0430952380952381,0.043000000000000003,0.0002935435239509018,0.037,0.038,0.03760000000000001,0.038,0.000489897948556636,0.777,0.789,0.7801000000000002,0.778,0.0036318039594669792,0.052000000000000005,0.053,0.0528,0.053,0.00039999999999999763,0.289,0.296,0.2923,0.2925,0.00200249843945008,0.037,0.038,0.03735000000000001,0.037,0.00047696960070847325,1.437,1.452,1.4408,1.437,0.006136774397026499,0.099,0.1,0.09935000000000001,0.099,0.00047696960070847314,0.7000000000000001,0.71,0.7031499999999999,0.7020000000000001,0.0031348843678834035,0.034,0.036000000000000004,0.03480000000000001,0.035,0.000509901951359279,32,32,4096,11008,32016,True,816,1
0.042,0.043000000000000003,0.04242857142857144,0.042,0.0004948716593053938,0.037,0.038,0.03710000000000001,0.037,0.0003000000000000003,0.765,0.781,0.7740499999999999,0.773,0.005757386559889831,0.051000000000000004,0.053,0.05235000000000001,0.052000000000000005,0.0005722761571129772,0.28200000000000003,0.294,0.28919999999999996,0.29,0.0037629775444453363,0.036000000000000004,0.038,0.037050000000000013,0.037,0.00038405728739342984,1.412,1.44,1.4273,1.426,0.01134063490286153,0.098,0.099,0.09855,0.099,0.0004974937185533104,0.6880000000000001,0.7020000000000001,0.6962000000000002,0.6970000000000001,0.004770744176750629,0.034,0.035,0.03425000000000001,0.034,0.0004330127018922198,32,32,4096,11008,32016,True,808,1
0.042,0.043000000000000003,0.04280952380952382,0.043000000000000003,0.00039267672624930137,0.037,0.038,0.03785000000000001,0.038,0.00035707142142714284,0.678,0.685,0.6796000000000002,0.678,0.0025768197453450267,0.052000000000000005,0.054,0.052400000000000016,0.052000000000000005,0.0005830951894845275,0.289,0.301,0.29489999999999994,0.2955,0.003284813541131371,0.037,0.038,0.037500000000000006,0.0375,0.0005000000000000004,1.234,1.247,1.2369500000000002,1.235,0.004811184885243978,0.098,0.099,0.0981,0.098,0.00030000000000000024,0.7030000000000001,0.713,0.70625,0.705,0.0032691742076554967,0.033,0.034,0.033900000000000007,0.034,0.0003000000000000003,32,32,4096,11008,32016,True,800,1
0.041,0.043000000000000003,0.0421904761904762,0.042,0.0004994327848429298,0.037,0.038,0.03780000000000001,0.038,0.00040000000000000034,0.684,0.687,0.6843,0.684,0.0007141428428542857,0.051000000000000004,0.053,0.05200000000000001,0.052000000000000005,0.0005477225575051647,0.292,0.301,0.29599999999999993,0.298,0.0030983866769659363,0.037,0.038,0.037500000000000006,0.0375,0.0005000000000000004,1.245,1.247,1.2460999999999998,1.246,0.0005385164807134653,0.097,0.098,0.09765000000000001,0.098,0.00047696960070847325,0.706,0.711,0.7085499999999999,0.7084999999999999,0.0013955285736952875,0.033,0.034,0.033150000000000006,0.033,0.00035707142142714284,32,32,4096,11008,32016,True,792,1
0.04,0.042,0.04176190476190477,0.042,0.000525969572247013,0.037,0.038,0.037500000000000006,0.0375,0.0005000000000000006,0.67,0.683,0.682,0.683,0.0030495901363953837,0.051000000000000004,0.052000000000000005,0.05130000000000001,0.051000000000000004,0.0004582575694955844,0.292,0.301,0.29650000000000004,0.296,0.002636285265292816,0.037,0.038,0.0374,0.037,0.0004898979485566361,1.221,1.246,1.24415,1.245,0.005341114115987401,0.097,0.098,0.09709999999999999,0.097,0.00030000000000000024,0.6980000000000001,0.71,0.7069000000000001,0.7075,0.002507987240796873,0.032,0.034,0.03300000000000001,0.033,0.0003162277660168382,32,32,4096,11008,32016,True,784,1
0.04,0.042,0.04161904761904763,0.042,0.000652919485752481,0.037,0.038,0.037200000000000004,0.037,0.0004000000000000003,0.664,0.677,0.67545,0.676,0.0026547127904916587,0.05,0.052000000000000005,0.050900000000000015,0.051000000000000004,0.00043588989435406776,0.28600000000000003,0.295,0.2907,0.2895,0.00279463772249641,0.037,0.037,0.037000000000000005,0.037,6.938893903907228e-18,1.209,1.234,1.2317500000000001,1.233,0.005242852277148384,0.096,0.097,0.09630000000000001,0.096,0.0004582575694955844,0.6930000000000001,0.7010000000000001,0.6989000000000002,0.6990000000000001,0.001640121946685674,0.032,0.033,0.03245000000000001,0.032,0.0004974937185533104,32,32,4096,11008,32016,True,776,1
0.039,0.042,0.040476190476190485,0.041,0.0007315376902732014,0.036000000000000004,0.037,0.03685000000000001,0.037,0.0003570714214271404,0.665,0.677,0.6705500000000001,0.671,0.0036670833096617843,0.05,0.051000000000000004,0.05025,0.05,0.00043301270189221973,0.265,0.27,0.2672,0.2675,0.0018601075237738292,0.036000000000000004,0.037,0.03680000000000001,0.037,0.00039999999999999763,1.2,1.223,1.2099,1.211,0.007816009211867677,0.095,0.096,0.0956,0.096,0.0004898979485566361,0.642,0.657,0.6477999999999999,0.6475,0.003815756805667786,0.033,0.034,0.033100000000000004,0.033,0.00030000000000000024,32,32,4096,11008,32016,True,768,1
0.039,0.041,0.04042857142857144,0.04,0.0005832118435198047,0.036000000000000004,0.037,0.03655000000000001,0.037,0.000497493718553307,0.664,0.676,0.6695500000000001,0.6695,0.004067861846228315,0.048,0.05,0.04925000000000001,0.049,0.0005361902647381809,0.264,0.27,0.26715,0.267,0.001930673457630784,0.036000000000000004,0.037,0.03640000000000001,0.036000000000000004,0.0004898979485566326,1.199,1.223,1.2096,1.21,0.008410707461325693,0.094,0.096,0.09469999999999999,0.095,0.0005567764362830027,0.635,0.653,0.6454000000000001,0.646,0.004476605857119882,0.032,0.033,0.032350000000000004,0.032,0.00047696960070847325,32,32,4096,11008,32016,True,760,1
0.039,0.041,0.03995238095238096,0.04,0.0003749527559053246,0.034,0.035,0.034100000000000005,0.034,0.00030000000000000024,0.667,0.674,0.6691499999999999,0.668,0.002554897258208246,0.047,0.048,0.04790000000000001,0.048,0.00030000000000000024,0.266,0.269,0.2672,0.267,0.0010295630140987008,0.034,0.035,0.03405000000000001,0.034,0.00021794494717703385,1.208,1.221,1.2121499999999998,1.209,0.005042568789813382,0.091,0.092,0.09115,0.091,0.0003570714214271428,0.635,0.65,0.6433500000000001,0.6435,0.00417462573172734,0.031,0.033,0.03200000000000001,0.032,0.0003162277660168382,32,32,4096,11008,32016,True,752,1
0.039,0.04,0.039476190476190484,0.039,0.0004994327848429298,0.034,0.034,0.03400000000000001,0.034,6.938893903907228e-18,0.667,0.675,0.6698000000000002,0.6685000000000001,0.002731300056749535,0.047,0.048,0.04750000000000001,0.0475,0.0005000000000000004,0.266,0.27,0.26735,0.267,0.0011947803145348531,0.034,0.034,0.03400000000000001,0.034,6.938893903907228e-18,1.209,1.222,1.2130500000000004,1.2105000000000001,0.00497468591973403,0.09,0.091,0.09015000000000002,0.09,0.00035707142142714273,0.629,0.652,0.64095,0.6415,0.005123231402152361,0.031,0.032,0.03150000000000001,0.0315,0.0005000000000000004,32,32,4096,11008,32016,True,744,1
0.039,0.04,0.03938095238095239,0.039,0.0004856209060564562,0.034,0.035,0.03405000000000001,0.034,0.00021794494717703385,0.668,0.674,0.6708999999999999,0.672,0.0027000000000000023,0.046,0.048,0.046700000000000005,0.047,0.0007141428428542857,0.266,0.269,0.26739999999999997,0.268,0.0013190905958272929,0.034,0.035,0.034100000000000005,0.034,0.00030000000000000024,1.21,1.222,1.2161000000000002,1.2205,0.005530822723609978,0.089,0.09,0.08975000000000001,0.09,0.0004330127018922197,0.626,0.649,0.6368500000000001,0.637,0.006428646824954694,0.031,0.031,0.031000000000000007,0.031,6.938893903907228e-18,32,32,4096,11008,32016,True,736,1
0.037,0.04,0.03871428571428572,0.039,0.0006281383789653776,0.033,0.034,0.03395000000000001,0.034,0.00021794494717703385,0.656,0.669,0.6672499999999999,0.668,0.0036176649927819487,0.046,0.047,0.04635000000000001,0.046,0.0004769696007084732,0.264,0.269,0.26795,0.268,0.0013955285736952877,0.033,0.034,0.03395000000000001,0.034,0.00021794494717703385,1.195,1.219,1.2161500000000003,1.218,0.006901267999433155,0.088,0.089,0.08889999999999999,0.089,0.00030000000000000024,0.618,0.639,0.6297500000000001,0.629,0.004157823950096977,0.03,0.031,0.030750000000000006,0.031,0.0004330127018922197,32,32,4096,11008,32016,True,728,1
0.037,0.039,0.038571428571428576,0.039,0.0006598288790738586,0.033,0.034,0.033900000000000007,0.034,0.0003000000000000003,0.669,0.672,0.6694000000000001,0.669,0.0007348469228349541,0.045,0.047,0.04590000000000001,0.046,0.0005385164807134509,0.268,0.269,0.2689500000000001,0.269,0.0002179449471770339,0.034,0.034,0.03400000000000001,0.034,6.938893903907228e-18,1.219,1.221,1.2200499999999999,1.22,0.00038405728739344307,0.088,0.089,0.08820000000000001,0.088,0.00040000000000000034,0.625,0.634,0.6291000000000001,0.6285000000000001,0.0023430749027719988,0.03,0.031,0.030100000000000005,0.03,0.00030000000000000024,32,32,4096,11008,32016,True,720,1
0.037,0.039,0.038000000000000006,0.038,0.00043643578047198515,0.033,0.034,0.033900000000000007,0.034,0.0003000000000000003,0.656,0.671,0.6668999999999998,0.668,0.003700000000000003,0.044,0.046,0.04505000000000001,0.045,0.0004974937185533105,0.263,0.268,0.26754999999999995,0.268,0.00135922772190682,0.033,0.034,0.03395000000000001,0.034,0.00021794494717703385,1.195,1.218,1.21575,1.218,0.006441079102138079,0.08700000000000001,0.088,0.08780000000000002,0.088,0.00039999999999999476,0.615,0.63,0.6258,0.625,0.003325657829663181,0.029,0.03,0.029800000000000004,0.03,0.00039999999999999893,32,32,4096,11008,32016,True,712,1
0.036000000000000004,0.038,0.037190476190476204,0.037,0.0004994327848429289,0.033,0.034,0.033650000000000006,0.034,0.0004769696007084733,0.655,0.668,0.6631499999999999,0.6665000000000001,0.0053969899017878515,0.044,0.045,0.044800000000000006,0.045,0.00040000000000000034,0.263,0.268,0.26625,0.268,0.002070627924084868,0.033,0.034,0.03355000000000001,0.034,0.0004974937185533104,1.194,1.218,1.20865,1.217,0.010650234739197042,0.08600000000000001,0.08700000000000001,0.08685000000000001,0.08700000000000001,0.0003570714214271428,0.614,0.628,0.62135,0.6225,0.004384917331033737,0.029,0.029,0.029000000000000005,0.029,3.469446951953614e-18,32,32,4096,11008,32016,True,704,1
0.036000000000000004,0.038,0.03714285714285715,0.037,0.0005593971487843197,0.033,0.034,0.03375000000000001,0.034,0.0004330127018922197,0.655,0.668,0.6661499999999998,0.667,0.003581549943809247,0.044,0.045,0.04440000000000001,0.044,0.0004898979485566361,0.263,0.268,0.26749999999999996,0.268,0.0015000000000000011,0.033,0.034,0.03350000000000001,0.0335,0.0005000000000000004,1.194,1.218,1.2149999999999999,1.217,0.006848357467305583,0.08600000000000001,0.08700000000000001,0.08625000000000002,0.08600000000000001,0.0004330127018922197,0.614,0.626,0.6225499999999999,0.623,0.002889204042638736,0.028,0.029,0.028550000000000002,0.029,0.0004974937185533105,32,32,4096,11008,32016,True,696,1
0.036000000000000004,0.037,0.03690476190476192,0.037,0.0002935435239509019,0.033,0.034,0.033350000000000005,0.033,0.0004769696007084732,0.662,0.67,0.6652500000000001,0.663,0.0031284980421921343,0.043000000000000003,0.044,0.04345,0.043000000000000003,0.000497493718553307,0.266,0.269,0.26685,0.266,0.001061838029079766,0.033,0.034,0.03305000000000001,0.033,0.00021794494717703385,1.207,1.22,1.2121000000000002,1.208,0.005673623181001727,0.085,0.08600000000000001,0.08585000000000002,0.08600000000000001,0.00035707142142714284,0.615,0.623,0.61835,0.6174999999999999,0.0025154522456210552,0.027,0.028,0.027950000000000003,0.028,0.00021794494717703385,32,32,4096,11008,32016,True,688,1
0.035,0.037,0.03657142857142858,0.037,0.0006598288790738556,0.033,0.033,0.03300000000000001,0.033,6.938893903907228e-18,0.649,0.67,0.6655,0.667,0.005220153254455281,0.042,0.044,0.04315000000000001,0.043000000000000003,0.00047696960070847075,0.261,0.268,0.2673,0.268,0.0021000000000000016,0.033,0.034,0.033150000000000006,0.033,0.00035707142142714284,1.183,1.217,1.214,1.217,0.008683317338436983,0.084,0.08600000000000001,0.08499999999999999,0.085,0.0003162277660168382,0.606,0.621,0.6189499999999999,0.62,0.0030736785778607396,0.027,0.028,0.027600000000000003,0.028,0.0004898979485566361,32,32,4096,11008,32016,True,680,1
0.035,0.037,0.036285714285714296,0.036000000000000004,0.0006281383789653747,0.03,0.031,0.030950000000000005,0.031,0.00021794494717703385,0.65,0.669,0.6672499999999999,0.668,0.003973348713616768,0.042,0.043000000000000003,0.04280000000000001,0.043000000000000003,0.00040000000000000034,0.262,0.268,0.26769999999999994,0.268,0.0013076696830622034,0.03,0.031,0.030750000000000006,0.031,0.0004330127018922197,1.214,1.219,1.2180000000000002,1.218,0.0010000000000000232,0.081,0.083,0.0819,0.082,0.0005385164807134509,0.617,0.621,0.6193,0.6194999999999999,0.001100000000000001,0.026000000000000002,0.027,0.026800000000000008,0.027,0.00039999999999999893,32,32,4096,11008,32016,True,672,1
0.035,0.036000000000000004,0.03561904761904763,0.036000000000000004,0.0004856209060564561,0.03,0.031,0.030350000000000005,0.03,0.00047696960070847325,0.66,0.662,0.6619000000000002,0.662,0.0004358898943540678,0.041,0.042,0.04190000000000001,0.042,0.0003000000000000003,0.266,0.266,0.266,0.266,0.0,0.03,0.031,0.030100000000000005,0.03,0.00030000000000000024,1.206,1.216,1.2072,1.207,0.0020880613017821054,0.08,0.081,0.08075,0.081,0.0004330127018922198,0.61,0.617,0.61265,0.612,0.0017109938632268687,0.026000000000000002,0.027,0.026550000000000008,0.027,0.0004974937185533088,32,32,4096,11008,32016,True,664,1
0.034,0.036000000000000004,0.035142857142857156,0.035,0.000559397148784321,0.03,0.031,0.030150000000000003,0.03,0.00035707142142714284,0.648,0.661,0.6588,0.66,0.003613862199918534,0.041,0.042,0.04145000000000001,0.041,0.0004974937185533104,0.26,0.265,0.26454999999999995,0.265,0.00135922772190682,0.03,0.03,0.030000000000000006,0.03,6.938893903907228e-18,1.182,1.205,1.2023999999999997,1.204,0.0058940648113165696,0.079,0.08,0.07970000000000001,0.08,0.0004582575694955844,0.602,0.611,0.6093,0.61,0.001873499399519521,0.025,0.026000000000000002,0.025600000000000005,0.026000000000000002,0.0004898979485566361,32,32,4096,11008,32016,True,656,1
0.034,0.036000000000000004,0.03504761904761906,0.035,0.0004856209060564562,0.03,0.03,0.030000000000000006,0.03,6.938893903907228e-18,0.66,0.661,0.66005,0.66,0.00021794494717703385,0.041,0.042,0.041150000000000006,0.041,0.00035707142142714284,0.265,0.265,0.26499999999999996,0.265,5.551115123125783e-17,0.03,0.031,0.030100000000000005,0.03,0.00030000000000000024,1.204,1.205,1.2043500000000003,1.204,0.0004769696007085261,0.079,0.079,0.07899999999999999,0.079,1.3877787807814457e-17,0.606,0.61,0.6081,0.608,0.0011789826122551605,0.025,0.026000000000000002,0.025150000000000006,0.025,0.00035707142142714284,32,32,4096,11008,32016,True,648,1
0.033,0.035,0.0341904761904762,0.034,0.0005870870479018078,0.03,0.03,0.030000000000000006,0.03,6.938893903907228e-18,0.655,0.662,0.6574000000000001,0.656,0.0028354893757515675,0.04,0.041,0.04020000000000001,0.04,0.0004000000000000003,0.20800000000000002,0.211,0.20974999999999996,0.2095,0.0009420721840708369,0.03,0.03,0.030000000000000006,0.03,6.938893903907228e-18,1.175,1.187,1.17985,1.1764999999999999,0.0050623611092058905,0.078,0.078,0.07800000000000001,0.078,1.3877787807814457e-17,0.555,0.578,0.56795,0.5675000000000001,0.006240793218814404,0.026000000000000002,0.027,0.026150000000000007,0.026000000000000002,0.0003570714214271416,32,32,4096,11008,32016,True,640,1
0.033,0.035,0.03385714285714286,0.034,0.0004665694748158439,0.03,0.031,0.030050000000000004,0.03,0.00021794494717703388,0.656,0.663,0.6582500000000001,0.656,0.002981191037152771,0.04,0.041,0.04005000000000001,0.04,0.00021794494717703385,0.202,0.218,0.21195,0.2135,0.004800781186432051,0.03,0.03,0.030000000000000006,0.03,6.938893903907228e-18,1.174,1.186,1.1785999999999999,1.175,0.0051224993899462844,0.077,0.078,0.07725,0.077,0.00043301270189221973,0.559,0.579,0.5729,0.5745,0.005374941860150652,0.026000000000000002,0.026000000000000002,0.026000000000000006,0.026000000000000002,3.469446951953614e-18,32,32,4096,11008,32016,True,632,1
0.032,0.034,0.03300000000000001,0.033,0.00043643578047198515,0.03,0.031,0.030050000000000004,0.03,0.00021794494717703388,0.656,0.662,0.6584000000000001,0.656,0.0029393876913398165,0.039,0.041,0.039950000000000006,0.04,0.0004974937185533104,0.201,0.216,0.20905,0.2095,0.004375785643744439,0.029,0.03,0.029950000000000004,0.03,0.0002179449471770331,1.173,1.185,1.1784000000000001,1.174,0.005489990892524321,0.076,0.077,0.07694999999999999,0.077,0.00021794494717703385,0.561,0.581,0.57275,0.5735000000000001,0.004448314287457649,0.025,0.026000000000000002,0.025400000000000006,0.025,0.000489897948556636,32,32,4096,11008,32016,True,624,1
0.031,0.034,0.032619047619047624,0.033,0.000652919485752481,0.029,0.03,0.029900000000000003,0.03,0.00029999999999999927,0.643,0.662,0.6548500000000002,0.6555,0.007357139389735666,0.038,0.039,0.038900000000000004,0.039,0.0003000000000000003,0.2,0.20800000000000002,0.20445000000000002,0.20450000000000002,0.0018567444627627157,0.029,0.03,0.029650000000000003,0.03,0.0004769696007084717,1.1520000000000001,1.185,1.1731500000000001,1.1835,0.012519085429854679,0.076,0.077,0.07625,0.076,0.00043301270189221973,0.543,0.5730000000000001,0.5627500000000001,0.5635000000000001,0.0065412154833792225,0.025,0.026000000000000002,0.025050000000000006,0.025,0.00021794494717703388,32,32,4096,11008,32016,True,616,1
0.032,0.033,0.03242857142857144,0.032,0.0004948716593053938,0.03,0.03,0.030000000000000006,0.03,6.938893903907228e-18,0.654,0.661,0.6564499999999999,0.6545000000000001,0.003057368149242092,0.038,0.039,0.03885000000000001,0.039,0.00035707142142714284,0.199,0.214,0.20590000000000003,0.20500000000000002,0.0037134889255254215,0.029,0.03,0.029800000000000004,0.03,0.00039999999999999893,1.172,1.185,1.1770500000000002,1.174,0.005239036170900133,0.075,0.076,0.07595,0.076,0.00021794494717703385,0.527,0.553,0.5371500000000001,0.537,0.006255197838597918,0.024,0.025,0.024550000000000006,0.025,0.0004974937185533105,32,32,4096,11008,32016,True,608,1
0.031,0.032,0.031904761904761915,0.032,0.00029354352395090394,0.029,0.03,0.029800000000000004,0.03,0.00039999999999999893,0.644,0.662,0.6592500000000001,0.662,0.00640995319795707,0.038,0.039,0.038450000000000005,0.038,0.0004974937185533104,0.201,0.212,0.20415,0.20400000000000001,0.0025548972582082417,0.029,0.03,0.029600000000000005,0.03,0.0004898979485566343,1.1520000000000001,1.185,1.1804000000000001,1.184,0.00959374796416911,0.075,0.076,0.07534999999999999,0.075,0.00047696960070847325,0.521,0.555,0.5356500000000002,0.5345,0.007907433211858328,0.024,0.024,0.024000000000000004,0.024,3.469446951953614e-18,32,32,4096,11008,32016,True,600,1
0.03,0.032,0.031666666666666676,0.032,0.0006424160744396216,0.029,0.03,0.029400000000000003,0.029,0.0004898979485566344,0.636,0.661,0.6547000000000001,0.654,0.005040833264451429,0.037,0.038,0.03765,0.038,0.0004769696007084733,0.199,0.20800000000000002,0.2028,0.2025,0.0023151673805580472,0.029,0.029,0.029000000000000005,0.029,3.469446951953614e-18,1.171,1.184,1.1751,1.172,0.0050980388386123645,0.074,0.075,0.0742,0.074,0.00040000000000000034,0.528,0.55,0.5353500000000001,0.535,0.004693346354148609,0.023,0.024,0.023150000000000004,0.023,0.0003570714214271428,32,32,4096,11008,32016,True,592,1
0.03,0.032,0.03142857142857144,0.031,0.0005832118435198048,0.027,0.027,0.027000000000000003,0.027,3.469446951953614e-18,0.654,0.661,0.6569999999999999,0.655,0.0028460498941515443,0.037,0.038,0.03755000000000001,0.038,0.0004974937185533104,0.198,0.202,0.19970000000000004,0.2,0.0007810249675906662,0.026000000000000002,0.027,0.026600000000000006,0.027,0.0004898979485566343,1.172,1.184,1.1759,1.172,0.005318834458788929,0.07,0.07100000000000001,0.07020000000000001,0.07,0.0004000000000000003,0.523,0.532,0.5274,0.5275000000000001,0.0023108440016582706,0.022,0.023,0.022950000000000005,0.023,0.00021794494717703385,32,32,4096,11008,32016,True,584,1
0.03,0.032,0.031238095238095245,0.031,0.0006098213559459862,0.026000000000000002,0.028,0.027000000000000007,0.027,0.00031622776601683767,0.524,0.546,0.5426,0.545,0.0048414873747640854,0.037,0.038,0.0374,0.037,0.000489897948556636,0.241,0.247,0.24494999999999995,0.245,0.0013955285736952877,0.026000000000000002,0.027,0.026850000000000006,0.027,0.0003570714214271416,0.912,0.9510000000000001,0.9437000000000003,0.9470000000000001,0.00843267454607375,0.07,0.07,0.07000000000000002,0.07,1.3877787807814457e-17,0.531,0.537,0.5342000000000001,0.5345,0.002158703314492292,0.022,0.023,0.022150000000000003,0.022,0.00035707142142714284,32,32,4096,11008,32016,True,576,1
0.029,0.031,0.030666666666666672,0.031,0.0005634361698190111,0.025,0.027,0.026350000000000005,0.026000000000000002,0.0005722761571129788,0.517,0.544,0.5324499999999999,0.53,0.007921331958704932,0.036000000000000004,0.037,0.03660000000000001,0.037,0.0004898979485566326,0.23800000000000002,0.245,0.2427,0.243,0.0014525839046333918,0.026000000000000002,0.027,0.026250000000000006,0.026000000000000002,0.0004330127018922182,0.898,0.9470000000000001,0.9260499999999998,0.9225000000000001,0.014554981964949336,0.068,0.07,0.06895,0.069,0.00038405728739343076,0.509,0.533,0.52415,0.523,0.007295717922178741,0.021,0.022,0.021900000000000003,0.022,0.0002999999999999992,32,32,4096,11008,32016,True,568,1
0.029,0.031,0.03033333333333334,0.03,0.0005634361698190111,0.026000000000000002,0.027,0.026100000000000005,0.026000000000000002,0.0002999999999999992,0.535,0.545,0.5386500000000001,0.539,0.0032446109165815275,0.036000000000000004,0.037,0.03645000000000001,0.036000000000000004,0.0004974937185533069,0.242,0.245,0.2434,0.2435,0.0009165151389911689,0.026000000000000002,0.027,0.02670000000000001,0.027,0.0004582575694955828,0.93,0.9480000000000001,0.9372999999999999,0.9385000000000001,0.006558200972827844,0.068,0.069,0.06845,0.068,0.0004974937185533104,0.521,0.532,0.5262000000000001,0.5255000000000001,0.0034583232931581194,0.021,0.022,0.0216,0.022,0.0004898979485566345,32,32,4096,11008,32016,True,560,1
0.029,0.031,0.02995238095238096,0.03,0.0003749527559053238,0.026000000000000002,0.027,0.026650000000000007,0.027,0.0004769696007084716,0.547,0.558,0.55265,0.553,0.004028337125911886,0.036000000000000004,0.038,0.03655000000000001,0.036500000000000005,0.0005894913061275771,0.23900000000000002,0.245,0.24179999999999996,0.2415,0.0015362291495737207,0.026000000000000002,0.027,0.026150000000000007,0.026000000000000002,0.0003570714214271416,0.978,0.997,0.9881,0.9875,0.0072034713853808075,0.067,0.068,0.06785000000000001,0.068,0.00035707142142714284,0.515,0.526,0.5204500000000001,0.52,0.003353729267546804,0.021,0.021,0.021000000000000005,0.021,3.469446951953614e-18,32,32,4096,11008,32016,True,552,1
0.028,0.031,0.029857142857142863,0.03,0.00055939714878432,0.025,0.027,0.026150000000000007,0.026000000000000002,0.00047696960070847194,0.531,0.557,0.5505500000000002,0.552,0.008309482535031897,0.035,0.036000000000000004,0.03575000000000001,0.036000000000000004,0.0004330127018922197,0.23600000000000002,0.243,0.24059999999999998,0.241,0.0016248076809271866,0.025,0.027,0.026150000000000007,0.026000000000000002,0.000572276157112979,0.9500000000000001,0.996,0.9860499999999999,0.9904999999999999,0.014221374757737016,0.067,0.068,0.06720000000000001,0.067,0.0004000000000000003,0.502,0.522,0.5174000000000001,0.519,0.0054717456081217865,0.02,0.021,0.020250000000000004,0.02,0.00043301270189221973,32,32,4096,11008,32016,True,544,1
0.028,0.03,0.029190476190476194,0.029,0.0004994327848429283,0.025,0.026000000000000002,0.025700000000000008,0.026000000000000002,0.00045825756949558437,0.545,0.557,0.5483500000000001,0.546,0.004441565039487775,0.035,0.036000000000000004,0.035350000000000006,0.035,0.0004769696007084732,0.23700000000000002,0.241,0.23934999999999995,0.23900000000000002,0.0014239030865898033,0.026000000000000002,0.026000000000000002,0.026000000000000006,0.026000000000000002,3.469446951953614e-18,0.976,0.996,0.98085,0.976,0.008290205063808743,0.066,0.067,0.06634999999999999,0.066,0.0004769696007084732,0.508,0.521,0.5125,0.511,0.004068169121361602,0.019,0.021,0.020000000000000004,0.02,0.0003162277660168382,32,32,4096,11008,32016,True,536,1
0.028,0.03,0.028809523809523813,0.029,0.0004994327848429294,0.025,0.026000000000000002,0.025600000000000005,0.026000000000000002,0.0004898979485566361,0.535,0.551,0.54185,0.536,0.007275128864838072,0.034,0.036000000000000004,0.035100000000000006,0.035,0.00043588989435406776,0.234,0.24,0.23770000000000008,0.23800000000000002,0.0016155494421403484,0.025,0.026000000000000002,0.025900000000000006,0.026000000000000002,0.0003000000000000003,0.9580000000000001,0.994,0.9705999999999999,0.9580000000000001,0.014058449416631934,0.065,0.066,0.06580000000000001,0.066,0.00040000000000000034,0.498,0.514,0.5044,0.4995,0.006264183905346336,0.019,0.02,0.019300000000000005,0.019,0.0004582575694955844,32,32,4096,11008,32016,True,528,1
0.028,0.029,0.028857142857142862,0.029,0.00034992710611188294,0.025,0.026000000000000002,0.025500000000000005,0.025500000000000002,0.0005000000000000004,0.545,0.553,0.54985,0.551,0.002535251466817446,0.034,0.036000000000000004,0.03470000000000001,0.035,0.0005567764362830027,0.233,0.23800000000000002,0.2353,0.23500000000000001,0.0013076696830622032,0.026000000000000002,0.027,0.026050000000000007,0.026000000000000002,0.0002179449471770331,0.977,0.987,0.9831999999999999,0.986,0.004478839135311742,0.065,0.066,0.06545000000000001,0.065,0.0004974937185533104,0.505,0.51,0.5077999999999999,0.508,0.0016000000000000014,0.019,0.019,0.019000000000000003,0.019,3.469446951953614e-18,32,32,4096,11008,32016,True,520,1
0.026000000000000002,0.029,0.028333333333333342,0.029,0.0008357108940373452,0.025,0.026000000000000002,0.025600000000000005,0.026000000000000002,0.0004898979485566361,0.48,0.494,0.48790000000000006,0.489,0.003505709628591624,0.033,0.036000000000000004,0.03405000000000001,0.034,0.0007399324293474377,0.17300000000000001,0.183,0.18034999999999998,0.181,0.002632014437650366,0.025,0.026000000000000002,0.025750000000000006,0.026000000000000002,0.0004330127018922198,0.849,0.869,0.86105,0.8605,0.004271709259769447,0.065,0.066,0.06555000000000001,0.066,0.0004974937185533104,0.454,0.48,0.4743000000000002,0.47550000000000003,0.004879549159502342,0.019,0.02,0.019600000000000003,0.02,0.0004898979485566361,32,32,4096,11008,32016,True,512,1
0.027,0.029,0.02804761904761905,0.028,0.0007221786137191959,0.021,0.023,0.022250000000000002,0.022,0.0005361902647381805,0.47300000000000003,0.491,0.48149999999999993,0.48,0.0048218253804964625,0.032,0.032,0.03200000000000001,0.032,6.938893903907228e-18,0.17300000000000001,0.183,0.17764999999999995,0.177,0.00381149576937978,0.022,0.023,0.022750000000000003,0.023,0.00043301270189221973,0.843,0.863,0.85145,0.85,0.006406832290609773,0.061,0.062,0.06165,0.062,0.0004769696007084733,0.453,0.481,0.46695000000000003,0.464,0.009692651855916406,0.018000000000000002,0.02,0.019050000000000004,0.019,0.0003840572873934303,32,32,4096,11008,32016,True,504,1
0.025,0.028,0.02757142857142858,0.028,0.0009035079029052511,0.021,0.023,0.022350000000000002,0.022,0.0005722761571129799,0.47800000000000004,0.49,0.48244999999999993,0.482,0.0030736785778607274,0.031,0.032,0.031100000000000006,0.031,0.00030000000000000024,0.18,0.183,0.18034999999999998,0.18,0.0009096702699330135,0.022,0.023,0.022750000000000003,0.023,0.00043301270189221973,0.847,0.861,0.8525499999999999,0.852,0.0034128433893163075,0.06,0.061,0.060349999999999994,0.06,0.00047696960070847325,0.47100000000000003,0.48,0.47300000000000014,0.47200000000000003,0.0024289915602982103,0.018000000000000002,0.019,0.018900000000000007,0.019,0.0002999999999999992,32,32,4096,11008,32016,True,496,1
0.025,0.028,0.027238095238095245,0.027,0.0008109231602822092,0.022,0.022,0.022000000000000002,0.022,3.469446951953614e-18,0.47100000000000003,0.486,0.47785,0.47700000000000004,0.0037319565913874002,0.03,0.031,0.030200000000000005,0.03,0.0004000000000000003,0.17400000000000002,0.181,0.1778,0.178,0.00258069758011278,0.022,0.023,0.022200000000000004,0.022,0.00040000000000000034,0.839,0.852,0.84565,0.845,0.0037719358425084624,0.059000000000000004,0.06,0.05965,0.06,0.00047696960070846994,0.454,0.47600000000000003,0.4661500000000001,0.467,0.007964138371474977,0.017,0.019,0.018150000000000006,0.018000000000000002,0.00047696960070847194,32,32,4096,11008,32016,True,488,1
0.025,0.028,0.027285714285714295,0.027,0.0008247860988423224,0.021,0.022,0.021950000000000004,0.022,0.0002179449471770331,0.47000000000000003,0.486,0.48050000000000004,0.481,0.00441021541423997,0.03,0.031,0.030300000000000004,0.03,0.00045825756949558437,0.17200000000000001,0.183,0.18054999999999996,0.18,0.003185514087239291,0.021,0.022,0.021950000000000004,0.022,0.0002179449471770331,0.838,0.859,0.8513,0.8485,0.006025777958073136,0.059000000000000004,0.06,0.059149999999999994,0.059000000000000004,0.0003570714214271404,0.451,0.481,0.47495000000000004,0.47300000000000003,0.006763689821391857,0.017,0.019,0.018200000000000004,0.018000000000000002,0.0005099019513592776,32,32,4096,11008,32016,True,480,1
0.023,0.027,0.026190476190476198,0.026000000000000002,0.0010056529562829939,0.02,0.022,0.021500000000000002,0.022,0.0005916079783099605,0.47300000000000003,0.482,0.4756,0.47600000000000003,0.0021307275752662455,0.029,0.03,0.029550000000000003,0.03,0.0004974937185533088,0.178,0.183,0.17970000000000003,0.18,0.001100000000000001,0.021,0.022,0.021050000000000003,0.021,0.00021794494717703315,0.84,0.853,0.8434000000000001,0.8434999999999999,0.0029899832775452133,0.058,0.059000000000000004,0.058100000000000006,0.058,0.00030000000000000024,0.467,0.481,0.471,0.47100000000000003,0.003781534080237797,0.017,0.018000000000000002,0.017350000000000004,0.017,0.00047696960070847314,32,32,4096,11008,32016,True,472,1
0.024,0.027,0.026190476190476198,0.026000000000000002,0.0007315376902732,0.021,0.022,0.021100000000000004,0.021,0.0002999999999999992,0.465,0.47900000000000004,0.47185,0.46950000000000003,0.0052371270750288315,0.028,0.029,0.028700000000000003,0.029,0.0004582575694955844,0.17300000000000001,0.182,0.17795,0.177,0.0032783379935570956,0.021,0.022,0.02125,0.021,0.0004330127018922182,0.833,0.849,0.8392999999999999,0.835,0.006380438856379714,0.057,0.058,0.057450000000000015,0.057,0.0004974937185533104,0.453,0.47600000000000003,0.4656500000000001,0.462,0.008421846590861183,0.016,0.018000000000000002,0.016950000000000003,0.017,0.00038405728739343076,32,32,4096,11008,32016,True,464,1
0.023,0.026000000000000002,0.02514285714285715,0.025,0.0007095078297976836,0.02,0.021,0.020950000000000003,0.021,0.00021794494717703385,0.465,0.47700000000000004,0.4692,0.4675,0.003944616584663207,0.028,0.029,0.028500000000000004,0.0285,0.0005000000000000004,0.17300000000000001,0.181,0.1762,0.176,0.002619160170741752,0.02,0.021,0.020450000000000003,0.02,0.0004974937185533105,0.8290000000000001,0.845,0.8336500000000001,0.8310000000000001,0.005341114115987374,0.056,0.057,0.05689999999999999,0.057,0.0003000000000000003,0.454,0.47600000000000003,0.4625,0.462,0.007439758060582354,0.016,0.017,0.016550000000000002,0.017,0.0004974937185533105,32,32,4096,11008,32016,True,456,1
0.023,0.026000000000000002,0.025476190476190482,0.026000000000000002,0.0007939681905015752,0.02,0.021,0.020800000000000006,0.021,0.0004000000000000003,0.465,0.47600000000000003,0.4730500000000001,0.47400000000000003,0.0030409702399069967,0.027,0.028,0.027950000000000003,0.028,0.00021794494717703385,0.17400000000000002,0.18,0.17884999999999995,0.18,0.002080264406271464,0.02,0.021,0.020100000000000003,0.02,0.00030000000000000024,0.8280000000000001,0.842,0.8385,0.839,0.0028896366553599604,0.056,0.057,0.05675,0.057,0.0004330127018922198,0.458,0.47200000000000003,0.47035,0.47200000000000003,0.00413853838933506,0.016,0.017,0.016050000000000002,0.016,0.0002179449471770339,32,32,4096,11008,32016,True,448,1
0.023,0.026000000000000002,0.024904761904761912,0.025,0.0006098213559459861,0.019,0.02,0.019650000000000004,0.02,0.0004769696007084733,0.463,0.47500000000000003,0.4671,0.468,0.0036180105030251116,0.027,0.028,0.02705,0.027,0.0002179449471770339,0.17400000000000002,0.181,0.17685,0.178,0.0025352514668174338,0.019,0.02,0.019400000000000004,0.019,0.000489897948556636,0.8220000000000001,0.841,0.8298,0.8290000000000001,0.004985980344927134,0.056,0.057,0.056100000000000004,0.056,0.0003000000000000003,0.457,0.47600000000000003,0.46465000000000006,0.467,0.006231171639427056,0.015,0.017,0.015950000000000002,0.016,0.00038405728739343076,32,32,4096,11008,32016,True,440,1
0.022,0.025,0.0240952380952381,0.024,0.0006834619092574922,0.019,0.02,0.019250000000000003,0.019,0.00043301270189221973,0.461,0.47600000000000003,0.4667,0.464,0.005692978130996118,0.026000000000000002,0.028,0.027050000000000008,0.027,0.0004974937185533097,0.17300000000000001,0.181,0.1761,0.17400000000000002,0.0032233522922572293,0.018000000000000002,0.02,0.019050000000000004,0.019,0.0003840572873934303,0.8210000000000001,0.84,0.82935,0.8270000000000001,0.0066578900561664,0.055,0.056,0.05535000000000001,0.055,0.0004769696007084732,0.454,0.47500000000000003,0.46229999999999993,0.458,0.008420807562223478,0.014,0.016,0.015050000000000003,0.015,0.0004974937185533101,32,32,4096,11008,32016,True,432,1
0.022,0.024,0.02371428571428572,0.024,0.0005471012044321936,0.016,0.019,0.018550000000000004,0.019,0.0008046738469715535,0.456,0.47300000000000003,0.46814999999999996,0.467,0.004126439142893063,0.026000000000000002,0.027,0.026200000000000008,0.026000000000000002,0.00039999999999999893,0.168,0.18,0.17744999999999997,0.1775,0.002747271373563228,0.017,0.019,0.017950000000000004,0.018000000000000002,0.0003840572873934303,0.8170000000000001,0.837,0.82955,0.8275000000000001,0.0052865395108709365,0.054,0.056,0.05505000000000001,0.055,0.00038405728739343076,0.439,0.47500000000000003,0.46695000000000003,0.4685,0.007262747414030045,0.014,0.016,0.014900000000000002,0.015,0.00043588989435406716,32,32,4096,11008,32016,True,424,1
0.021,0.024,0.02328571428571429,0.023,0.0007648751621051913,0.017,0.018000000000000002,0.017100000000000004,0.017,0.00030000000000000024,0.459,0.47400000000000003,0.46460000000000007,0.464,0.004294182110716781,0.025,0.026000000000000002,0.025400000000000006,0.025,0.000489897948556636,0.17300000000000001,0.182,0.1764,0.176,0.0026153393661243972,0.015,0.017,0.016350000000000003,0.016,0.0005722761571129803,0.8150000000000001,0.84,0.8257000000000001,0.8235000000000001,0.006914477565224977,0.05,0.051000000000000004,0.050400000000000014,0.05,0.000489897948556636,0.455,0.47600000000000003,0.46385000000000015,0.464,0.007122324058901005,0.013000000000000001,0.015,0.013950000000000004,0.014,0.00038405728739343006,32,32,4096,11008,32016,True,416,1
0.021,0.024,0.02290476190476191,0.023,0.0006834619092574917,0.016,0.017,0.016100000000000003,0.016,0.0003000000000000003,0.456,0.47300000000000003,0.46299999999999997,0.465,0.005224940191045257,0.025,0.026000000000000002,0.025500000000000005,0.025500000000000002,0.0005000000000000004,0.17200000000000001,0.181,0.1762,0.178,0.0028740215726399724,0.015,0.017,0.016100000000000003,0.016,0.00043588989435406776,0.811,0.836,0.8211,0.8220000000000001,0.00668505796534329,0.049,0.05,0.04975000000000001,0.05,0.0004330127018922197,0.453,0.47600000000000003,0.46290000000000014,0.466,0.007942921376924244,0.013000000000000001,0.015,0.013800000000000003,0.014,0.000509901951359278,32,32,4096,11008,32016,True,408,1
0.02,0.024,0.022809523809523814,0.023,0.0007315376902732007,0.016,0.016,0.016000000000000004,0.016,3.469446951953614e-18,0.455,0.468,0.46354999999999996,0.464,0.0036806928695559513,0.024,0.025,0.024800000000000006,0.025,0.00040000000000000034,0.169,0.178,0.17634999999999995,0.177,0.0024346457647879648,0.014,0.016,0.015500000000000003,0.016,0.0005916079783099619,0.808,0.8270000000000001,0.8211499999999999,0.8205,0.004671991010265328,0.048,0.049,0.04895000000000001,0.049,0.00021794494717703385,0.446,0.467,0.4630000000000001,0.4635,0.005949789912257413,0.013000000000000001,0.015,0.013850000000000005,0.014,0.0005722761571129793,32,32,4096,11008,32016,True,400,1
0.02,0.023,0.021952380952380956,0.022,0.00065291948575248,0.015,0.016,0.015200000000000002,0.015,0.00040000000000000034,0.456,0.468,0.45965,0.458,0.004162631379308049,0.024,0.025,0.024100000000000003,0.024,0.00030000000000000024,0.171,0.179,0.17474999999999996,0.17500000000000002,0.0025074887836239595,0.014,0.015,0.014900000000000002,0.015,0.00029999999999999976,0.811,0.8280000000000001,0.81585,0.8125,0.006597537419370964,0.048,0.049,0.04810000000000001,0.048,0.0003000000000000003,0.45,0.47100000000000003,0.45994999999999997,0.459,0.007453019522314435,0.012,0.014,0.013000000000000003,0.013000000000000001,0.000316227766016838,32,32,4096,11008,32016,True,392,1
0.019,0.022,0.021,0.021,0.0008164965809277256,0.014,0.015,0.014750000000000003,0.015,0.000433012701892219,0.392,0.406,0.39885,0.399,0.003677974986320601,0.023,0.024,0.023900000000000005,0.024,0.0003000000000000003,0.126,0.138,0.13069999999999998,0.131,0.0036619666847201144,0.014,0.015,0.014300000000000002,0.014,0.00045825756949558356,0.6950000000000001,0.719,0.7050500000000001,0.704,0.006224748990923217,0.047,0.049,0.04805000000000001,0.048,0.00038405728739343076,0.327,0.359,0.34085,0.342,0.009784043131548422,0.011,0.013000000000000001,0.012000000000000002,0.012,0.00044721359549995833,32,32,4096,11008,32016,True,384,1
0.018000000000000002,0.022,0.02090476190476191,0.021,0.0007499055118106482,0.014,0.015,0.014950000000000001,0.015,0.00021794494717703347,0.396,0.40800000000000003,0.4009500000000001,0.4015,0.002889204042638736,0.023,0.024,0.023650000000000004,0.024,0.0004769696007084733,0.132,0.135,0.13379999999999997,0.133,0.0010295630140987008,0.014,0.015,0.014600000000000002,0.015,0.0004898979485566352,0.7000000000000001,0.711,0.7048,0.704,0.0033256578296631356,0.047,0.048,0.04755000000000001,0.048,0.0004974937185533104,0.34600000000000003,0.352,0.34865000000000007,0.34600000000000003,0.0029372606285448803,0.011,0.012,0.011200000000000002,0.011,0.00040000000000000034,32,32,4096,11008,32016,True,376,1
0.018000000000000002,0.02,0.019666666666666673,0.02,0.0005634361698190111,0.013000000000000001,0.015,0.014050000000000003,0.014,0.0004974937185533096,0.39,0.403,0.39485000000000003,0.3945,0.0031028212968200433,0.022,0.023,0.022850000000000002,0.023,0.00035707142142714284,0.125,0.137,0.12940000000000002,0.13,0.003426368339802366,0.013000000000000001,0.015,0.013850000000000005,0.014,0.0005722761571129793,0.6910000000000001,0.713,0.6988,0.6985000000000001,0.005670978751503102,0.046,0.048,0.04690000000000001,0.047,0.00043588989435406776,0.324,0.356,0.33820000000000006,0.339,0.009521554494934106,0.011,0.012,0.011350000000000002,0.011,0.0004769696007084732,32,32,4096,11008,32016,True,368,1
0.017,0.021,0.019857142857142865,0.02,0.0007095078297976827,0.014,0.015,0.014350000000000002,0.014,0.0004769696007084724,0.34400000000000003,0.361,0.35185000000000005,0.34800000000000003,0.005952100469582126,0.025,0.027,0.025800000000000007,0.026000000000000002,0.0005099019513592786,0.129,0.134,0.13119999999999998,0.13,0.0023366642891095865,0.013000000000000001,0.015,0.014050000000000003,0.014,0.0003840572873934301,0.6910000000000001,0.7030000000000001,0.6956,0.6950000000000001,0.003679673898594823,0.046,0.048,0.046950000000000006,0.047,0.00038405728739343076,0.338,0.35000000000000003,0.34340000000000004,0.34,0.005228766584960553,0.01,0.011,0.010600000000000002,0.011,0.0004898979485566352,32,32,4096,11008,32016,True,360,1
0.018000000000000002,0.021,0.019809523809523815,0.02,0.0005870870479018073,0.014,0.015,0.014100000000000001,0.014,0.00029999999999999976,0.34700000000000003,0.352,0.34890000000000004,0.34800000000000003,0.0019974984355438114,0.025,0.026000000000000002,0.025050000000000006,0.025,0.00021794494717703388,0.129,0.131,0.13020000000000004,0.13,0.0008124038404635969,0.014,0.014,0.014000000000000002,0.014,1.734723475976807e-18,0.6880000000000001,0.6940000000000001,0.6906000000000001,0.6905000000000001,0.0014628738838327806,0.045,0.047,0.04605000000000001,0.046,0.0003840572873934307,0.338,0.342,0.34079999999999994,0.341,0.001326649916142161,0.01,0.011,0.01025,0.01,0.00043301270189221897,32,32,4096,11008,32016,True,352,1
0.018000000000000002,0.02,0.01914285714285715,0.019,0.00046656947481584356,0.013000000000000001,0.014,0.013950000000000004,0.014,0.00021794494717703353,0.34600000000000003,0.35000000000000003,0.34795,0.34800000000000003,0.0012031209415515976,0.024,0.025,0.024850000000000004,0.025,0.00035707142142714284,0.13,0.131,0.13025000000000003,0.13,0.00043301270189221973,0.013000000000000001,0.014,0.013750000000000004,0.014,0.000433012701892219,0.685,0.6920000000000001,0.6876500000000001,0.6875,0.0017399712641305333,0.045,0.046,0.045700000000000005,0.046,0.0004582575694955844,0.337,0.341,0.33875,0.339,0.0012990381056766592,0.009000000000000001,0.01,0.009750000000000003,0.01,0.00043301270189221897,32,32,4096,11008,32016,True,344,1
0.017,0.019,0.01890476190476191,0.019,0.00042591770999995954,0.012,0.012,0.012000000000000002,0.012,1.734723475976807e-18,0.34400000000000003,0.35100000000000003,0.34705,0.34500000000000003,0.0029236107812087462,0.024,0.025,0.024100000000000003,0.024,0.00030000000000000024,0.129,0.131,0.12970000000000007,0.129,0.0009539392014169465,0.012,0.013000000000000001,0.012050000000000002,0.012,0.0002179449471770339,0.683,0.6890000000000001,0.68495,0.6845000000000001,0.0016271140095272993,0.041,0.042,0.04105000000000001,0.041,0.00021794494717703385,0.336,0.34400000000000003,0.33920000000000006,0.337,0.0036414282912066278,0.008,0.01,0.008900000000000002,0.009000000000000001,0.0004358898943540676,32,32,4096,11008,32016,True,336,1
0.016,0.019,0.01866666666666667,0.019,0.0007126966450997977,0.012,0.012,0.012000000000000002,0.012,1.734723475976807e-18,0.34400000000000003,0.35100000000000003,0.34700000000000003,0.34500000000000003,0.0030000000000000027,0.024,0.024,0.024000000000000004,0.024,3.469446951953614e-18,0.128,0.131,0.12985000000000002,0.129,0.0010618380290797662,0.012,0.012,0.012000000000000002,0.012,1.734723475976807e-18,0.679,0.6890000000000001,0.6837500000000001,0.6835,0.002363789330714565,0.04,0.04,0.04000000000000001,0.04,6.938893903907228e-18,0.336,0.343,0.33924999999999994,0.337,0.0029304436524185233,0.009000000000000001,0.01,0.009400000000000002,0.009000000000000001,0.0004898979485566352,32,32,4096,11008,32016,True,328,1
0.015,0.018000000000000002,0.017761904761904767,0.018000000000000002,0.0006834619092574922,0.011,0.012,0.011900000000000003,0.012,0.00030000000000000024,0.328,0.35100000000000003,0.3443,0.34400000000000003,0.005975784467331471,0.023,0.024,0.023250000000000003,0.023,0.00043301270189221973,0.121,0.131,0.12860000000000005,0.129,0.002709243436828816,0.011,0.012,0.011900000000000003,0.012,0.00030000000000000024,0.672,0.685,0.6797500000000001,0.6795,0.0034622969254528156,0.039,0.04,0.03925000000000001,0.039,0.00043301270189221973,0.316,0.343,0.33664999999999995,0.336,0.005641586656251949,0.008,0.009000000000000001,0.008950000000000003,0.009000000000000001,0.00021794494717703385,32,32,4096,11008,32016,True,320,1
0.016,0.018000000000000002,0.01771428571428572,0.018000000000000002,0.0005471012044321936,0.012,0.012,0.012000000000000002,0.012,1.734723475976807e-18,0.341,0.34800000000000003,0.3438500000000001,0.342,0.0027253440149823316,0.023,0.024,0.023050000000000005,0.023,0.00021794494717703388,0.127,0.13,0.12865,0.128,0.0011521718621802922,0.011,0.012,0.011900000000000003,0.012,0.00030000000000000024,0.676,0.683,0.6793000000000001,0.679,0.0017635192088548415,0.038,0.039,0.038700000000000005,0.039,0.00045825756949558437,0.333,0.34,0.33635000000000004,0.335,0.002650943228362315,0.008,0.009000000000000001,0.008400000000000001,0.008,0.0004898979485566361,32,32,4096,11008,32016,True,312,1
0.015,0.017,0.01690476190476191,0.017,0.0004259177099999603,0.011,0.012,0.011300000000000001,0.011,0.0004582575694955844,0.336,0.342,0.3385,0.3385,0.0023558437978779515,0.022,0.023,0.022300000000000004,0.022,0.0004582575694955844,0.126,0.128,0.12690000000000004,0.1265,0.0009433981132056611,0.011,0.012,0.011500000000000002,0.0115,0.0005000000000000004,0.67,0.677,0.67315,0.673,0.0020068632240389495,0.038,0.038,0.038000000000000006,0.038,6.938893903907228e-18,0.328,0.334,0.33175,0.333,0.0020706279240848675,0.008,0.009000000000000001,0.008700000000000003,0.009000000000000001,0.0004582575694955844,32,32,4096,11008,32016,True,304,1
0.014,0.017,0.01666666666666667,0.017,0.0007126966450997987,0.011,0.012,0.011150000000000002,0.011,0.0003570714214271428,0.333,0.342,0.33790000000000003,0.34,0.0035482389998420377,0.022,0.023,0.022200000000000004,0.022,0.0004000000000000003,0.125,0.128,0.12665,0.127,0.0013883443376914832,0.011,0.012,0.011350000000000002,0.011,0.0004769696007084732,0.667,0.679,0.6732,0.673,0.0026944387170614982,0.037,0.038,0.03710000000000001,0.037,0.0003000000000000003,0.324,0.334,0.3304,0.333,0.0038910152916687476,0.008,0.009000000000000001,0.008200000000000002,0.008,0.00040000000000000034,32,32,4096,11008,32016,True,296,1
0.014,0.017,0.01647619047619048,0.017,0.0007315376902732011,0.011,0.012,0.011500000000000002,0.0115,0.0005000000000000004,0.337,0.34400000000000003,0.34040000000000004,0.3415,0.002989983277545213,0.021,0.022,0.021750000000000002,0.022,0.0004330127018922182,0.126,0.129,0.1276,0.1285,0.0014628738838327808,0.011,0.012,0.011300000000000001,0.011,0.00045825756949558437,0.667,0.68,0.67435,0.6745000000000001,0.002987892233665735,0.037,0.037,0.037000000000000005,0.037,6.938893903907228e-18,0.33,0.337,0.3338500000000001,0.336,0.0027069355367278355,0.008,0.008,0.008000000000000002,0.008,1.734723475976807e-18,32,32,4096,11008,32016,True,288,1
0.014,0.017,0.016523809523809527,0.017,0.0007939681905015751,0.011,0.012,0.01105,0.011,0.0002179449471770339,0.34,0.343,0.34135,0.3405,0.0014239030865898156,0.021,0.022,0.021300000000000003,0.021,0.0004582575694955828,0.127,0.129,0.12775000000000003,0.128,0.0006982120021884477,0.011,0.012,0.011400000000000002,0.011,0.000489897948556636,0.666,0.679,0.6730500000000001,0.6725000000000001,0.0031855140872392982,0.036000000000000004,0.037,0.03660000000000001,0.037,0.0004898979485566326,0.333,0.336,0.3349500000000001,0.335,0.0010712142642814284,0.007,0.008,0.007950000000000002,0.008,0.00021794494717703366,32,32,4096,11008,32016,True,280,1
0.013000000000000001,0.017,0.01642857142857143,0.017,0.0009547589359887348,0.01,0.011,0.010950000000000001,0.011,0.00021794494717703347,0.324,0.34900000000000003,0.33880000000000005,0.34,0.006910861017268404,0.021,0.021,0.021000000000000005,0.021,3.469446951953614e-18,0.121,0.131,0.1269,0.127,0.0027184554438136397,0.011,0.012,0.011100000000000002,0.011,0.0003000000000000003,0.67,0.7000000000000001,0.6777500000000001,0.676,0.007502499583472172,0.035,0.037,0.03600000000000001,0.036000000000000004,0.0003162277660168371,0.316,0.342,0.33269999999999994,0.333,0.00646606526413089,0.007,0.007,0.007000000000000001,0.007,8.673617379884035e-19,32,32,4096,11008,32016,True,272,1
0.013000000000000001,0.016,0.014952380952380955,0.015,0.00048562090605645553,0.011,0.011,0.011000000000000001,0.011,1.734723475976807e-18,0.333,0.34,0.33655,0.3365,0.002889204042638736,0.02,0.021,0.020500000000000004,0.0205,0.0005000000000000004,0.125,0.128,0.12614999999999998,0.126,0.0011947803145348531,0.011,0.012,0.011150000000000002,0.011,0.0003570714214271428,0.662,0.704,0.6797500000000001,0.679,0.009169923663804399,0.035,0.036000000000000004,0.03570000000000001,0.036000000000000004,0.0004582575694955844,0.327,0.334,0.3304,0.333,0.0030886890422961023,0.007,0.007,0.007000000000000001,0.007,8.673617379884035e-19,32,32,4096,11008,32016,True,264,1
0.012,0.014,0.01390476190476191,0.014,0.0004259177099999599,0.01,0.011,0.010350000000000002,0.01,0.0004769696007084724,0.34,0.343,0.34175000000000005,0.342,0.0008291561975888507,0.017,0.018000000000000002,0.017450000000000004,0.017,0.0004974937185533104,0.122,0.125,0.12355000000000001,0.124,0.0007399324293474377,0.01,0.011,0.01005,0.01,0.00021794494717703353,0.505,0.523,0.51115,0.511,0.003623189202898466,0.036000000000000004,0.037,0.03630000000000001,0.036000000000000004,0.0004582575694955813,0.326,0.336,0.329,0.329,0.002073644135332774,0.007,0.008,0.007200000000000001,0.007,0.0004,32,32,4096,11008,32016,True,256,1
0.012,0.014,0.01390476190476191,0.014,0.0004259177099999599,0.009000000000000001,0.009000000000000001,0.009000000000000003,0.009000000000000001,1.734723475976807e-18,0.342,0.34900000000000003,0.3456,0.34550000000000003,0.0016248076809271934,0.014,0.015,0.014550000000000002,0.015,0.0004974937185533095,0.124,0.129,0.1259,0.126,0.0012609520212918503,0.009000000000000001,0.009000000000000001,0.009000000000000003,0.009000000000000001,1.734723475976807e-18,0.5,0.506,0.5025000000000001,0.502,0.0016583123951777014,0.031,0.032,0.031950000000000006,0.032,0.00021794494717703385,0.319,0.329,0.32330000000000003,0.323,0.0025903667693977263,0.007,0.007,0.007000000000000001,0.007,8.673617379884035e-19,32,32,4096,11008,32016,True,248,1
0.012,0.014,0.013190476190476193,0.013000000000000001,0.0004994327848429291,0.008,0.009000000000000001,0.008950000000000003,0.009000000000000001,0.00021794494717703385,0.28300000000000003,0.292,0.28725,0.28700000000000003,0.002255548713727976,0.016,0.017,0.016150000000000005,0.016,0.00035707142142714284,0.122,0.131,0.12635,0.126,0.002393219588754866,0.009000000000000001,0.01,0.009100000000000002,0.009000000000000001,0.00029999999999999976,0.494,0.51,0.50185,0.502,0.003705064102009576,0.031,0.032,0.03135,0.031,0.00047696960070847314,0.312,0.336,0.3253,0.326,0.005780138406647375,0.007,0.007,0.007000000000000001,0.007,8.673617379884035e-19,32,32,4096,11008,32016,True,240,1
0.011,0.013000000000000001,0.012904761904761908,0.013000000000000001,0.0004259177099999603,0.008,0.009000000000000001,0.008950000000000003,0.009000000000000001,0.00021794494717703385,0.278,0.289,0.28280000000000005,0.28300000000000003,0.0027313000567495286,0.015,0.016,0.015650000000000004,0.016,0.0004769696007084733,0.121,0.14100000000000001,0.12490000000000001,0.125,0.0041460824883255785,0.009000000000000001,0.009000000000000001,0.009000000000000003,0.009000000000000001,1.734723475976807e-18,0.491,0.503,0.49665,0.496,0.0028683619018526956,0.03,0.031,0.030400000000000003,0.03,0.000489897948556636,0.309,0.328,0.3181,0.32,0.005117616632769599,0.007,0.007,0.007000000000000001,0.007,8.673617379884035e-19,32,32,4096,11008,32016,True,232,1
0.01,0.013000000000000001,0.012571428571428575,0.013000000000000001,0.0007284313590846837,0.009000000000000001,0.009000000000000001,0.009000000000000003,0.009000000000000001,1.734723475976807e-18,0.276,0.28500000000000003,0.2816,0.28200000000000003,0.002244994432064367,0.015,0.016,0.015150000000000002,0.015,0.0003570714214271428,0.11800000000000001,0.126,0.1227,0.123,0.0017058722109231975,0.009000000000000001,0.009000000000000001,0.009000000000000003,0.009000000000000001,1.734723475976807e-18,0.491,0.5,0.49424999999999997,0.494,0.0022332711434127316,0.03,0.03,0.030000000000000006,0.03,6.938893903907228e-18,0.316,0.327,0.3197,0.319,0.0033630343441600503,0.007,0.007,0.007000000000000001,0.007,8.673617379884035e-19,32,32,4096,11008,32016,True,224,1
0.01,0.012,0.011904761904761908,0.012,0.00042591770999995997,0.008,0.009000000000000001,0.008350000000000002,0.008,0.00047696960070847325,0.273,0.281,0.27665000000000006,0.2765,0.0020068632240389495,0.014,0.015,0.014350000000000002,0.014,0.0004769696007084724,0.11800000000000001,0.123,0.12004999999999999,0.1195,0.0014991664350564903,0.009000000000000001,0.009000000000000001,0.009000000000000003,0.009000000000000001,1.734723475976807e-18,0.483,0.497,0.4898999999999999,0.491,0.003672873534441395,0.029,0.029,0.029000000000000005,0.029,3.469446951953614e-18,0.304,0.315,0.30950000000000005,0.3105,0.004466542286825463,0.007,0.007,0.007000000000000001,0.007,8.673617379884035e-19,32,32,4096,11008,32016,True,216,1
0.01,0.012,0.011904761904761908,0.012,0.00042591770999995997,0.008,0.009000000000000001,0.008400000000000001,0.008,0.0004898979485566361,0.272,0.28600000000000003,0.27790000000000015,0.277,0.003064310689208915,0.013000000000000001,0.015,0.014050000000000002,0.014,0.00038405728739343006,0.117,0.122,0.12015,0.1205,0.001351850583459573,0.008,0.009000000000000001,0.008950000000000003,0.009000000000000001,0.00021794494717703385,0.483,0.488,0.48584999999999995,0.486,0.0014239030865898156,0.026000000000000002,0.027,0.026350000000000005,0.026000000000000002,0.00047696960070847157,0.304,0.318,0.3123,0.314,0.004691481642295965,0.007,0.007,0.007000000000000001,0.007,8.673617379884035e-19,32,32,4096,11008,32016,True,208,1
0.009000000000000001,0.011,0.010904761904761907,0.011,0.0004259177099999596,0.008,0.009000000000000001,0.008050000000000002,0.008,0.00021794494717703388,0.27,0.28200000000000003,0.27349999999999997,0.273,0.003232645975048926,0.013000000000000001,0.014,0.013300000000000003,0.013000000000000001,0.00045825756949558356,0.117,0.12,0.11805000000000003,0.11800000000000001,0.0010234744745229356,0.008,0.009000000000000001,0.008650000000000001,0.009000000000000001,0.0004769696007084733,0.482,0.486,0.4841499999999999,0.484,0.0011521718621802922,0.025,0.026000000000000002,0.025950000000000008,0.026000000000000002,0.00021794494717703385,0.301,0.313,0.30660000000000004,0.3075,0.0036932370625238804,0.007,0.007,0.007000000000000001,0.007,8.673617379884035e-19,32,32,4096,11008,32016,True,200,1
0.009000000000000001,0.012,0.01142857142857143,0.012,0.0007284313590846835,0.008,0.009000000000000001,0.008100000000000001,0.008,0.0003000000000000003,0.228,0.234,0.23025000000000007,0.23,0.0014790199457749055,0.012,0.013000000000000001,0.012150000000000003,0.012,0.0003570714214271428,0.085,0.088,0.08680000000000002,0.08700000000000001,0.000979795897113267,0.008,0.009000000000000001,0.008850000000000002,0.009000000000000001,0.0003570714214271428,0.481,0.488,0.484,0.4835,0.002190890230020666,0.025,0.026000000000000002,0.025300000000000007,0.025,0.0004582575694955844,0.197,0.212,0.20265,0.201,0.004850515436528363,0.004,0.004,0.004000000000000001,0.004,8.673617379884035e-19,32,32,4096,11008,32016,True,192,1
0.009000000000000001,0.011,0.010904761904761907,0.011,0.0004259177099999596,0.008,0.008,0.008000000000000002,0.008,1.734723475976807e-18,0.249,0.25,0.24934999999999996,0.249,0.00047696960070847325,0.011,0.012,0.011650000000000002,0.012,0.0004769696007084732,0.085,0.088,0.08615,0.08600000000000001,0.0007262919523166963,0.008,0.009000000000000001,0.008850000000000002,0.009000000000000001,0.00035707142142714284,0.463,0.47500000000000003,0.46825,0.468,0.0025273503912200245,0.025,0.026000000000000002,0.025250000000000005,0.025,0.00043301270189221973,0.196,0.20600000000000002,0.19975000000000004,0.1995,0.0027545417041678665,0.004,0.004,0.004000000000000001,0.004,8.673617379884035e-19,32,32,4096,11008,32016,True,184,1
0.009000000000000001,0.01,0.009952380952380956,0.01,0.00021295885499997977,0.008,0.008,0.008000000000000002,0.008,1.734723475976807e-18,0.292,0.294,0.29315,0.293,0.0006538348415311017,0.01,0.011,0.010150000000000001,0.01,0.00035707142142714214,0.084,0.088,0.08595,0.08600000000000001,0.000804673846971553,0.008,0.009000000000000001,0.008400000000000001,0.008,0.0004898979485566361,0.465,0.47200000000000003,0.46740000000000015,0.467,0.0016852299546352733,0.025,0.025,0.025000000000000005,0.025,3.469446951953614e-18,0.193,0.202,0.19569999999999999,0.195,0.00200249843945008,0.004,0.004,0.004000000000000001,0.004,8.673617379884035e-19,32,32,4096,11008,32016,True,176,1
0.008,0.01,0.009904761904761908,0.01,0.00042591770999995997,0.006,0.007,0.006950000000000002,0.007,0.00021794494717703366,0.291,0.295,0.29224999999999995,0.292,0.0008874119674649432,0.009000000000000001,0.01,0.009400000000000002,0.009000000000000001,0.0004898979485566352,0.084,0.08600000000000001,0.0854,0.0855,0.0006633249580710807,0.007,0.007,0.007000000000000001,0.007,8.673617379884035e-19,0.467,0.47200000000000003,0.4689500000000001,0.46900000000000003,0.0014309088021254197,0.02,0.02,0.020000000000000004,0.02,3.469446951953614e-18,0.194,0.197,0.19519999999999998,0.195,0.0009273618495495713,0.004,0.004,0.004000000000000001,0.004,8.673617379884035e-19,32,32,4096,11008,32016,True,168,1
0.008,0.01,0.009142857142857145,0.009000000000000001,0.0004665694748158433,0.007,0.007,0.007000000000000001,0.007,8.673617379884035e-19,0.29,0.295,0.29259999999999997,0.293,0.0012000000000000012,0.009000000000000001,0.01,0.009050000000000002,0.009000000000000001,0.00021794494717703353,0.084,0.08700000000000001,0.08555000000000001,0.08600000000000001,0.0007399324293474378,0.007,0.007,0.007000000000000001,0.007,8.673617379884035e-19,0.464,0.46900000000000003,0.46665,0.467,0.0014924811556599313,0.019,0.02,0.019100000000000002,0.019,0.0003000000000000003,0.194,0.198,0.19605,0.196,0.0010712142642814286,0.004,0.004,0.004000000000000001,0.004,8.673617379884035e-19,32,32,4096,11008,32016,True,160,1
0.008,0.009000000000000001,0.008952380952380955,0.009000000000000001,0.00021295885499998015,0.006,0.007,0.006800000000000002,0.007,0.0004,0.294,0.296,0.295,0.295,0.00044721359549995833,0.009000000000000001,0.009000000000000001,0.009000000000000003,0.009000000000000001,1.734723475976807e-18,0.084,0.08700000000000001,0.08535000000000001,0.085,0.0006538348415311016,0.007,0.007,0.007000000000000001,0.007,8.673617379884035e-19,0.464,0.47000000000000003,0.4664499999999999,0.466,0.001160818676624391,0.018000000000000002,0.019,0.018850000000000006,0.019,0.0003570714214271416,0.192,0.197,0.1944,0.194,0.0012000000000000012,0.004,0.004,0.004000000000000001,0.004,8.673617379884035e-19,32,32,4096,11008,32016,True,152,1
0.007,0.009000000000000001,0.008333333333333335,0.008,0.0005634361698190115,0.006,0.007,0.006250000000000001,0.006,0.0004330127018922194,0.292,0.294,0.29294999999999993,0.293,0.0005894913061275802,0.009000000000000001,0.009000000000000001,0.009000000000000003,0.009000000000000001,1.734723475976807e-18,0.084,0.08600000000000001,0.08515,0.085,0.0005722761571129804,0.007,0.007,0.007000000000000001,0.007,8.673617379884035e-19,0.459,0.464,0.46130000000000004,0.461,0.0014525839046333963,0.018000000000000002,0.019,0.018050000000000004,0.018000000000000002,0.00021794494717703315,0.193,0.213,0.1959,0.195,0.004392038251199547,0.003,0.004,0.00395,0.004,0.0002179449471770337,32,32,4096,11008,32016,True,144,1
0.007,0.008,0.007952380952380954,0.008,0.00021295885499997998,0.006,0.006,0.006000000000000001,0.006,8.673617379884035e-19,0.291,0.294,0.2925,0.2925,0.0006708203932499375,0.008,0.009000000000000001,0.008350000000000002,0.008,0.00047696960070847325,0.111,0.112,0.11185000000000003,0.112,0.00035707142142714284,0.006,0.007,0.006550000000000002,0.007,0.0004974937185533101,0.456,0.459,0.45804999999999996,0.458,0.0009733961166965902,0.017,0.018000000000000002,0.017250000000000005,0.017,0.00043301270189221973,0.281,0.28200000000000003,0.28109999999999996,0.281,0.0003000000000000003,0.005,0.006,0.0056500000000000005,0.006,0.00047696960070847287,32,32,4096,11008,32016,True,136,1
0.007,0.008,0.007714285714285716,0.008,0.00045175395145262556,0.006,0.006,0.006000000000000001,0.006,8.673617379884035e-19,0.222,0.227,0.22430000000000003,0.224,0.0014177446878757838,0.006,0.006,0.006000000000000001,0.006,8.673617379884035e-19,0.073,0.075,0.07375000000000001,0.074,0.0005361902647381809,0.006,0.007,0.006100000000000001,0.006,0.00030000000000000003,0.429,0.435,0.43185,0.432,0.0016815171720800254,0.017,0.018000000000000002,0.017550000000000003,0.018000000000000002,0.0004974937185533105,0.179,0.181,0.17985,0.18,0.0004769696007084733,0.003,0.004,0.0036500000000000005,0.004,0.0004769696007084729,32,32,4096,11008,32016,True,128,1
0.006,0.008,0.007047619047619048,0.007,0.0003749527559053243,0.006,0.006,0.006000000000000001,0.006,8.673617379884035e-19,0.221,0.225,0.22310000000000002,0.223,0.001135781669160056,0.006,0.006,0.006000000000000001,0.006,8.673617379884035e-19,0.073,0.074,0.07325,0.073,0.0004330127018922198,0.006,0.006,0.006000000000000001,0.006,8.673617379884035e-19,0.426,0.429,0.42794999999999994,0.428,0.001023474474522937,0.016,0.017,0.016950000000000003,0.017,0.00021794494717703385,0.179,0.182,0.17980000000000002,0.18,0.0007483314773547889,0.003,0.003,0.0030000000000000005,0.003,4.336808689942018e-19,32,32,4096,11008,32016,True,120,1
0.006,0.007,0.006952380952380955,0.007,0.00021295885499997996,0.006,0.006,0.006000000000000001,0.006,8.673617379884035e-19,0.22,0.223,0.22164999999999999,0.222,0.0007921489758877437,0.006,0.006,0.006000000000000001,0.006,8.673617379884035e-19,0.07200000000000001,0.074,0.07309999999999998,0.073,0.00043588989435406597,0.006,0.006,0.006000000000000001,0.006,8.673617379884035e-19,0.422,0.426,0.4247000000000001,0.425,0.0010535653752852749,0.016,0.016,0.016000000000000004,0.016,3.469446951953614e-18,0.178,0.181,0.1792,0.179,0.000979795897113272,0.003,0.003,0.0030000000000000005,0.003,4.336808689942018e-19,32,32,4096,11008,32016,True,112,1
0.006,0.007,0.006476190476190478,0.006,0.0004994327848429294,0.006,0.006,0.006000000000000001,0.006,8.673617379884035e-19,0.22,0.223,0.22135000000000002,0.221,0.0009096702699330132,0.006,0.006,0.006000000000000001,0.006,8.673617379884035e-19,0.073,0.074,0.07309999999999998,0.073,0.00030000000000000024,0.006,0.006,0.006000000000000001,0.006,8.673617379884035e-19,0.42,0.423,0.42185000000000006,0.422,0.0008529361054615998,0.015,0.016,0.015900000000000004,0.016,0.0003000000000000003,0.178,0.18,0.17885,0.179,0.0007921489758877437,0.003,0.003,0.0030000000000000005,0.003,4.336808689942018e-19,32,32,4096,11008,32016,True,104,1
0.005,0.006,0.005952380952380954,0.006,0.00021295885499997998,0.006,0.006,0.006000000000000001,0.006,8.673617379884035e-19,0.218,0.222,0.21995,0.22,0.0011169153951844349,0.006,0.006,0.006000000000000001,0.006,8.673617379884035e-19,0.07200000000000001,0.074,0.07299999999999998,0.073,0.00044721359549995524,0.006,0.006,0.006000000000000001,0.006,8.673617379884035e-19,0.41600000000000004,0.421,0.4185,0.419,0.0009746794344808901,0.015,0.015,0.015000000000000003,0.015,3.469446951953614e-18,0.177,0.179,0.17824999999999996,0.178,0.0006224949798994372,0.003,0.003,0.0030000000000000005,0.003,4.336808689942018e-19,32,32,4096,11008,32016,True,96,1
0.005,0.006,0.005952380952380954,0.006,0.00021295885499997998,0.005,0.006,0.005950000000000001,0.006,0.00021794494717703366,0.218,0.222,0.21929999999999997,0.219,0.0009539392014169465,0.006,0.006,0.006000000000000001,0.006,8.673617379884035e-19,0.07200000000000001,0.074,0.07304999999999999,0.073,0.00038405728739342886,0.006,0.006,0.006000000000000001,0.006,8.673617379884035e-19,0.41400000000000003,0.418,0.41645000000000004,0.4165,0.0009205976319760766,0.014,0.015,0.014600000000000002,0.015,0.0004898979485566352,0.176,0.179,0.1769,0.177,0.0007000000000000006,0.003,0.003,0.0030000000000000005,0.003,4.336808689942018e-19,32,32,4096,11008,32016,True,88,1
0.005,0.006,0.005952380952380954,0.006,0.00021295885499997998,0.004,0.004,0.004000000000000001,0.004,8.673617379884035e-19,0.218,0.222,0.22025,0.22,0.0009420721840708395,0.004,0.005,0.004450000000000001,0.004,0.0004974937185533101,0.078,0.081,0.07975000000000002,0.08,0.0006224949798994372,0.004,0.005,0.004550000000000001,0.005,0.00049749371855331,0.41300000000000003,0.41500000000000004,0.4141500000000001,0.41400000000000003,0.0007262919523166982,0.009000000000000001,0.01,0.009250000000000003,0.009000000000000001,0.00043301270189221897,0.21,0.211,0.21039999999999998,0.21,0.000489897948556636,0.002,0.003,0.0028500000000000005,0.003,0.0003570714214271425,32,32,4096,11008,32016,True,80,1
0.004,0.006,0.005095238095238095,0.005,0.0004259177099999599,0.004,0.004,0.004000000000000001,0.004,8.673617379884035e-19,0.217,0.221,0.2189,0.219,0.0011357816691600557,0.004,0.005,0.004500000000000001,0.0045000000000000005,0.0005,0.078,0.08,0.07905000000000001,0.079,0.0004974937185533105,0.004,0.005,0.004050000000000001,0.004,0.0002179449471770337,0.41000000000000003,0.41300000000000003,0.41109999999999997,0.41100000000000003,0.0008306623862918082,0.009000000000000001,0.009000000000000001,0.009000000000000003,0.009000000000000001,1.734723475976807e-18,0.20800000000000002,0.21,0.20885000000000004,0.209,0.0007262919523166868,0.002,0.003,0.0025000000000000005,0.0025,0.0005,32,32,4096,11008,32016,True,72,1
0.004,0.005,0.004952380952380954,0.005,0.00021295885499997998,0.004,0.004,0.004000000000000001,0.004,8.673617379884035e-19,0.198,0.201,0.19980000000000003,0.2,0.0007483314773547889,0.004,0.005,0.004700000000000001,0.005,0.00045825756949558405,0.073,0.075,0.0742,0.074,0.0006000000000000005,0.004,0.004,0.004000000000000001,0.004,8.673617379884035e-19,0.455,0.468,0.45975,0.4595,0.0034478254016118656,0.007,0.008,0.007350000000000001,0.007,0.00047696960070847287,0.18,0.183,0.18145,0.1815,0.0007399324293474377,0.002,0.003,0.0028000000000000004,0.003,0.0004,32,32,4096,11008,32016,True,64,1
0.004,0.005,0.004952380952380954,0.005,0.00021295885499997998,0.004,0.004,0.004000000000000001,0.004,8.673617379884035e-19,0.2,0.202,0.20035000000000003,0.2,0.0005722761571129804,0.004,0.005,0.004500000000000001,0.0045000000000000005,0.0005,0.068,0.069,0.06820000000000001,0.068,0.0004000000000000003,0.004,0.004,0.004000000000000001,0.004,8.673617379884035e-19,0.449,0.459,0.45285000000000003,0.453,0.0020560885194952105,0.007,0.007,0.007000000000000001,0.007,8.673617379884035e-19,0.17300000000000001,0.177,0.17435,0.17400000000000002,0.0009096702699330093,0.002,0.003,0.0020500000000000006,0.002,0.0002179449471770337,32,32,4096,11008,32016,True,56,1
0.004,0.005,0.0041904761904761915,0.004,0.000392676726249301,0.004,0.004,0.004000000000000001,0.004,8.673617379884035e-19,0.198,0.2,0.1984,0.198,0.0006633249580710806,0.004,0.005,0.004250000000000001,0.004,0.0004330127018922194,0.067,0.068,0.06790000000000002,0.068,0.00030000000000000024,0.004,0.004,0.004000000000000001,0.004,8.673617379884035e-19,0.445,0.452,0.44835,0.448,0.0020802644062714736,0.006,0.007,0.006850000000000002,0.007,0.0003570714214271425,0.17200000000000001,0.17400000000000002,0.17295000000000002,0.17300000000000001,0.0005894913061275804,0.002,0.003,0.0020500000000000006,0.002,0.0002179449471770337,32,32,4096,11008,32016,True,48,1
0.003,0.004,0.003952380952380953,0.004,0.00021295885499997998,0.004,0.004,0.004000000000000001,0.004,8.673617379884035e-19,0.197,0.2,0.19770000000000004,0.198,0.0007810249675906662,0.004,0.005,0.004250000000000001,0.004,0.00043301270189221935,0.067,0.068,0.0672,0.067,0.00040000000000000034,0.004,0.004,0.004000000000000001,0.004,8.673617379884035e-19,0.441,0.449,0.44535,0.445,0.0015898113095584659,0.006,0.007,0.0065000000000000014,0.006500000000000001,0.0005,0.17,0.17300000000000001,0.17225000000000001,0.17200000000000001,0.0006982120021884477,0.002,0.002,0.0020000000000000005,0.002,4.336808689942018e-19,32,32,4096,11008,32016,True,40,1
0.003,0.004,0.003952380952380953,0.004,0.00021295885499997998,0.004,0.004,0.004000000000000001,0.004,8.673617379884035e-19,0.20600000000000002,0.20700000000000002,0.20625,0.20600000000000002,0.0004330127018922198,0.006,0.006,0.006000000000000001,0.006,8.673617379884035e-19,0.068,0.069,0.06810000000000002,0.068,0.00030000000000000024,0.004,0.004,0.004000000000000001,0.004,8.673617379884035e-19,0.358,0.36,0.35955000000000004,0.36,0.0005894913061275802,0.007,0.007,0.007000000000000001,0.007,8.673617379884035e-19,0.171,0.17300000000000001,0.17160000000000003,0.17200000000000001,0.0005830951894845306,0.002,0.002,0.0020000000000000005,0.002,4.336808689942018e-19,32,32,4096,11008,32016,True,32,1
0.003,0.004,0.0039047619047619057,0.004,0.00029354352395090366,0.003,0.004,0.0032500000000000007,0.003,0.0004330127018922193,0.196,0.199,0.19755,0.197,0.0008046738469715547,0.004,0.005,0.004200000000000001,0.004,0.0004,0.067,0.068,0.0678,0.068,0.0004000000000000003,0.004,0.004,0.004000000000000001,0.004,8.673617379884035e-19,0.362,0.372,0.3677499999999999,0.3675,0.0026433879775772627,0.006,0.007,0.0063500000000000015,0.006,0.00047696960070847287,0.169,0.17,0.16960000000000003,0.17,0.000489897948556636,0.002,0.002,0.0020000000000000005,0.002,4.336808689942018e-19,32,32,4096,11008,32016,True,24,1
0.007,0.011,0.010380952380952383,0.011,0.0008984743935292001,0.003,0.004,0.0036000000000000003,0.004,0.0004898979485566356,0.185,0.187,0.18635,0.186,0.0006538348415311016,0.006,0.007,0.0060500000000000016,0.006,0.0002179449471770337,0.065,0.066,0.06590000000000001,0.066,0.00030000000000000024,0.004,0.004,0.004000000000000001,0.004,8.673617379884035e-19,0.328,0.33,0.32889999999999997,0.329,0.0007681145747868615,0.007,0.007,0.007000000000000001,0.007,8.673617379884035e-19,0.168,0.17,0.16870000000000002,0.169,0.0005567764362830027,0.002,0.002,0.0020000000000000005,0.002,4.336808689942018e-19,32,32,4096,11008,32016,True,16,1
0.004,0.006,0.005904761904761906,0.006,0.00042591770999995997,0.003,0.004,0.0037500000000000007,0.004,0.00043301270189221935,0.177,0.179,0.17795,0.178,0.00038405728739343076,0.004,0.005,0.004050000000000001,0.004,0.0002179449471770337,0.065,0.066,0.06509999999999999,0.065,0.00030000000000000024,0.004,0.004,0.004000000000000001,0.004,8.673617379884035e-19,0.323,0.325,0.32470000000000004,0.325,0.0005567764362830027,0.007,0.008,0.007050000000000001,0.007,0.0002179449471770337,0.167,0.168,0.1674,0.167,0.000489897948556636,0.002,0.002,0.0020000000000000005,0.002,4.336808689942018e-19,32,32,4096,11008,32016,True,8,1
0.003,0.004,0.003952380952380953,0.004,0.00021295885499997998,0.003,0.004,0.003550000000000001,0.004,0.0004974937185533101,0.177,0.178,0.17729999999999999,0.177,0.0004582575694955844,0.004,0.004,0.004000000000000001,0.004,8.673617379884035e-19,0.065,0.065,0.06499999999999999,0.065,1.3877787807814457e-17,0.004,0.004,0.004000000000000001,0.004,8.673617379884035e-19,0.321,0.324,0.32250000000000006,0.3225,0.0006708203932499375,0.007,0.007,0.007000000000000001,0.007,8.673617379884035e-19,0.167,0.168,0.16704999999999998,0.167,0.00021794494717703388,0.002,0.002,0.0020000000000000005,0.002,4.336808689942018e-19,32,32,4096,11008,32016,True,4,1
0.002,0.003,0.002952380952380953,0.003,0.00021295885499997998,0.003,0.004,0.0039000000000000007,0.004,0.00030000000000000003,0.176,0.178,0.17685,0.177,0.00047696960070847325,0.004,0.004,0.004000000000000001,0.004,8.673617379884035e-19,0.065,0.065,0.06499999999999999,0.065,1.3877787807814457e-17,0.004,0.004,0.004000000000000001,0.004,8.673617379884035e-19,0.32,0.322,0.3214,0.3215,0.0006633249580710807,0.007,0.007,0.007000000000000001,0.007,8.673617379884035e-19,0.166,0.167,0.16679999999999998,0.167,0.00040000000000000034,0.002,0.002,0.0020000000000000005,0.002,4.336808689942018e-19,32,32,4096,11008,32016,True,2,1
0.002,0.002,0.0020000000000000005,0.002,4.336808689942018e-19,0.004,0.004,0.004000000000000001,0.004,8.673617379884035e-19,0.181,0.183,0.18175,0.182,0.0005361902647381809,0.006,0.006,0.006000000000000001,0.006,8.673617379884035e-19,0.063,0.064,0.06344999999999999,0.063,0.0004974937185533104,0.004,0.004,0.004000000000000001,0.004,8.673617379884035e-19,0.319,0.322,0.32045,0.32,0.0006689544080129832,0.007,0.007,0.007000000000000001,0.007,8.673617379884035e-19,0.161,0.164,0.16235,0.162,0.0007262919523166982,0.002,0.002,0.0020000000000000005,0.002,4.336808689942018e-19,32,32,4096,11008,32016,True,1,1
