time_stats.emb.min,time_stats.emb.max,time_stats.emb.mean,time_stats.emb.median,time_stats.emb.std,time_stats.input_layernorm.min,time_stats.input_layernorm.max,time_stats.input_layernorm.mean,time_stats.input_layernorm.median,time_stats.input_layernorm.std,time_stats.attn_pre_proj.min,time_stats.attn_pre_proj.max,time_stats.attn_pre_proj.mean,time_stats.attn_pre_proj.median,time_stats.attn_pre_proj.std,time_stats.attn_rope.min,time_stats.attn_rope.max,time_stats.attn_rope.mean,time_stats.attn_rope.median,time_stats.attn_rope.std,time_stats.attn_post_proj.min,time_stats.attn_post_proj.max,time_stats.attn_post_proj.mean,time_stats.attn_post_proj.median,time_stats.attn_post_proj.std,time_stats.post_attention_layernorm.min,time_stats.post_attention_layernorm.max,time_stats.post_attention_layernorm.mean,time_stats.post_attention_layernorm.median,time_stats.post_attention_layernorm.std,time_stats.mlp_up_proj.min,time_stats.mlp_up_proj.max,time_stats.mlp_up_proj.mean,time_stats.mlp_up_proj.median,time_stats.mlp_up_proj.std,time_stats.mlp_act.min,time_stats.mlp_act.max,time_stats.mlp_act.mean,time_stats.mlp_act.median,time_stats.mlp_act.std,time_stats.mlp_down_proj.min,time_stats.mlp_down_proj.max,time_stats.mlp_down_proj.mean,time_stats.mlp_down_proj.median,time_stats.mlp_down_proj.std,time_stats.add.min,time_stats.add.max,time_stats.add.mean,time_stats.add.median,time_stats.add.std,n_head,n_kv_head,n_embd,n_expanded_embd,vocab_size,use_gated_mlp,num_tokens,num_tensor_parallel_workers
0.097,0.101,0.09919047619047622,0.1,0.0010962728031639378,0.10200000000000001,0.106,0.10445,0.105,0.001116915395184429,0.432,0.452,0.44215,0.444,0.005597097462078007,0.075,0.076,0.07544999999999999,0.075,0.0004974937185533104,0.342,0.356,0.34864999999999996,0.35000000000000003,0.004519679192155114,0.10200000000000001,0.106,0.10430000000000002,0.105,0.0013820274961085204,2.359,2.432,2.39725,2.403,0.019866743568083822,0.358,0.361,0.3594500000000001,0.36,0.0008645808232895299,1.133,1.196,1.1646500000000002,1.171,0.0192828291492716,0.084,0.08600000000000001,0.085,0.085,0.00044721359549995833,32,8,2048,8192,128256,True,4096,1
0.1,0.10200000000000001,0.10119047619047619,0.101,0.0005870870479018079,0.106,0.107,0.1066,0.107,0.0004898979485566361,0.45,0.455,0.45280000000000004,0.454,0.0018601075237738292,0.075,0.076,0.07575000000000001,0.076,0.0004330127018922197,0.355,0.36,0.35744999999999993,0.358,0.0016271140095272991,0.106,0.107,0.10654999999999999,0.107,0.0004974937185533104,2.428,2.484,2.44805,2.4459999999999997,0.013800271736455046,0.36,0.361,0.36064999999999997,0.361,0.00047696960070847325,1.187,1.206,1.19695,1.197,0.005852136362047609,0.084,0.085,0.08485000000000001,0.085,0.00035707142142714284,32,8,2048,8192,128256,True,4096,1
0.1,0.10200000000000001,0.1004761904761905,0.1,0.0005870870479018079,0.106,0.107,0.10620000000000003,0.106,0.00040000000000000034,0.449,0.454,0.45145,0.4515,0.0019098429254784295,0.075,0.076,0.07504999999999999,0.075,0.00021794494717703385,0.356,0.36,0.35729999999999995,0.357,0.0013076696830622032,0.10400000000000001,0.107,0.10529999999999999,0.105,0.0007810249675906626,2.424,2.456,2.4396,2.439,0.00823650411278959,0.357,0.359,0.3576999999999999,0.358,0.0005567764362830027,1.184,1.213,1.19925,1.1985000000000001,0.007428828979051813,0.083,0.085,0.08415,0.084,0.0005722761571129804,32,8,2048,8192,128256,True,4064,1
0.1,0.10300000000000001,0.1012857142857143,0.101,0.0006281383789653776,0.106,0.107,0.10619999999999999,0.106,0.00040000000000000034,0.456,0.463,0.45965000000000017,0.459,0.001930673457630784,0.074,0.075,0.07465,0.075,0.0004769696007084732,0.361,0.366,0.36335,0.363,0.0015580436450882897,0.105,0.107,0.10594999999999999,0.106,0.00038405728739343076,2.456,2.508,2.4765,2.475,0.012265806129235838,0.355,0.356,0.35574999999999996,0.356,0.0004330127018922196,1.24,1.363,1.27765,1.2675,0.029240853270723798,0.083,0.08700000000000001,0.085,0.085,0.0010488088481701524,32,8,2048,8192,128256,True,4032,1
0.097,0.1,0.09885714285714287,0.099,0.000888321814579888,0.10300000000000001,0.106,0.1042,0.10400000000000001,0.0009273618495495652,0.442,0.457,0.44989999999999997,0.4505,0.005127377497317712,0.073,0.074,0.07375000000000001,0.074,0.0004330127018922197,0.35000000000000003,0.361,0.35609999999999997,0.3565,0.003948417404479914,0.10300000000000001,0.106,0.10415,0.10400000000000001,0.0009630680142129057,2.3770000000000002,2.463,2.4226000000000005,2.425,0.025344427395386115,0.35100000000000003,0.353,0.35205000000000003,0.352,0.0005894913061275655,1.174,1.222,1.1946,1.193,0.013701824696003088,0.081,0.084,0.08265,0.083,0.0007262919523166982,32,8,2048,8192,128256,True,4000,1
0.096,0.099,0.0981904761904762,0.098,0.0007315376902732014,0.10200000000000001,0.10400000000000001,0.10350000000000001,0.10400000000000001,0.0006708203932499376,0.449,0.457,0.45439999999999997,0.456,0.0027640549922170526,0.07200000000000001,0.073,0.07275000000000001,0.073,0.00043301270189221366,0.269,0.274,0.27255,0.274,0.0019868316486305547,0.10200000000000001,0.10400000000000001,0.10350000000000001,0.10400000000000001,0.0006708203932499376,2.352,2.412,2.3843500000000004,2.3905000000000003,0.015850157727921862,0.34900000000000003,0.35000000000000003,0.34959999999999997,0.35000000000000003,0.000489897948556636,0.997,1.016,1.0097500000000001,1.0150000000000001,0.007133547504573072,0.08700000000000001,0.089,0.0878,0.088,0.000599999999999995,32,8,2048,8192,128256,True,3968,1
0.097,0.099,0.09804761904761905,0.098,0.00048562090605645613,0.10300000000000001,0.10400000000000001,0.10345000000000001,0.10300000000000001,0.0004974937185533104,0.456,0.458,0.4567000000000001,0.457,0.0005567764362830027,0.07200000000000001,0.07200000000000001,0.07200000000000002,0.07200000000000001,1.3877787807814457e-17,0.274,0.275,0.2741,0.274,0.00030000000000000024,0.10300000000000001,0.10400000000000001,0.10335000000000001,0.10300000000000001,0.0004769696007084732,2.38,2.4130000000000003,2.3923,2.392,0.0082164469206586,0.34700000000000003,0.34800000000000003,0.34715000000000007,0.34700000000000003,0.0003570714214271428,1.0150000000000001,1.0150000000000001,1.0150000000000001,1.0150000000000001,0.0,0.08600000000000001,0.088,0.08695,0.08700000000000001,0.0004974937185533076,32,8,2048,8192,128256,True,3936,1
0.095,0.098,0.09657142857142857,0.097,0.0007284313590846842,0.101,0.10300000000000001,0.1024,0.10300000000000001,0.0007348469228349539,0.444,0.456,0.45125000000000004,0.452,0.004205650960315185,0.07100000000000001,0.07200000000000001,0.07125000000000001,0.07100000000000001,0.00043301270189221973,0.266,0.274,0.2712,0.2715,0.002619160170741761,0.101,0.10300000000000001,0.1022,0.10200000000000001,0.0007483314773547889,2.14,2.197,2.1740000000000004,2.1775,0.021400934559032705,0.343,0.34500000000000003,0.3439,0.34400000000000003,0.0006244997998398403,0.987,1.0150000000000001,1.0028000000000001,1.0055,0.010703270528207777,0.08600000000000001,0.08700000000000001,0.08635000000000001,0.08600000000000001,0.0004769696007084732,32,8,2048,8192,128256,True,3904,1
0.095,0.097,0.09600000000000002,0.096,0.0006172133998483682,0.101,0.10200000000000001,0.1012,0.101,0.00040000000000000034,0.453,0.458,0.4546,0.454,0.0014628738838327808,0.07,0.07100000000000001,0.07095,0.07100000000000001,0.00021794494717703385,0.273,0.276,0.27365,0.273,0.0011079259903080177,0.101,0.10200000000000001,0.1012,0.101,0.00040000000000000034,2.1750000000000003,2.203,2.18585,2.183,0.007080077683189625,0.34,0.342,0.3410500000000001,0.341,0.00038405728739343076,1.008,1.0190000000000001,1.0106499999999998,1.0090000000000001,0.004198511641046175,0.084,0.08600000000000001,0.0848,0.085,0.0005099019513592789,32,8,2048,8192,128256,True,3872,1
0.093,0.096,0.09461904761904763,0.095,0.0009988655696858595,0.099,0.10200000000000001,0.1005,0.101,0.0009219544457292896,0.442,0.458,0.4510500000000001,0.453,0.005132981589680606,0.069,0.07,0.06904999999999999,0.069,0.00021794494717703388,0.265,0.274,0.27045,0.2715,0.003106042498099474,0.099,0.101,0.1002,0.1,0.0008124038404635967,2.045,2.111,2.08245,2.0915,0.02308782146500617,0.338,0.34,0.33885000000000004,0.339,0.0005722761571129803,0.979,1.0150000000000001,1.0008500000000002,1.0050000000000001,0.012523078694953617,0.084,0.08600000000000001,0.08445000000000001,0.084,0.0005894913061275802,32,8,2048,8192,128256,True,3840,1
0.092,0.095,0.09361904761904762,0.094,0.0009988655696858595,0.098,0.101,0.09995000000000001,0.1,0.0010712142642814288,0.444,0.459,0.4528500000000001,0.454,0.005150485414016823,0.068,0.069,0.06875,0.069,0.0004330127018922198,0.266,0.276,0.27225,0.2735,0.003418698582794339,0.097,0.101,0.09925000000000002,0.0995,0.0010428326807307114,2.053,2.119,2.0917000000000003,2.0975,0.022627637967759733,0.335,0.337,0.3361,0.336,0.0005385164807134509,0.982,1.018,1.00425,1.008,0.012684143644724337,0.083,0.085,0.08385,0.084,0.0007262919523166982,32,8,2048,8192,128256,True,3808,1
0.091,0.094,0.09233333333333332,0.093,0.0008908708063747488,0.096,0.099,0.098,0.0985,0.00122474487139159,0.438,0.453,0.44855,0.4515,0.005517925334761249,0.068,0.068,0.06800000000000002,0.068,1.3877787807814457e-17,0.263,0.272,0.26960000000000006,0.271,0.00312089730686545,0.096,0.099,0.09815,0.099,0.0011521718621802922,2.032,2.09,2.0739,2.0855,0.019889444436685482,0.332,0.334,0.33295,0.333,0.0005894913061275804,0.97,1.006,0.9957499999999999,1.0050000000000001,0.013812584841368419,0.082,0.084,0.08315,0.083,0.0004769696007084733,32,8,2048,8192,128256,True,3776,1
0.091,0.093,0.09228571428571429,0.092,0.0005471012044321936,0.097,0.099,0.09800000000000002,0.098,0.0007071067811865482,0.444,0.457,0.4508,0.452,0.003906404996924925,0.067,0.068,0.06745000000000001,0.067,0.0004974937185533104,0.266,0.274,0.2705,0.271,0.0024799193535274514,0.097,0.099,0.09800000000000002,0.098,0.0006324555320336764,2.05,2.104,2.0806,2.084,0.016350535159437494,0.33,0.331,0.3304500000000001,0.33,0.0004974937185533104,0.987,1.0150000000000001,1.0031999999999999,1.0050000000000001,0.008766983517721512,0.081,0.083,0.08245,0.0825,0.0005894913061275802,32,8,2048,8192,128256,True,3744,1
0.09,0.093,0.09123809523809524,0.091,0.0008109231602822103,0.095,0.097,0.0961,0.096,0.0006244997998398403,0.444,0.453,0.44905,0.449,0.0026358110706194426,0.066,0.066,0.06600000000000002,0.066,1.3877787807814457e-17,0.266,0.272,0.26935000000000003,0.269,0.001956399754651387,0.095,0.097,0.09620000000000002,0.096,0.0006000000000000006,2.055,2.092,2.0720000000000005,2.072,0.013524052647043355,0.323,0.324,0.3236,0.324,0.0004898979485566361,0.986,1.006,0.9974999999999999,0.996,0.0067933791297115475,0.081,0.082,0.08145,0.081,0.0004974937185533104,32,8,2048,8192,128256,True,3712,1
0.09,0.092,0.09061904761904761,0.091,0.000575383141599742,0.095,0.097,0.09590000000000001,0.096,0.0006244997998398404,0.444,0.453,0.44955,0.4515,0.0029912372022292077,0.065,0.066,0.06585,0.066,0.00035707142142714284,0.266,0.271,0.26949999999999996,0.271,0.002012461179749813,0.095,0.097,0.09590000000000001,0.096,0.0006244997998398404,2.051,2.092,2.07485,2.0775,0.014339717570440497,0.32,0.321,0.3207999999999999,0.321,0.00040000000000000034,0.987,1.006,0.9991499999999999,1.0050000000000001,0.007199131892110377,0.08,0.082,0.08070000000000001,0.081,0.0006403124237432854,32,8,2048,8192,128256,True,3680,1
0.088,0.092,0.09009523809523809,0.09,0.0011086139739831264,0.094,0.097,0.09580000000000001,0.096,0.0011224972160321835,0.441,0.457,0.4509,0.452,0.005881326381013049,0.065,0.065,0.06499999999999999,0.065,1.3877787807814457e-17,0.264,0.274,0.27090000000000003,0.2715,0.0032848135411313716,0.094,0.097,0.09565000000000001,0.096,0.0008529361054615998,2.177,2.258,2.225,2.2335000000000003,0.023912339910598455,0.32,0.322,0.32155000000000006,0.322,0.0006689544080129832,0.978,1.0150000000000001,1.0030000000000001,1.0055,0.014135062787267736,0.079,0.081,0.08020000000000001,0.08,0.0005099019513592789,32,8,2048,8192,128256,True,3648,1
0.089,0.091,0.08980952380952381,0.09,0.0007315376902732014,0.094,0.095,0.09444999999999999,0.094,0.0004974937185533104,0.447,0.456,0.4513,0.4515,0.003179622619116932,0.064,0.065,0.06470000000000001,0.065,0.0004582575694955844,0.268,0.274,0.2708499999999999,0.271,0.0018781639970992963,0.094,0.095,0.09435,0.094,0.00047696960070847325,2.202,2.244,2.2258500000000003,2.2265,0.013372639978702838,0.318,0.32,0.31875,0.319,0.0005361902647381809,0.996,1.0150000000000001,1.00435,1.0050000000000001,0.008205333631242585,0.079,0.081,0.07959999999999999,0.08,0.0005830951894845306,32,8,2048,8192,128256,True,3616,1
0.088,0.091,0.08914285714285715,0.089,0.0007095078297976835,0.094,0.095,0.09435,0.094,0.00047696960070847325,0.363,0.37,0.36660000000000004,0.367,0.0018814887722226796,0.067,0.068,0.06720000000000001,0.067,0.0004000000000000003,0.269,0.273,0.27120000000000005,0.2715,0.001326649916142161,0.093,0.095,0.0941,0.094,0.0005385164807134509,2.122,2.166,2.1454999999999997,2.1465,0.009851395840184286,0.316,0.317,0.31625000000000003,0.316,0.0004330127018922197,0.996,1.0150000000000001,1.0066000000000002,1.0050000000000001,0.006636264009214839,0.078,0.08,0.07905,0.079,0.0004974937185533105,32,8,2048,8192,128256,True,3584,1
0.08700000000000001,0.089,0.08838095238095238,0.088,0.0005753831415997405,0.092,0.094,0.09340000000000001,0.093,0.0005830951894845307,0.365,0.369,0.36655000000000004,0.366,0.001243985530462474,0.066,0.067,0.06689999999999999,0.067,0.00030000000000000024,0.271,0.274,0.2719,0.271,0.0011357816691600557,0.092,0.094,0.0928,0.093,0.0005099019513592789,2.132,2.168,2.1475,2.143,0.011020435563080092,0.313,0.314,0.31355,0.314,0.0004974937185533104,1.0050000000000001,1.0150000000000001,1.00875,1.006,0.0042997092924987506,0.077,0.079,0.0779,0.078,0.00043588989435406776,32,8,2048,8192,128256,True,3552,1
0.08600000000000001,0.088,0.0872857142857143,0.08700000000000001,0.0005471012044321877,0.092,0.093,0.0925,0.0925,0.0005000000000000004,0.364,0.369,0.36660000000000004,0.3675,0.0016248076809271934,0.066,0.067,0.0664,0.066,0.0004898979485566361,0.271,0.274,0.27235,0.2725,0.0012359207094308287,0.092,0.093,0.09245,0.092,0.0004974937185533104,2.126,2.161,2.1466499999999997,2.151,0.0107576716811771,0.31,0.312,0.311,0.311,0.0003162277660168382,1.0050000000000001,1.0150000000000001,1.0106000000000002,1.014,0.004684015371452166,0.077,0.078,0.07725,0.077,0.0004330127018922198,32,8,2048,8192,128256,True,3520,1
0.08600000000000001,0.088,0.08714285714285715,0.08700000000000001,0.0006388765649999352,0.092,0.093,0.09225000000000001,0.092,0.0004330127018922197,0.364,0.368,0.36615000000000003,0.367,0.001525614630239237,0.065,0.066,0.06580000000000001,0.066,0.00040000000000000034,0.271,0.274,0.2721,0.2725,0.001044030650891056,0.092,0.093,0.09205,0.092,0.00021794494717703385,2.129,2.157,2.14425,2.146,0.009224288590455156,0.307,0.308,0.30794999999999995,0.308,0.00021794494717703385,1.0050000000000001,1.0150000000000001,1.0104000000000002,1.014,0.004705316142407435,0.076,0.078,0.07685,0.077,0.0006538348415311016,32,8,2048,8192,128256,True,3488,1
0.08600000000000001,0.088,0.08704761904761905,0.08700000000000001,0.0004856209060564522,0.091,0.091,0.091,0.091,0.0,0.367,0.368,0.36750000000000005,0.3675,0.0005000000000000004,0.065,0.065,0.06499999999999999,0.065,1.3877787807814457e-17,0.273,0.274,0.27309999999999995,0.273,0.0003000000000000003,0.091,0.091,0.091,0.091,0.0,2.085,2.12,2.10155,2.1014999999999997,0.007638553527992113,0.305,0.306,0.30529999999999996,0.305,0.0004582575694955844,0.974,0.976,0.9754000000000002,0.975,0.0005830951894845307,0.075,0.077,0.0759,0.076,0.00043588989435406776,32,8,2048,8192,128256,True,3456,1
0.085,0.088,0.08595238095238097,0.08600000000000001,0.0007221786137191941,0.09,0.091,0.09075,0.091,0.00043301270189221973,0.367,0.371,0.36769999999999997,0.367,0.0013076696830622032,0.064,0.065,0.06425,0.064,0.0004330127018922198,0.272,0.276,0.2733499999999999,0.273,0.0010136567466356653,0.09,0.091,0.09030000000000002,0.09,0.0004582575694955844,2.088,2.119,2.09905,2.098,0.007453019522314482,0.302,0.303,0.30274999999999996,0.303,0.0004330127018922197,0.975,0.985,0.9766000000000001,0.975,0.003292415526630868,0.074,0.076,0.07519999999999999,0.075,0.000509901951359279,32,8,2048,8192,128256,True,3424,1
0.084,0.08600000000000001,0.08485714285714287,0.085,0.0006388765649999405,0.09,0.091,0.0901,0.09,0.00030000000000000024,0.365,0.369,0.3681,0.369,0.0014798648586948754,0.064,0.064,0.06400000000000002,0.064,1.3877787807814457e-17,0.272,0.275,0.27385000000000004,0.274,0.0007921489758877438,0.089,0.09,0.08990000000000001,0.09,0.00030000000000000024,2.075,2.108,2.09645,2.101,0.009666824711351678,0.299,0.3,0.29985,0.3,0.00035707142142714284,0.968,0.978,0.97525,0.977,0.003547886694921361,0.074,0.075,0.07445,0.074,0.0004974937185533104,32,8,2048,8192,128256,True,3392,1
0.083,0.08600000000000001,0.08485714285714285,0.085,0.0007095078297976833,0.088,0.089,0.0887,0.089,0.0004582575694955844,0.366,0.369,0.3678,0.368,0.0011224972160321835,0.063,0.064,0.06309999999999999,0.063,0.00030000000000000024,0.272,0.275,0.2737,0.274,0.0009000000000000008,0.088,0.089,0.08875,0.089,0.0004330127018922198,2.08,2.106,2.0955500000000002,2.096,0.007324445371493986,0.297,0.298,0.2970499999999999,0.297,0.0002179449471770339,0.967,0.976,0.9737000000000002,0.975,0.0032419130154894686,0.073,0.075,0.07390000000000001,0.074,0.00043588989435406776,32,8,2048,8192,128256,True,3360,1
0.082,0.084,0.08304761904761905,0.083,0.0005753831415997421,0.08700000000000001,0.088,0.0878,0.088,0.0003999999999999948,0.363,0.365,0.36419999999999997,0.364,0.000509901951359279,0.062,0.063,0.06230000000000001,0.062,0.0004582575694955844,0.27,0.272,0.271,0.271,0.0003162277660168382,0.08700000000000001,0.088,0.08780000000000002,0.088,0.00039999999999999476,1.997,2.036,2.0189,2.0195,0.010128672173587185,0.294,0.295,0.2940499999999999,0.294,0.0002179449471770339,0.9480000000000001,0.9510000000000001,0.9499000000000001,0.9500000000000001,0.0008306623862918082,0.07100000000000001,0.073,0.0718,0.07200000000000001,0.0005099019513592773,32,8,2048,8192,128256,True,3328,1
0.081,0.083,0.08261904761904762,0.083,0.000575383141599742,0.08600000000000001,0.088,0.0869,0.08700000000000001,0.0006244997998398367,0.366,0.367,0.36685,0.367,0.00035707142142714284,0.062,0.062,0.06200000000000001,0.062,1.3877787807814457e-17,0.273,0.273,0.27299999999999996,0.273,5.551115123125783e-17,0.08700000000000001,0.08700000000000001,0.087,0.08700000000000001,1.3877787807814457e-17,2.015,2.048,2.0330500000000002,2.0315000000000003,0.008958096896104672,0.291,0.292,0.29179999999999995,0.292,0.0004000000000000004,0.9580000000000001,0.961,0.9592,0.9590000000000001,0.0006782329983124865,0.07100000000000001,0.07200000000000001,0.0711,0.07100000000000001,0.00030000000000000024,32,8,2048,8192,128256,True,3296,1
0.08,0.083,0.0818095238095238,0.082,0.0006632565846278158,0.08600000000000001,0.08600000000000001,0.08600000000000002,0.08600000000000001,1.3877787807814457e-17,0.363,0.367,0.36484999999999995,0.365,0.0017109938632268687,0.061,0.062,0.06104999999999999,0.061,0.00021794494717703385,0.27,0.273,0.27175000000000005,0.2715,0.001219631091765048,0.085,0.08600000000000001,0.08595000000000001,0.08600000000000001,0.00021794494717703385,2.003,2.039,2.0214999999999996,2.0220000000000002,0.010716809226630862,0.28800000000000003,0.289,0.28845,0.28800000000000003,0.0004974937185532828,0.9490000000000001,0.9590000000000001,0.9532500000000003,0.9510000000000001,0.00409725517877518,0.07,0.07100000000000001,0.07020000000000001,0.07,0.0004000000000000003,32,8,2048,8192,128256,True,3264,1
0.08,0.082,0.0812857142857143,0.081,0.0006281383789653777,0.085,0.08600000000000001,0.08530000000000001,0.085,0.0004582575694955844,0.362,0.364,0.3630999999999999,0.363,0.0005385164807134509,0.06,0.061,0.06020000000000001,0.06,0.0004000000000000004,0.27,0.271,0.27080000000000004,0.271,0.00040000000000000034,0.085,0.08600000000000001,0.08505,0.085,0.00021794494717703385,1.995,2.016,2.00745,2.008,0.0058006465156911725,0.28500000000000003,0.28600000000000003,0.28559999999999997,0.28600000000000003,0.000489897948556636,0.9480000000000001,0.9500000000000001,0.9492499999999999,0.9490000000000001,0.0007664854858377951,0.069,0.07,0.06925,0.069,0.00043301270189221973,32,8,2048,8192,128256,True,3232,1
0.079,0.081,0.08038095238095239,0.08,0.000575383141599742,0.084,0.084,0.08400000000000002,0.084,1.3877787807814457e-17,0.363,0.364,0.36385,0.364,0.0003570714214271428,0.059000000000000004,0.06,0.05995,0.06,0.00021794494717703236,0.27,0.271,0.27054999999999996,0.271,0.0004974937185533104,0.084,0.084,0.08400000000000002,0.084,1.3877787807814457e-17,1.931,1.958,1.9433,1.9425,0.0071630998876184866,0.28200000000000003,0.28300000000000003,0.2828500000000001,0.28300000000000003,0.0003570714214271428,0.9460000000000001,0.9490000000000001,0.9475500000000002,0.9475,0.0009733961166965902,0.068,0.07,0.06855000000000001,0.0685,0.0005894913061275802,32,8,2048,8192,128256,True,3200,1
0.078,0.081,0.07961904761904763,0.08,0.000722178613719196,0.084,0.084,0.08400000000000002,0.084,1.3877787807814457e-17,0.365,0.369,0.366,0.365,0.001303840481040531,0.059000000000000004,0.059000000000000004,0.059,0.059000000000000004,6.938893903907228e-18,0.271,0.274,0.27215,0.272,0.0010136567466356656,0.083,0.084,0.08395000000000001,0.084,0.00021794494717703385,1.937,1.964,1.9490500000000002,1.951,0.007664691774624713,0.28,0.281,0.28035,0.28,0.00047696960070847325,0.9500000000000001,0.96,0.9529499999999999,0.9510000000000001,0.0035422450508116946,0.067,0.069,0.068,0.068,0.00044721359549995833,32,8,2048,8192,128256,True,3168,1
0.077,0.079,0.07842857142857143,0.078,0.0005832118435198048,0.083,0.084,0.08305,0.083,0.00021794494717703385,0.363,0.367,0.36404999999999993,0.364,0.0013219304066402298,0.058,0.059000000000000004,0.0583,0.058,0.0004582575694955844,0.27,0.273,0.2712,0.271,0.0009797958971132722,0.082,0.084,0.08299999999999999,0.083,0.0003162277660168382,1.932,1.964,1.9422000000000001,1.9395,0.009537295214053105,0.277,0.278,0.2773,0.277,0.0004582575694955844,0.9440000000000001,0.9550000000000001,0.9483000000000003,0.9470000000000001,0.0035085609585697695,0.066,0.069,0.06675,0.067,0.0007664854858377953,32,8,2048,8192,128256,True,3136,1
0.076,0.079,0.07795238095238095,0.078,0.000652919485752481,0.081,0.082,0.08160000000000002,0.082,0.000489897948556636,0.362,0.364,0.3629999999999999,0.363,0.00044721359549995833,0.058,0.058,0.05800000000000001,0.058,6.938893903907228e-18,0.27,0.271,0.27085000000000004,0.271,0.00035707142142714284,0.081,0.082,0.0815,0.0815,0.0005000000000000004,1.925,1.944,1.9343999999999997,1.9335,0.005388877434122982,0.274,0.275,0.2744500000000001,0.274,0.0004974937185533104,0.9440000000000001,0.9520000000000001,0.9455500000000002,0.9450000000000001,0.001596088969951238,0.065,0.066,0.06570000000000001,0.066,0.0004582575694955844,32,8,2048,8192,128256,True,3104,1
0.077,0.078,0.07738095238095238,0.077,0.0004856209060564561,0.081,0.082,0.08125,0.081,0.0004330127018922198,0.363,0.367,0.36484999999999995,0.364,0.001314343942809493,0.056,0.057,0.0568,0.057,0.00040000000000000034,0.27,0.273,0.2712,0.271,0.0011224972160321835,0.081,0.082,0.0812,0.081,0.00040000000000000034,1.851,1.8840000000000001,1.8655000000000004,1.8650000000000002,0.008874119674649447,0.272,0.273,0.27205,0.272,0.00021794494717703385,0.86,0.87,0.8633,0.8614999999999999,0.0034655446902326944,0.067,0.069,0.0679,0.068,0.00043588989435406776,32,8,2048,8192,128256,True,3072,1
0.075,0.077,0.07642857142857143,0.076,0.0005832118435198048,0.079,0.08,0.07955000000000001,0.08,0.0004974937185533104,0.363,0.365,0.3638,0.364,0.0006000000000000005,0.056,0.057,0.05605000000000001,0.056,0.00021794494717703385,0.27,0.271,0.27049999999999996,0.2705,0.0005000000000000004,0.079,0.08,0.0794,0.079,0.0004898979485566361,1.844,1.873,1.8570500000000003,1.8570000000000002,0.006659391864126929,0.269,0.269,0.269,0.269,0.0,0.859,0.861,0.8600999999999999,0.86,0.0006244997998398403,0.066,0.068,0.0671,0.067,0.00043588989435406776,32,8,2048,8192,128256,True,3040,1
0.075,0.076,0.07585714285714287,0.076,0.00034992710611188294,0.079,0.08,0.07990000000000001,0.08,0.00030000000000000024,0.366,0.367,0.36629999999999996,0.366,0.0004582575694955844,0.055,0.056,0.055200000000000006,0.055,0.0004000000000000003,0.23,0.231,0.23010000000000003,0.23,0.00030000000000000024,0.079,0.08,0.07970000000000001,0.08,0.0004582575694955844,1.857,1.8800000000000001,1.8675000000000002,1.8685,0.006629479617586898,0.266,0.267,0.2668500000000001,0.267,0.00035707142142714273,0.842,0.843,0.84285,0.843,0.00035707142142714284,0.063,0.064,0.0636,0.064,0.000489897948556636,32,8,2048,8192,128256,True,3008,1
0.073,0.076,0.07499999999999998,0.075,0.0007559289460184551,0.079,0.08,0.07990000000000001,0.08,0.00030000000000000024,0.365,0.37,0.36879999999999996,0.369,0.0009273618495495712,0.054,0.055,0.05495000000000001,0.055,0.00021794494717703388,0.23,0.232,0.23175000000000004,0.232,0.0005361902647381809,0.079,0.08,0.07995000000000001,0.08,0.00021794494717703385,1.867,1.8900000000000001,1.8761000000000003,1.8760000000000001,0.005458021619598082,0.264,0.264,0.26400000000000007,0.264,5.551115123125783e-17,0.85,0.851,0.8502000000000001,0.85,0.00040000000000000034,0.062,0.064,0.06305,0.063,0.0004974937185533105,32,8,2048,8192,128256,True,2976,1
0.074,0.075,0.07461904761904761,0.075,0.00048562090605645613,0.078,0.078,0.07800000000000001,0.078,1.3877787807814457e-17,0.366,0.37,0.36734999999999995,0.367,0.0011947803145348531,0.053,0.054,0.0533,0.053,0.0004582575694955844,0.229,0.232,0.22995000000000004,0.23,0.0008046738469715548,0.077,0.078,0.07795,0.078,0.00021794494717703385,1.7850000000000001,1.828,1.80535,1.8035,0.010790157552139808,0.261,0.262,0.26115000000000005,0.261,0.0003570714214271428,0.842,0.85,0.8436999999999999,0.842,0.0031638584039112775,0.062,0.063,0.06225000000000001,0.062,0.00043301270189221973,32,8,2048,8192,128256,True,2944,1
0.073,0.075,0.07390476190476192,0.074,0.00042591770999996035,0.077,0.078,0.07795,0.078,0.00021794494717703385,0.365,0.37,0.36895,0.369,0.001243985530462474,0.052000000000000005,0.053,0.05295,0.053,0.0002179449471770324,0.229,0.232,0.231,0.231,0.0007745966692414841,0.077,0.078,0.07790000000000001,0.078,0.00030000000000000024,1.7890000000000001,1.823,1.8081500000000001,1.8075,0.007945281618671541,0.258,0.259,0.25835,0.258,0.0004769696007084733,0.842,0.856,0.84945,0.8494999999999999,0.002268810260907688,0.061,0.063,0.0615,0.061,0.0005916079783099621,32,8,2048,8192,128256,True,2912,1
0.07200000000000001,0.074,0.07266666666666668,0.073,0.0005634361698190054,0.075,0.077,0.07610000000000001,0.076,0.00043588989435406776,0.362,0.364,0.3629999999999999,0.363,0.0005477225575051665,0.052000000000000005,0.052000000000000005,0.05200000000000001,0.052000000000000005,6.938893903907228e-18,0.227,0.228,0.22755,0.228,0.0004974937185533104,0.075,0.076,0.07575000000000001,0.076,0.0004330127018922197,1.7670000000000001,1.7910000000000001,1.77715,1.776,0.005893004327166232,0.255,0.256,0.2551,0.255,0.0003000000000000003,0.833,0.835,0.834,0.834,0.00044721359549995833,0.059000000000000004,0.06,0.059699999999999996,0.06,0.00045825756949558123,32,8,2048,8192,128256,True,2880,1
0.07,0.07200000000000001,0.07171428571428573,0.07200000000000001,0.0005471012044321938,0.075,0.075,0.07499999999999998,0.075,1.3877787807814457e-17,0.363,0.365,0.36415,0.364,0.0005722761571129803,0.051000000000000004,0.052000000000000005,0.05130000000000001,0.051000000000000004,0.0004582575694955844,0.228,0.229,0.22825,0.228,0.00043301270189221973,0.075,0.075,0.07499999999999998,0.075,1.3877787807814457e-17,1.764,1.786,1.7769000000000006,1.7770000000000001,0.005185556864985674,0.252,0.253,0.25234999999999996,0.252,0.0004769696007084733,0.834,0.836,0.8349500000000001,0.835,0.0003840572873934308,0.058,0.06,0.059,0.059000000000000004,0.0004472135954999568,32,8,2048,8192,128256,True,2848,1
0.07,0.07200000000000001,0.07138095238095239,0.07100000000000001,0.000575383141599742,0.075,0.076,0.07504999999999999,0.075,0.00021794494717703385,0.362,0.366,0.36360000000000003,0.363,0.0012409673645990868,0.05,0.051000000000000004,0.05020000000000001,0.05,0.00040000000000000034,0.227,0.23,0.22760000000000002,0.227,0.0009165151389911689,0.075,0.075,0.07499999999999998,0.075,1.3877787807814457e-17,1.702,1.733,1.7129,1.7115,0.007575618786607481,0.249,0.25,0.24975,0.25,0.00043301270189221973,0.833,0.843,0.835,0.834,0.002846049894151544,0.058,0.059000000000000004,0.058100000000000006,0.058,0.00030000000000000024,32,8,2048,8192,128256,True,2816,1
0.069,0.07100000000000001,0.07023809523809524,0.07,0.0006834619092574922,0.07200000000000001,0.074,0.07325000000000001,0.073,0.0005361902647381793,0.36,0.366,0.36305,0.363,0.0022466641938660987,0.05,0.05,0.05000000000000001,0.05,6.938893903907228e-18,0.225,0.229,0.22694999999999999,0.227,0.0015321553446044577,0.07200000000000001,0.074,0.07295,0.073,0.0004974937185533064,1.687,1.727,1.7077000000000002,1.7105000000000001,0.011929375507544398,0.246,0.248,0.24689999999999998,0.247,0.00043588989435406776,0.8260000000000001,0.842,0.8347,0.834,0.006009159675029412,0.057,0.058,0.05740000000000001,0.057,0.000489897948556636,32,8,2048,8192,128256,True,2784,1
0.068,0.07100000000000001,0.06961904761904764,0.07,0.000722178613719196,0.07200000000000001,0.074,0.073,0.073,0.00031622776601683604,0.36,0.366,0.36360000000000003,0.364,0.0015297058540778368,0.049,0.05,0.04910000000000001,0.049,0.0003000000000000003,0.225,0.229,0.22800000000000004,0.228,0.001140175425099139,0.07200000000000001,0.073,0.07294999999999999,0.073,0.00021794494717703084,1.528,1.562,1.5534000000000001,1.556,0.008236504112789603,0.244,0.245,0.2445,0.2445,0.0005000000000000004,0.8270000000000001,0.842,0.8379999999999999,0.841,0.004324349662087922,0.056,0.058,0.056900000000000006,0.057,0.0006244997998398403,32,8,2048,8192,128256,True,2752,1
0.068,0.069,0.06857142857142857,0.069,0.0004948716593053939,0.07200000000000001,0.073,0.07255,0.073,0.0004974937185533034,0.361,0.363,0.362,0.362,0.00044721359549995833,0.049,0.049,0.04900000000000001,0.049,6.938893903907228e-18,0.227,0.229,0.2272,0.227,0.0005099019513592789,0.07200000000000001,0.073,0.0723,0.07200000000000001,0.00045825756949557803,1.536,1.546,1.5402,1.5405,0.002803569153775232,0.241,0.242,0.24139999999999998,0.241,0.000489897948556636,0.833,0.834,0.83385,0.834,0.00035707142142714284,0.054,0.056,0.05505,0.055,0.0003840572873934307,32,8,2048,8192,128256,True,2720,1
0.067,0.069,0.06828571428571428,0.068,0.0006281383789653777,0.07100000000000001,0.07100000000000001,0.071,0.07100000000000001,1.3877787807814457e-17,0.275,0.279,0.27685000000000004,0.277,0.0010136567466356656,0.05,0.051000000000000004,0.05060000000000001,0.051000000000000004,0.000489897948556636,0.182,0.184,0.18285,0.183,0.0008529361054615998,0.07100000000000001,0.07200000000000001,0.0711,0.07100000000000001,0.00030000000000000024,1.455,1.471,1.4621,1.4585,0.005787054518492123,0.23900000000000002,0.24,0.23925000000000002,0.23900000000000002,0.00043301270189220775,0.833,0.842,0.8372999999999999,0.8354999999999999,0.003848376280978775,0.054,0.055,0.0541,0.054,0.00030000000000000024,32,8,2048,8192,128256,True,2688,1
0.066,0.069,0.06733333333333333,0.067,0.000776643163347624,0.07,0.07100000000000001,0.07015000000000002,0.07,0.0003570714214271428,0.274,0.276,0.27540000000000003,0.275,0.0005830951894845307,0.049,0.05,0.049900000000000014,0.05,0.00030000000000000024,0.181,0.183,0.18205,0.182,0.00038405728739343076,0.07,0.07100000000000001,0.07095,0.07100000000000001,0.00021794494717703385,1.454,1.46,1.4556499999999999,1.4555,0.001388344337691484,0.23600000000000002,0.23700000000000002,0.23645,0.23600000000000002,0.0004974937185533104,0.833,0.834,0.8333,0.833,0.0004582575694955844,0.053,0.054,0.053500000000000006,0.0535,0.0005000000000000004,32,8,2048,8192,128256,True,2656,1
0.066,0.067,0.06661904761904762,0.067,0.0004856209060564561,0.069,0.07,0.06924999999999999,0.069,0.0004330127018922197,0.275,0.279,0.27659999999999996,0.276,0.001019803902718558,0.049,0.05,0.04930000000000001,0.049,0.0004582575694955844,0.182,0.184,0.18309999999999998,0.183,0.0006244997998398404,0.069,0.07100000000000001,0.07015000000000002,0.07,0.00047696960070847325,1.458,1.472,1.4625,1.46,0.005113707070218246,0.233,0.234,0.23369999999999996,0.234,0.0004582575694955844,0.833,0.841,0.8352499999999999,0.8334999999999999,0.003344772040064916,0.052000000000000005,0.053,0.05295000000000001,0.053,0.00021794494717703236,32,8,2048,8192,128256,True,2624,1
0.064,0.066,0.06519047619047619,0.065,0.0005870870479018079,0.068,0.069,0.06844999999999998,0.068,0.0004974937185533104,0.273,0.275,0.2741,0.274,0.00043588989435406776,0.048,0.049,0.04895000000000001,0.049,0.00021794494717703385,0.181,0.182,0.18175,0.182,0.00043301270189221973,0.068,0.069,0.06885,0.069,0.0003570714214271428,1.45,1.455,1.45225,1.452,0.0015451537140362414,0.23,0.231,0.23085,0.231,0.00035707142142714273,0.8320000000000001,0.833,0.8327,0.833,0.0004582575694955336,0.051000000000000004,0.053,0.052050000000000006,0.052000000000000005,0.00038405728739342903,32,8,2048,8192,128256,True,2592,1
0.064,0.066,0.0652857142857143,0.065,0.0006281383789653776,0.068,0.069,0.06815,0.068,0.0003570714214271428,0.279,0.28500000000000003,0.28205,0.28200000000000003,0.0016271140095272996,0.047,0.047,0.04700000000000001,0.047,6.938893903907228e-18,0.18,0.184,0.18169999999999997,0.182,0.0011874342087037925,0.068,0.069,0.0682,0.068,0.0004000000000000003,1.549,1.583,1.568,1.569,0.00847348806572596,0.227,0.228,0.2274,0.227,0.000489897948556636,0.8240000000000001,0.84,0.8321,0.8320000000000001,0.005957348403442553,0.05,0.051000000000000004,0.05020000000000001,0.05,0.0004000000000000003,32,8,2048,8192,128256,True,2560,1
0.063,0.065,0.06385714285714286,0.064,0.0006388765649999405,0.066,0.067,0.06625,0.066,0.00043301270189221973,0.276,0.28200000000000003,0.27985000000000004,0.281,0.0021971572542719853,0.046,0.047,0.046450000000000005,0.046,0.0004974937185533104,0.178,0.182,0.18039999999999998,0.181,0.0014282856857085714,0.066,0.067,0.06655,0.067,0.0004974937185533104,1.541,1.572,1.5591499999999998,1.5615,0.010036309082526335,0.224,0.225,0.2246,0.225,0.0004898979485566361,0.8170000000000001,0.833,0.8268000000000001,0.8320000000000001,0.006801470429252776,0.049,0.05,0.04940000000000001,0.049,0.0004898979485566361,32,8,2048,8192,128256,True,2528,1
0.062,0.065,0.06366666666666668,0.064,0.0006424160744396216,0.066,0.067,0.0667,0.067,0.0004582575694955844,0.281,0.28700000000000003,0.2833,0.28300000000000003,0.0019000000000000017,0.046,0.046,0.046000000000000006,0.046,6.938893903907228e-18,0.181,0.185,0.1829,0.183,0.0011789826122551605,0.066,0.067,0.0667,0.067,0.0004582575694955844,1.3800000000000001,1.403,1.39065,1.3900000000000001,0.00789477675428507,0.219,0.22,0.21989999999999998,0.22,0.00030000000000000024,0.8290000000000001,0.845,0.83625,0.837,0.005786838515113372,0.049,0.05,0.04930000000000001,0.049,0.0004582575694955844,32,8,2048,8192,128256,True,2496,1
0.061,0.063,0.06228571428571428,0.062,0.0005471012044321938,0.065,0.066,0.06550000000000002,0.0655,0.0005000000000000004,0.279,0.28400000000000003,0.2810000000000001,0.28,0.0016124515496597114,0.045,0.046,0.04535000000000001,0.045,0.0004769696007084732,0.221,0.224,0.22235,0.222,0.0013518505834595788,0.066,0.067,0.06605000000000001,0.066,0.00021794494717703385,1.374,1.387,1.3798499999999998,1.3760000000000001,0.005387717513010483,0.216,0.217,0.21685,0.217,0.00035707142142714273,0.8280000000000001,0.836,0.8313,0.8285,0.00384837628097872,0.048,0.049,0.04835000000000001,0.048,0.0004769696007084732,32,8,2048,8192,128256,True,2464,1
0.06,0.063,0.06176190476190477,0.062,0.0006098213559459861,0.064,0.064,0.06400000000000002,0.064,1.3877787807814457e-17,0.277,0.279,0.27810000000000007,0.278,0.0004358898943540677,0.044,0.045,0.044800000000000006,0.045,0.00040000000000000034,0.219,0.22,0.21950000000000003,0.2195,0.0005000000000000004,0.064,0.064,0.06400000000000002,0.064,1.3877787807814457e-17,1.476,1.494,1.4857,1.485,0.004960846701924979,0.216,0.217,0.21605000000000002,0.216,0.00021794494717703385,0.8220000000000001,0.8230000000000001,0.8229500000000002,0.8230000000000001,0.00021794494717703385,0.047,0.049,0.04775000000000001,0.048,0.0005361902647381809,32,8,2048,8192,128256,True,2432,1
0.061,0.063,0.06157142857142857,0.061,0.0007284313590846842,0.064,0.065,0.06449999999999999,0.0645,0.0005000000000000004,0.278,0.28800000000000003,0.28200000000000003,0.28200000000000003,0.0031304951684997086,0.043000000000000003,0.044,0.04305000000000001,0.043000000000000003,0.00021794494717703236,0.169,0.17500000000000002,0.1717,0.17200000000000001,0.0019261360284258237,0.064,0.066,0.0644,0.064,0.0005830951894845307,1.476,1.5230000000000001,1.4989500000000002,1.5010000000000001,0.014823882757226613,0.213,0.214,0.21345,0.213,0.0004974937185533104,0.621,0.645,0.6315,0.633,0.008182297965730662,0.051000000000000004,0.052000000000000005,0.05150000000000001,0.051500000000000004,0.0005000000000000004,32,8,2048,8192,128256,True,2400,1
0.059000000000000004,0.062,0.06052380952380952,0.061,0.0007939681905015741,0.062,0.065,0.0632,0.063,0.0007483314773547889,0.28,0.29,0.28359999999999996,0.28350000000000003,0.0034842502780368535,0.042,0.043000000000000003,0.04265000000000001,0.043000000000000003,0.0004769696007084733,0.171,0.177,0.17335000000000003,0.17350000000000002,0.002056088519495202,0.062,0.065,0.06359999999999999,0.064,0.0009695359714832667,1.2790000000000001,1.323,1.2955999999999999,1.295,0.013770983988081591,0.21,0.211,0.21054999999999996,0.211,0.0004974937185533105,0.626,0.649,0.6349500000000001,0.637,0.008399255919425253,0.05,0.051000000000000004,0.05075,0.051000000000000004,0.0004330127018922198,32,8,2048,8192,128256,True,2368,1
0.06,0.061,0.06038095238095238,0.06,0.0004856209060564561,0.063,0.064,0.06315,0.063,0.00035707142142714284,0.28500000000000003,0.289,0.2873,0.28800000000000003,0.0013076696830621886,0.042,0.042,0.04200000000000001,0.042,6.938893903907228e-18,0.17300000000000001,0.176,0.175,0.17500000000000002,0.0009486832980505029,0.063,0.064,0.06345,0.063,0.0004974937185533104,1.303,1.318,1.3123,1.315,0.005648893696999456,0.20800000000000002,0.209,0.20805,0.20800000000000002,0.0002179449471770278,0.639,0.651,0.64435,0.6455,0.003350746185553304,0.05,0.051000000000000004,0.05010000000000001,0.05,0.0003000000000000003,32,8,2048,8192,128256,True,2336,1
0.057,0.06,0.05876190476190477,0.059000000000000004,0.0007499055118106482,0.061,0.062,0.06190000000000001,0.062,0.00030000000000000024,0.277,0.28200000000000003,0.2809,0.281,0.0014106735979665895,0.041,0.042,0.041150000000000006,0.041,0.00035707142142714284,0.169,0.17200000000000001,0.17085,0.171,0.0006538348415311017,0.062,0.062,0.06200000000000001,0.062,1.3877787807814457e-17,1.268,1.289,1.2857000000000003,1.286,0.004267317658670367,0.20500000000000002,0.20600000000000002,0.20585,0.20600000000000002,0.0003570714214271428,0.621,0.633,0.6317499999999999,0.632,0.0025074887836239687,0.049,0.05,0.04930000000000001,0.049,0.0004582575694955844,32,8,2048,8192,128256,True,2304,1
0.057,0.059000000000000004,0.05852380952380953,0.059000000000000004,0.0006632565846278159,0.059000000000000004,0.061,0.060399999999999995,0.06,0.0005830951894845298,0.275,0.28400000000000003,0.28150000000000003,0.28200000000000003,0.00196214168703486,0.04,0.041,0.04070000000000001,0.041,0.00045825756949558437,0.167,0.17300000000000001,0.17135000000000003,0.17200000000000001,0.0011947803145348531,0.06,0.061,0.06054999999999999,0.061,0.0004974937185533104,1.278,1.291,1.2862500000000003,1.289,0.004425776767980945,0.202,0.203,0.2028,0.203,0.0004000000000000003,0.628,0.634,0.6317499999999999,0.633,0.0026809513236909044,0.048,0.049,0.04865000000000001,0.049,0.0004769696007084732,32,8,2048,8192,128256,True,2272,1
0.057,0.058,0.057619047619047625,0.058,0.0004856209060564561,0.06,0.061,0.060299999999999986,0.06,0.0004582575694955844,0.229,0.232,0.23025,0.23,0.0009420721840708395,0.042,0.043000000000000003,0.04205000000000001,0.042,0.00021794494717703385,0.171,0.17400000000000002,0.17195000000000002,0.17200000000000001,0.0009205976319760994,0.06,0.061,0.06039999999999999,0.06,0.0004898979485566361,1.223,1.236,1.22775,1.224,0.0052045653036541005,0.197,0.198,0.19735,0.197,0.0004769696007084732,0.631,0.637,0.6331000000000001,0.631,0.00286181760425084,0.046,0.048,0.04710000000000001,0.047,0.0005385164807134509,32,8,2048,8192,128256,True,2240,1
0.056,0.057,0.05642857142857143,0.056,0.000494871659305394,0.059000000000000004,0.06,0.059750000000000004,0.06,0.00043301270189221664,0.227,0.232,0.22925,0.229,0.0015124483462254188,0.041,0.042,0.04180000000000001,0.042,0.00040000000000000034,0.17,0.17400000000000002,0.1715,0.1715,0.0013228756555322965,0.059000000000000004,0.06,0.05990000000000001,0.06,0.0002999999999999982,1.213,1.236,1.2236999999999998,1.2225000000000001,0.008649277426467487,0.194,0.195,0.19459999999999997,0.195,0.000489897948556636,0.625,0.637,0.6314000000000001,0.631,0.004851803788283286,0.045,0.047,0.04615000000000001,0.046,0.00047696960070847325,32,8,2048,8192,128256,True,2208,1
0.055,0.056,0.05571428571428572,0.056,0.000451753951452626,0.058,0.058,0.05800000000000001,0.058,6.938893903907228e-18,0.228,0.229,0.22885,0.229,0.00035707142142714284,0.041,0.041,0.04100000000000001,0.041,6.938893903907228e-18,0.17,0.17200000000000001,0.17059999999999997,0.171,0.0005830951894845306,0.058,0.059000000000000004,0.058150000000000014,0.058,0.0003570714214271428,1.196,1.2,1.198,1.198,0.0009999999999999898,0.194,0.196,0.19499999999999998,0.195,0.0003162277660168382,0.632,0.633,0.6321999999999999,0.632,0.00040000000000000034,0.045,0.046,0.04535000000000001,0.045,0.0004769696007084732,32,8,2048,8192,128256,True,2176,1
0.054,0.056,0.05504761904761905,0.055,0.000575383141599742,0.057,0.058,0.05790000000000001,0.058,0.0003000000000000003,0.222,0.23,0.22815,0.229,0.0021277922830953235,0.04,0.041,0.04045000000000001,0.04,0.0004974937185533104,0.166,0.171,0.17015,0.171,0.0014585952145814835,0.057,0.058,0.05790000000000001,0.058,0.0003000000000000003,1.165,1.196,1.1929000000000003,1.195,0.006956292115775464,0.191,0.193,0.19200000000000003,0.192,0.0003162277660168382,0.615,0.638,0.6314499999999998,0.632,0.00399343210784909,0.044,0.045,0.044750000000000005,0.045,0.0004330127018922197,32,8,2048,8192,128256,True,2144,1
0.053,0.056,0.05433333333333333,0.054,0.000712696645099799,0.056,0.057,0.05639999999999999,0.056,0.0004898979485566361,0.226,0.231,0.22800000000000004,0.227,0.0018973665961010292,0.039,0.04,0.039950000000000006,0.04,0.00021794494717703385,0.169,0.17200000000000001,0.17020000000000005,0.169,0.0014696938456699082,0.056,0.058,0.056499999999999995,0.056,0.0005916079783099622,1.209,1.233,1.2189,1.21,0.010657860948614423,0.185,0.187,0.18614999999999998,0.186,0.0004769696007084733,0.624,0.637,0.6295999999999998,0.625,0.0059025418253494865,0.043000000000000003,0.045,0.044050000000000006,0.044,0.0003840572873934298,32,8,2048,8192,128256,True,2112,1
0.052000000000000005,0.054,0.05285714285714286,0.053,0.0005593971487843185,0.055,0.056,0.055600000000000004,0.056,0.0004898979485566361,0.222,0.23,0.22540000000000004,0.2255,0.0019849433241279227,0.039,0.04,0.03910000000000001,0.039,0.0003000000000000003,0.167,0.17300000000000001,0.16905,0.1685,0.001687453703068622,0.055,0.056,0.05550000000000001,0.0555,0.0005000000000000004,1.108,1.1320000000000001,1.1139000000000003,1.113,0.006487680633323437,0.185,0.186,0.18519999999999998,0.185,0.00040000000000000034,0.613,0.636,0.6235499999999999,0.6225,0.006367691889531094,0.042,0.043000000000000003,0.04235000000000001,0.042,0.0004769696007084732,32,8,2048,8192,128256,True,2080,1
0.051000000000000004,0.053,0.05204761904761906,0.052000000000000005,0.0004856209060564542,0.055,0.056,0.05535000000000001,0.055,0.0004769696007084732,0.224,0.228,0.22530000000000006,0.224,0.0017058722109231997,0.038,0.039,0.03860000000000001,0.039,0.000489897948556636,0.168,0.171,0.16899999999999998,0.168,0.0013784048752090235,0.055,0.056,0.05535000000000001,0.055,0.0004769696007084732,1.105,1.121,1.1117,1.108,0.006009159675029446,0.182,0.183,0.18234999999999996,0.182,0.0004769696007084733,0.619,0.636,0.62415,0.62,0.00564158665625195,0.041,0.042,0.04180000000000001,0.042,0.00040000000000000034,32,8,2048,8192,128256,True,2048,1
0.052000000000000005,0.054,0.05238095238095238,0.052000000000000005,0.0005753831415997389,0.055,0.056,0.05545000000000001,0.055,0.0004974937185533104,0.223,0.23,0.22620000000000004,0.2235,0.0034438350715445152,0.038,0.039,0.03885000000000001,0.039,0.00035707142142714284,0.167,0.17300000000000001,0.16945000000000005,0.1675,0.0026358110706194426,0.055,0.056,0.05545000000000001,0.055,0.0004974937185533104,1.106,1.129,1.1172,1.1135000000000002,0.010225458424931375,0.182,0.183,0.18249999999999997,0.1825,0.0005000000000000004,0.618,0.637,0.6273,0.6275,0.00880965379569482,0.041,0.042,0.04170000000000001,0.042,0.0004582575694955844,32,8,2048,8192,128256,True,2048,1
0.051000000000000004,0.053,0.05209523809523811,0.052000000000000005,0.0005259695722470107,0.054,0.056,0.05515000000000001,0.055,0.0004769696007084732,0.225,0.228,0.2271,0.2275,0.001044030650891056,0.038,0.039,0.03810000000000001,0.038,0.0003000000000000003,0.169,0.17200000000000001,0.17024999999999998,0.171,0.0009937303457175906,0.054,0.056,0.054900000000000004,0.055,0.0004358898943540677,1.107,1.119,1.11465,1.117,0.004028337125911884,0.181,0.181,0.181,0.181,0.0,0.624,0.636,0.6287,0.63,0.0030512292604784738,0.041,0.042,0.04110000000000001,0.041,0.0003000000000000003,32,8,2048,8192,128256,True,2032,1
0.05,0.053,0.051857142857142866,0.052000000000000005,0.0007095078297976825,0.053,0.054,0.05395000000000001,0.054,0.00021794494717703385,0.222,0.228,0.22675,0.227,0.0014790199457749055,0.038,0.038,0.038000000000000006,0.038,6.938893903907228e-18,0.166,0.171,0.16965,0.17,0.0011521718621802922,0.053,0.054,0.05395000000000001,0.054,0.00021794494717703385,1.099,1.118,1.11295,1.1165,0.0052770730523653085,0.179,0.18,0.17990000000000003,0.18,0.0003000000000000003,0.619,0.63,0.6275000000000002,0.63,0.0032787192621510034,0.041,0.041,0.04100000000000001,0.041,6.938893903907228e-18,32,8,2048,8192,128256,True,2016,1
0.05,0.052000000000000005,0.051190476190476196,0.051000000000000004,0.0004994327848429298,0.053,0.054,0.053500000000000006,0.0535,0.0005000000000000004,0.224,0.228,0.2253,0.225,0.0014177446878757838,0.037,0.038,0.0379,0.038,0.0003000000000000003,0.168,0.171,0.16885,0.1685,0.0009630680142129119,0.053,0.054,0.053500000000000006,0.0535,0.0005000000000000004,1.101,1.116,1.1078999999999997,1.106,0.005638262143604192,0.178,0.179,0.17834999999999995,0.178,0.0004769696007084733,0.619,0.63,0.6242500000000002,0.624,0.0045373450386762566,0.04,0.041,0.04070000000000001,0.041,0.00045825756949558437,32,8,2048,8192,128256,True,2000,1
0.049,0.052000000000000005,0.0510952380952381,0.051000000000000004,0.0008109231602822103,0.053,0.054,0.05395000000000001,0.054,0.00021794494717703385,0.223,0.229,0.22815,0.228,0.0012757350822173085,0.037,0.038,0.037250000000000005,0.037,0.00043301270189221973,0.167,0.171,0.17074999999999996,0.171,0.0008874119674649433,0.053,0.054,0.05395000000000001,0.054,0.00021794494717703385,1.102,1.124,1.1211499999999996,1.122,0.004486368241685017,0.176,0.177,0.17695,0.177,0.00021794494717703385,0.63,0.639,0.6313500000000001,0.631,0.0017684739183827405,0.04,0.041,0.04025000000000001,0.04,0.00043301270189221973,32,8,2048,8192,128256,True,1984,1
0.049,0.051000000000000004,0.050190476190476195,0.05,0.0005870870479018079,0.053,0.054,0.05335000000000001,0.053,0.0004769696007084732,0.225,0.227,0.2257,0.225,0.0009539392014169465,0.037,0.037,0.037000000000000005,0.037,6.938893903907228e-18,0.168,0.17,0.1689,0.169,0.0008888194417315596,0.053,0.054,0.05335000000000001,0.053,0.0004769696007084732,1.104,1.114,1.1078000000000001,1.105,0.0043772137256478695,0.17500000000000002,0.176,0.1753,0.17500000000000002,0.00045825756949557174,0.624,0.63,0.6266000000000002,0.625,0.002800000000000003,0.039,0.04,0.039950000000000006,0.04,0.00021794494717703385,32,8,2048,8192,128256,True,1968,1
0.048,0.051000000000000004,0.050047619047619056,0.05,0.0006529194857524808,0.052000000000000005,0.053,0.05295,0.053,0.0002179449471770324,0.223,0.23,0.22795,0.228,0.0012439855304624738,0.036000000000000004,0.037,0.03685000000000001,0.037,0.0003570714214271404,0.166,0.171,0.17054999999999998,0.171,0.0011169153951844349,0.053,0.054,0.0533,0.053,0.0004582575694955844,1.111,1.122,1.12025,1.121,0.0022555487137280034,0.17400000000000002,0.17500000000000002,0.1741,0.17400000000000002,0.00030000000000000024,0.63,0.631,0.6309000000000001,0.631,0.0003000000000000003,0.039,0.041,0.03955000000000001,0.0395,0.0005894913061275802,32,8,2048,8192,128256,True,1952,1
0.049,0.051000000000000004,0.05009523809523811,0.05,0.0006098213559459862,0.051000000000000004,0.052000000000000005,0.05145000000000001,0.051000000000000004,0.0004974937185533104,0.222,0.229,0.22549999999999998,0.2245,0.0023769728648009446,0.036000000000000004,0.037,0.03610000000000001,0.036000000000000004,0.0002999999999999982,0.166,0.171,0.16874999999999998,0.168,0.0018674849396983116,0.051000000000000004,0.052000000000000005,0.05145000000000001,0.051000000000000004,0.0004974937185533104,1.097,1.122,1.10925,1.1025,0.009817713583110885,0.17200000000000001,0.17300000000000001,0.17240000000000003,0.17200000000000001,0.000489897948556636,0.613,0.636,0.6248500000000001,0.624,0.006635322147416814,0.039,0.04,0.03935000000000001,0.039,0.00047696960070847325,32,8,2048,8192,128256,True,1936,1
0.047,0.049,0.048571428571428585,0.049,0.0006598288790738585,0.05,0.052000000000000005,0.05070000000000001,0.051000000000000004,0.0006403124237432854,0.221,0.226,0.22274999999999995,0.221,0.002165063509461099,0.035,0.035,0.03500000000000001,0.035,6.938893903907228e-18,0.165,0.169,0.16685,0.166,0.001710993863226869,0.05,0.052000000000000005,0.050850000000000006,0.051000000000000004,0.0005722761571129804,1.04,1.051,1.04505,1.0434999999999999,0.003485326383568687,0.168,0.17,0.1689,0.169,0.00043588989435406776,0.607,0.629,0.6152,0.608,0.008352245207128448,0.038,0.038,0.038000000000000006,0.038,6.938893903907228e-18,32,8,2048,8192,128256,True,1920,1
0.047,0.05,0.048809523809523817,0.049,0.0007315376902732014,0.05,0.052000000000000005,0.05100000000000001,0.051000000000000004,0.00044721359549995833,0.221,0.229,0.2258,0.226,0.0019131126469709005,0.034,0.035,0.03495000000000001,0.035,0.00021794494717703385,0.166,0.171,0.16914999999999997,0.169,0.0011521718621802922,0.05,0.052000000000000005,0.05120000000000001,0.051000000000000004,0.0005099019513592789,1.043,1.063,1.0513999999999997,1.051,0.003967366884975475,0.167,0.168,0.16795000000000002,0.168,0.00021794494717703385,0.61,0.63,0.62435,0.625,0.005082076347321047,0.037,0.038,0.03765,0.038,0.0004769696007084733,32,8,2048,8192,128256,True,1904,1
0.046,0.049,0.04833333333333334,0.048,0.0007766431633476241,0.05,0.051000000000000004,0.050850000000000006,0.051000000000000004,0.00035707142142714284,0.22,0.227,0.22410000000000002,0.2245,0.001786057109949177,0.034,0.035,0.034600000000000006,0.035,0.0004898979485566361,0.165,0.17,0.1679,0.168,0.0013747727084867532,0.05,0.052000000000000005,0.05100000000000001,0.051000000000000004,0.00044721359549995833,1.039,1.057,1.0467999999999997,1.047,0.003893584466786363,0.166,0.167,0.1662,0.166,0.00040000000000000034,0.607,0.63,0.621,0.6225,0.005882176467941103,0.037,0.038,0.03705000000000001,0.037,0.00021794494717703385,32,8,2048,8192,128256,True,1888,1
0.047,0.049,0.047904761904761915,0.048,0.0004259177099999604,0.05,0.051000000000000004,0.05080000000000001,0.051000000000000004,0.00040000000000000034,0.221,0.228,0.22440000000000002,0.224,0.001356465996625055,0.034,0.035,0.03430000000000001,0.034,0.0004582575694955844,0.165,0.171,0.1679,0.168,0.0011789826122551605,0.05,0.051000000000000004,0.05075,0.051000000000000004,0.0004330127018922198,1.041,1.062,1.0473000000000001,1.046,0.005197114584074527,0.164,0.166,0.16495,0.165,0.00038405728739343076,0.608,0.63,0.6214999999999999,0.621,0.004353159771935787,0.036000000000000004,0.037,0.036950000000000004,0.037,0.00021794494717703236,32,8,2048,8192,128256,True,1872,1
0.046,0.048,0.04761904761904763,0.048,0.000652919485752481,0.048,0.05,0.04915000000000001,0.049,0.00047696960070847325,0.219,0.225,0.2242,0.225,0.0016309506430300107,0.034,0.035,0.034100000000000005,0.034,0.00030000000000000024,0.164,0.168,0.16760000000000003,0.168,0.0012000000000000012,0.048,0.05,0.049650000000000014,0.05,0.0005722761571129803,1.037,1.048,1.0458500000000002,1.047,0.0030045798375147354,0.163,0.164,0.16350000000000003,0.1635,0.0005000000000000006,0.607,0.625,0.6217499999999999,0.623,0.004784088209889115,0.036000000000000004,0.037,0.03655000000000001,0.037,0.0004974937185533069,32,8,2048,8192,128256,True,1856,1
0.045,0.047,0.046333333333333344,0.046,0.0006424160744396215,0.048,0.049,0.04840000000000001,0.048,0.000489897948556636,0.219,0.225,0.2212,0.22,0.0023366642891095865,0.033,0.034,0.03395000000000001,0.034,0.00021794494717703385,0.164,0.168,0.16580000000000003,0.165,0.0017776388834631195,0.048,0.049,0.04850000000000001,0.0485,0.0005000000000000004,1.035,1.047,1.04035,1.038,0.004497499305169478,0.161,0.162,0.1618,0.162,0.0004000000000000003,0.607,0.624,0.6137499999999999,0.608,0.007873214083206433,0.036000000000000004,0.037,0.03605000000000001,0.036000000000000004,0.00021794494717703236,32,8,2048,8192,128256,True,1840,1
0.045,0.047,0.0462857142857143,0.046,0.0006281383789653776,0.048,0.049,0.04885000000000001,0.049,0.00035707142142714284,0.22,0.224,0.22175000000000003,0.221,0.0014097872179871698,0.033,0.034,0.03330000000000001,0.033,0.0004582575694955844,0.165,0.168,0.16580000000000003,0.165,0.0012489995996796807,0.048,0.049,0.04875000000000001,0.049,0.0004330127018922197,1.034,1.045,1.0403000000000002,1.039,0.003303028912982728,0.16,0.161,0.16020000000000004,0.16,0.00040000000000000034,0.611,0.624,0.6154999999999999,0.612,0.005380520420925848,0.035,0.036000000000000004,0.03585000000000001,0.036000000000000004,0.00035707142142714284,32,8,2048,8192,128256,True,1824,1
0.045,0.047,0.046333333333333344,0.046,0.0007126966450997989,0.048,0.049,0.04840000000000001,0.048,0.000489897948556636,0.218,0.224,0.22080000000000002,0.219,0.0024413111231467426,0.033,0.034,0.03305000000000001,0.033,0.00021794494717703388,0.164,0.168,0.16535000000000002,0.164,0.0016815171720800251,0.048,0.049,0.04840000000000001,0.048,0.000489897948556636,1.03,1.045,1.0376000000000003,1.035,0.0055081757415681816,0.159,0.159,0.15899999999999997,0.159,2.7755575615628914e-17,0.606,0.627,0.6138999999999999,0.6074999999999999,0.007993122043357033,0.035,0.036000000000000004,0.03555000000000001,0.036000000000000004,0.0004974937185533104,32,8,2048,8192,128256,True,1808,1
0.044,0.046,0.045666666666666675,0.046,0.0005634361698190116,0.048,0.049,0.04840000000000001,0.048,0.000489897948556636,0.181,0.185,0.18305000000000002,0.1825,0.0014991664350564964,0.034,0.035,0.034100000000000005,0.034,0.00030000000000000024,0.166,0.17,0.16795,0.1675,0.0014654350889752856,0.048,0.049,0.04845000000000001,0.048,0.0004974937185533104,1.032,1.044,1.0386000000000002,1.0365,0.00481040538832229,0.157,0.158,0.1578,0.158,0.0004000000000000003,0.606,0.624,0.6166999999999999,0.614,0.006083584469702058,0.035,0.035,0.03500000000000001,0.035,6.938893903907228e-18,32,8,2048,8192,128256,True,1792,1
0.044,0.047,0.04580952380952382,0.046,0.0005870870479018079,0.046,0.048,0.04750000000000001,0.048,0.0005916079783099621,0.18,0.185,0.18330000000000002,0.183,0.0013453624047073721,0.033,0.034,0.03325000000000001,0.033,0.0004330127018922198,0.165,0.17,0.16825,0.168,0.0012990381056766592,0.047,0.049,0.047700000000000006,0.048,0.0005567764362830027,1.028,1.044,1.03865,1.039,0.004628984769903669,0.156,0.157,0.15650000000000003,0.1565,0.0005000000000000006,0.606,0.624,0.6191999999999999,0.619,0.004884669896727929,0.034,0.035,0.03445000000000001,0.034,0.0004974937185533104,32,8,2048,8192,128256,True,1776,1
0.044,0.047,0.04571428571428572,0.046,0.0006281383789653777,0.046,0.047,0.04685000000000001,0.047,0.00035707142142714284,0.18,0.185,0.1831,0.183,0.0013747727084867532,0.033,0.033,0.03300000000000001,0.033,6.938893903907228e-18,0.167,0.17,0.16924999999999998,0.169,0.0008874119674649432,0.047,0.047,0.04700000000000001,0.047,6.938893903907228e-18,0.9410000000000001,0.9470000000000001,0.9440500000000001,0.9445000000000001,0.0017168284713389413,0.157,0.157,0.157,0.157,0.0,0.607,0.624,0.6192999999999999,0.6205,0.0048590122453025415,0.033,0.034,0.033650000000000006,0.034,0.0004769696007084733,32,8,2048,8192,128256,True,1760,1
0.043000000000000003,0.045,0.04447619047619048,0.045,0.0006632565846278143,0.046,0.047,0.04635000000000001,0.046,0.0004769696007084732,0.18,0.184,0.1814,0.181,0.001280624847486571,0.032,0.033,0.03280000000000001,0.033,0.00040000000000000034,0.166,0.17,0.1677,0.1675,0.0011445523142259606,0.046,0.047,0.04650000000000001,0.0465,0.0005000000000000004,0.936,0.9440000000000001,0.9413500000000002,0.9425000000000001,0.002372235232855294,0.155,0.157,0.1559,0.156,0.00043588989435406776,0.607,0.623,0.6122499999999998,0.612,0.005847007781763255,0.033,0.033,0.03300000000000001,0.033,6.938893903907228e-18,32,8,2048,8192,128256,True,1744,1
0.044,0.045,0.04461904761904763,0.045,0.00048562090605645613,0.046,0.047,0.04630000000000001,0.046,0.0004582575694955844,0.181,0.184,0.18185,0.181,0.001107925990308018,0.032,0.033,0.032200000000000006,0.032,0.00040000000000000034,0.167,0.171,0.1677,0.167,0.0011874342087037928,0.046,0.047,0.04635000000000001,0.046,0.0004769696007084732,0.936,0.9470000000000001,0.9420000000000002,0.9420000000000001,0.0027568097504180465,0.154,0.155,0.15424999999999994,0.154,0.0004330127018922198,0.607,0.624,0.61385,0.6134999999999999,0.005807538204781787,0.032,0.033,0.032600000000000004,0.033,0.0004898979485566361,32,8,2048,8192,128256,True,1728,1
0.043000000000000003,0.044,0.04380952380952382,0.044,0.00039267672624929866,0.046,0.046,0.046000000000000006,0.046,6.938893903907228e-18,0.181,0.182,0.18119999999999997,0.181,0.00040000000000000034,0.032,0.032,0.03200000000000001,0.032,6.938893903907228e-18,0.167,0.168,0.16750000000000004,0.1675,0.0005000000000000006,0.046,0.047,0.04615000000000001,0.046,0.00035707142142714284,0.935,0.9410000000000001,0.9390499999999999,0.9390000000000001,0.001465435088975286,0.153,0.153,0.153,0.153,0.0,0.611,0.617,0.6127,0.612,0.001819340539866027,0.032,0.033,0.03205000000000001,0.032,0.00021794494717703385,32,8,2048,8192,128256,True,1712,1
0.042,0.044,0.04347619047619048,0.044,0.0006632565846278126,0.044,0.046,0.045250000000000005,0.045,0.0005361902647381809,0.179,0.182,0.1805,0.181,0.0008660254037844395,0.032,0.032,0.03200000000000001,0.032,6.938893903907228e-18,0.165,0.169,0.16670000000000001,0.167,0.0010049875621120899,0.045,0.046,0.04590000000000001,0.046,0.00030000000000000024,0.933,0.9410000000000001,0.9372000000000001,0.937,0.002357965224510321,0.151,0.152,0.15165,0.152,0.00047696960070847325,0.606,0.617,0.6104,0.6114999999999999,0.003746998799039042,0.031,0.032,0.031950000000000006,0.032,0.00021794494717703385,32,8,2048,8192,128256,True,1696,1
0.043000000000000003,0.044,0.04366666666666667,0.044,0.00047140452079102877,0.044,0.045,0.044800000000000006,0.045,0.00040000000000000034,0.18,0.184,0.18085,0.1805,0.0011521718621802922,0.031,0.032,0.031100000000000006,0.031,0.00030000000000000024,0.167,0.17,0.1675,0.167,0.0009746794344808972,0.044,0.045,0.04490000000000001,0.045,0.00030000000000000024,0.932,0.9420000000000001,0.9361500000000001,0.936,0.0023081377775167606,0.15,0.151,0.15034999999999996,0.15,0.0004769696007084733,0.611,0.623,0.6131999999999999,0.611,0.004388621651498342,0.031,0.032,0.031450000000000006,0.031,0.0004974937185533104,32,8,2048,8192,128256,True,1680,1
0.041,0.043000000000000003,0.04257142857142858,0.043000000000000003,0.0005832118435198048,0.044,0.045,0.0442,0.044,0.00040000000000000034,0.178,0.182,0.17934999999999998,0.179,0.0011521718621802922,0.031,0.032,0.031100000000000006,0.031,0.00030000000000000024,0.165,0.168,0.16610000000000005,0.166,0.001044030650891056,0.044,0.045,0.0442,0.044,0.00040000000000000034,0.929,0.936,0.9316000000000001,0.931,0.002177154105707726,0.148,0.149,0.1484,0.148,0.000489897948556636,0.605,0.617,0.6084000000000002,0.606,0.004983974317750849,0.031,0.031,0.031000000000000007,0.031,6.938893903907228e-18,32,8,2048,8192,128256,True,1664,1
0.042,0.043000000000000003,0.04280952380952382,0.043000000000000003,0.00039267672624930137,0.044,0.045,0.0442,0.044,0.00040000000000000034,0.179,0.183,0.18039999999999998,0.18,0.0012409673645990868,0.031,0.031,0.031000000000000007,0.031,6.938893903907228e-18,0.166,0.17,0.16699999999999998,0.167,0.0012247448713915902,0.044,0.045,0.04415000000000001,0.044,0.00035707142142714284,0.93,0.9410000000000001,0.93495,0.9345000000000001,0.0026358110706194426,0.146,0.148,0.14704999999999996,0.147,0.0003840572873934307,0.606,0.622,0.6122500000000001,0.614,0.005726037023980902,0.03,0.031,0.030750000000000006,0.031,0.0004330127018922197,32,8,2048,8192,128256,True,1648,1
0.041,0.043000000000000003,0.04200000000000001,0.042,0.00043643578047198515,0.044,0.044,0.044000000000000004,0.044,6.938893903907228e-18,0.177,0.18,0.17970000000000003,0.18,0.0009000000000000008,0.03,0.031,0.030500000000000006,0.0305,0.0005000000000000004,0.163,0.167,0.16634999999999997,0.167,0.001061838029079766,0.043000000000000003,0.044,0.04395,0.044,0.00021794494717703236,0.927,0.934,0.931,0.9315,0.0019235384061671362,0.145,0.146,0.14584999999999998,0.146,0.00035707142142714273,0.6,0.616,0.61065,0.611,0.002706935536727835,0.03,0.031,0.030250000000000006,0.03,0.00043301270189221973,32,8,2048,8192,128256,True,1632,1
0.041,0.043000000000000003,0.04190476190476192,0.042,0.0005259695722470128,0.043000000000000003,0.044,0.04390000000000001,0.044,0.0002999999999999982,0.177,0.182,0.18005,0.18,0.0012835497652993449,0.03,0.03,0.030000000000000006,0.03,6.938893903907228e-18,0.163,0.168,0.16635,0.1665,0.0013143439428094927,0.043000000000000003,0.044,0.04390000000000001,0.044,0.0002999999999999982,0.927,0.934,0.9311499999999999,0.932,0.0020316249653910064,0.14400000000000002,0.145,0.14410000000000003,0.14400000000000002,0.00029999999999999195,0.6,0.616,0.6129499999999999,0.6134999999999999,0.0038402473878644877,0.029,0.031,0.029750000000000006,0.03,0.0005361902647381794,32,8,2048,8192,128256,True,1616,1
0.04,0.042,0.04166666666666668,0.042,0.0006424160744396216,0.041,0.043000000000000003,0.04290000000000001,0.043000000000000003,0.0004358898943540677,0.163,0.171,0.17014999999999997,0.1705,0.001710993863226869,0.03,0.031,0.030150000000000003,0.03,0.00035707142142714284,0.111,0.114,0.1137,0.114,0.0007141428428542857,0.041,0.043000000000000003,0.04290000000000001,0.043000000000000003,0.0004358898943540677,0.88,0.886,0.88355,0.8835,0.0017741194999210186,0.14100000000000001,0.14200000000000002,0.1411,0.14100000000000001,0.00030000000000000024,0.41600000000000004,0.419,0.41719999999999996,0.417,0.0008124038404635844,0.033,0.035,0.033850000000000005,0.034,0.0004769696007084733,32,8,2048,8192,128256,True,1600,1
0.039,0.041,0.04061904761904763,0.041,0.0005753831415997421,0.042,0.043000000000000003,0.04225000000000001,0.042,0.0004330127018922198,0.167,0.17300000000000001,0.16865000000000002,0.1675,0.002151162476429897,0.029,0.03,0.029800000000000004,0.03,0.00039999999999999893,0.111,0.115,0.11235000000000002,0.112,0.0015898113095584659,0.042,0.043000000000000003,0.04235000000000001,0.042,0.0004769696007084732,0.876,0.89,0.88085,0.8775,0.00586749520664483,0.139,0.14,0.13960000000000003,0.14,0.000489897948556636,0.40700000000000003,0.427,0.41209999999999997,0.40800000000000003,0.00678159273327437,0.033,0.034,0.03320000000000001,0.033,0.0004000000000000003,32,8,2048,8192,128256,True,1584,1
0.039,0.042,0.04009523809523811,0.04,0.0006098213559459861,0.042,0.043000000000000003,0.04210000000000001,0.042,0.0003000000000000003,0.167,0.17200000000000001,0.16845000000000004,0.168,0.0012835497652993447,0.029,0.03,0.029600000000000005,0.03,0.0004898979485566343,0.112,0.115,0.11235000000000003,0.112,0.0009096702699330135,0.042,0.043000000000000003,0.04210000000000001,0.042,0.0003000000000000003,0.874,0.891,0.87855,0.878,0.004455053310567679,0.138,0.139,0.13825000000000004,0.138,0.00043301270189221973,0.41000000000000003,0.422,0.41235,0.41100000000000003,0.00399092721056146,0.032,0.034,0.03305000000000001,0.033,0.00038405728739343076,32,8,2048,8192,128256,True,1568,1
0.039,0.041,0.04028571428571429,0.04,0.0005471012044321936,0.042,0.043000000000000003,0.04230000000000001,0.042,0.0004582575694955844,0.167,0.17300000000000001,0.16930000000000003,0.168,0.002027313493271331,0.029,0.03,0.029150000000000002,0.029,0.0003570714214271416,0.112,0.115,0.11290000000000003,0.112,0.0013747727084867532,0.042,0.043000000000000003,0.04230000000000001,0.042,0.0004582575694955844,0.876,0.89,0.88125,0.878,0.005457792594080509,0.136,0.138,0.137,0.137,0.0003162277660168382,0.40900000000000003,0.421,0.41325,0.41000000000000003,0.00507813942305642,0.032,0.033,0.032650000000000005,0.033,0.0004769696007084733,32,8,2048,8192,128256,True,1552,1
0.039,0.04,0.03961904761904763,0.04,0.00048562090605645613,0.042,0.043000000000000003,0.04210000000000001,0.042,0.0003000000000000003,0.167,0.17,0.1688,0.169,0.001248999599679681,0.028,0.029,0.028950000000000004,0.029,0.00021794494717703385,0.111,0.115,0.11265,0.113,0.0008529361054615998,0.042,0.043000000000000003,0.04215000000000001,0.042,0.0003570714214271428,0.874,0.883,0.8789499999999999,0.88,0.002654712790491659,0.135,0.136,0.13560000000000003,0.136,0.000489897948556636,0.40900000000000003,0.424,0.4147,0.417,0.004691481642295938,0.032,0.033,0.032100000000000004,0.032,0.00030000000000000024,32,8,2048,8192,128256,True,1536,1
0.038,0.04,0.03914285714285715,0.039,0.0004665694748158439,0.04,0.042,0.04085000000000001,0.041,0.00047696960070847325,0.167,0.17200000000000001,0.16765000000000002,0.167,0.0014924811556599313,0.028,0.029,0.028450000000000003,0.028,0.0004974937185533104,0.112,0.116,0.11240000000000003,0.112,0.0010677078252031322,0.04,0.042,0.04105000000000001,0.041,0.00038405728739343076,0.869,0.888,0.87575,0.875,0.00553962995154009,0.134,0.135,0.13415,0.134,0.0003570714214271428,0.40900000000000003,0.427,0.4118500000000001,0.41000000000000003,0.00481949167444035,0.032,0.033,0.03205000000000001,0.032,0.00021794494717703385,32,8,2048,8192,128256,True,1520,1
0.038,0.04,0.0391904761904762,0.039,0.0005870870479018078,0.04,0.041,0.04045000000000001,0.04,0.0004974937185533104,0.168,0.17300000000000001,0.16945000000000005,0.1685,0.0018296174463532005,0.028,0.029,0.028050000000000002,0.028,0.00021794494717703388,0.112,0.115,0.11285000000000003,0.112,0.0012757350822173085,0.04,0.041,0.040650000000000006,0.041,0.0004769696007084733,0.872,0.893,0.8793999999999998,0.8775,0.007690253571892159,0.132,0.133,0.13265,0.133,0.00047696960070847325,0.41200000000000003,0.425,0.41705,0.41600000000000004,0.004212778180725854,0.031,0.032,0.0316,0.032,0.0004898979485566361,32,8,2048,8192,128256,True,1504,1
0.037,0.04,0.03876190476190477,0.039,0.0009209085526577968,0.039,0.041,0.04070000000000001,0.041,0.0007141428428542857,0.161,0.171,0.16859999999999997,0.169,0.003307567081708248,0.027,0.028,0.027850000000000003,0.028,0.00035707142142714284,0.107,0.114,0.11234999999999999,0.113,0.002219797288042313,0.039,0.041,0.04070000000000001,0.041,0.0007141428428542857,0.861,0.887,0.8802999999999999,0.88,0.007211795892841123,0.131,0.132,0.13145,0.131,0.0004974937185533104,0.394,0.422,0.4164,0.417,0.007709734106958544,0.031,0.032,0.031150000000000004,0.031,0.00035707142142714284,32,8,2048,8192,128256,True,1488,1
0.038,0.039,0.038095238095238106,0.038,0.0002935435239509039,0.04,0.041,0.04010000000000001,0.04,0.0003000000000000003,0.166,0.171,0.16719999999999996,0.167,0.001326649916142161,0.027,0.028,0.027200000000000002,0.027,0.00040000000000000034,0.11,0.115,0.11165000000000003,0.111,0.0011079259903080177,0.04,0.041,0.04010000000000001,0.04,0.0003000000000000003,0.866,0.886,0.8725999999999999,0.8714999999999999,0.005151698748956508,0.13,0.13,0.12999999999999998,0.13,2.7755575615628914e-17,0.40900000000000003,0.421,0.4115500000000001,0.41000000000000003,0.003980891859872593,0.03,0.032,0.031000000000000007,0.031,0.00044721359549995833,32,8,2048,8192,128256,True,1472,1
0.037,0.039,0.03790476190476191,0.038,0.00042591770999996035,0.039,0.041,0.04005000000000001,0.04,0.00038405728739343076,0.17400000000000002,0.182,0.17715,0.176,0.002612948526090779,0.026000000000000002,0.026000000000000002,0.026000000000000006,0.026000000000000002,3.469446951953614e-18,0.138,0.145,0.14035000000000003,0.1395,0.0022197972880423104,0.039,0.041,0.04020000000000001,0.04,0.0005099019513592789,0.866,0.887,0.87385,0.869,0.008475110618747115,0.128,0.129,0.12885,0.129,0.0003570714214271428,0.406,0.421,0.4135000000000001,0.41200000000000003,0.005389805191284728,0.03,0.031,0.030350000000000005,0.03,0.00047696960070847325,32,8,2048,8192,128256,True,1456,1
0.037,0.039,0.03795238095238096,0.038,0.0003749527559053247,0.039,0.04,0.039200000000000006,0.039,0.00040000000000000034,0.176,0.183,0.17794999999999997,0.178,0.0018567444627627157,0.025,0.026000000000000002,0.025150000000000006,0.025,0.0003570714214271428,0.108,0.114,0.10980000000000001,0.11,0.0016613247725836165,0.039,0.04,0.039450000000000006,0.039,0.0004974937185533104,0.775,0.794,0.7803500000000001,0.779,0.004942418436352799,0.129,0.13,0.1293,0.129,0.0004582575694955844,0.40800000000000003,0.423,0.4141,0.41400000000000003,0.0044821869662029805,0.029,0.03,0.029800000000000004,0.03,0.00039999999999999893,32,8,2048,8192,128256,True,1440,1
0.035,0.039,0.03733333333333334,0.038,0.0010389249632986382,0.037,0.039,0.03805000000000001,0.038,0.0006689544080129831,0.168,0.183,0.177,0.1775,0.00424264068711928,0.024,0.026000000000000002,0.025000000000000005,0.025,0.0003162277660168382,0.10200000000000001,0.113,0.10855000000000001,0.1095,0.002889204042638733,0.037,0.039,0.03805000000000001,0.038,0.0006689544080129831,0.768,0.788,0.7766,0.7745,0.0067483331275212015,0.127,0.128,0.12780000000000002,0.128,0.0004000000000000003,0.392,0.421,0.41115,0.41100000000000003,0.009285876372211713,0.029,0.03,0.029050000000000003,0.029,0.00021794494717703315,32,8,2048,8192,128256,True,1424,1
0.035,0.038,0.036857142857142866,0.037,0.0008883218145798853,0.037,0.039,0.038500000000000006,0.039,0.0008062257748298557,0.17,0.187,0.18,0.181,0.005357238094391544,0.024,0.025,0.024950000000000007,0.025,0.00021794494717703385,0.10300000000000001,0.116,0.11035000000000002,0.1115,0.0036506848672543625,0.037,0.04,0.03860000000000001,0.039,0.0008602325267042634,0.767,0.805,0.7848,0.782,0.01273813173114489,0.126,0.127,0.12644999999999995,0.126,0.0004974937185533103,0.398,0.443,0.42729999999999996,0.43,0.015023648025696015,0.028,0.028,0.028000000000000004,0.028,3.469446951953614e-18,32,8,2048,8192,128256,True,1408,1
0.035,0.038,0.036857142857142866,0.037,0.000773717943298661,0.037,0.039,0.038000000000000006,0.038,0.0007071067811865481,0.17,0.185,0.1776,0.1775,0.004651881339845198,0.024,0.025,0.024500000000000004,0.0245,0.0005000000000000004,0.10300000000000001,0.115,0.10890000000000002,0.11,0.0032078029864690883,0.037,0.039,0.03805000000000001,0.038,0.0006689544080129831,0.765,0.8,0.7787999999999999,0.774,0.011948221624995089,0.124,0.126,0.1248,0.125,0.0005099019513592789,0.4,0.439,0.42125,0.42,0.01270777321169999,0.027,0.028,0.027600000000000003,0.028,0.0004898979485566361,32,8,2048,8192,128256,True,1392,1
0.034,0.037,0.036571428571428574,0.037,0.0009547589359887328,0.037,0.039,0.03835000000000001,0.038,0.0006538348415311016,0.167,0.181,0.1791,0.18,0.0038974350539810105,0.024,0.025,0.024200000000000006,0.024,0.0004000000000000003,0.10200000000000001,0.113,0.11000000000000001,0.11,0.002701851217221258,0.037,0.039,0.038450000000000005,0.039,0.0006689544080129831,0.764,0.785,0.7827000000000001,0.785,0.006245798587850882,0.123,0.124,0.12395000000000003,0.124,0.00021794494717703388,0.391,0.429,0.4245,0.426,0.007781388050984215,0.027,0.027,0.027000000000000003,0.027,3.469446951953614e-18,32,8,2048,8192,128256,True,1376,1
0.035,0.038,0.03614285714285716,0.036000000000000004,0.0006388765649999382,0.038,0.039,0.03805000000000001,0.038,0.00021794494717703388,0.178,0.183,0.17844999999999997,0.178,0.0011169153951844349,0.024,0.024,0.024000000000000004,0.024,3.469446951953614e-18,0.109,0.113,0.10995000000000002,0.11,0.0008046738469715547,0.038,0.039,0.03805000000000001,0.038,0.00021794494717703388,0.775,0.798,0.7778,0.776,0.006273754856543254,0.122,0.123,0.1226,0.123,0.0004898979485566361,0.419,0.436,0.42185000000000006,0.42,0.00462898476990366,0.026000000000000002,0.027,0.026550000000000008,0.027,0.0004974937185533088,32,8,2048,8192,128256,True,1360,1
0.035,0.037,0.03600000000000001,0.036000000000000004,0.00043643578047198364,0.036000000000000004,0.037,0.03690000000000001,0.037,0.0002999999999999982,0.153,0.156,0.15460000000000002,0.155,0.0009165151389911689,0.025,0.026000000000000002,0.025050000000000006,0.025,0.00021794494717703388,0.109,0.111,0.11010000000000002,0.11,0.0006244997998398404,0.037,0.037,0.037000000000000005,0.037,6.938893903907228e-18,0.774,0.783,0.7786500000000001,0.7785,0.0037719358425084624,0.121,0.121,0.121,0.121,0.0,0.423,0.428,0.4255,0.4265,0.002037154878746338,0.025,0.026000000000000002,0.025600000000000005,0.026000000000000002,0.0004898979485566361,32,8,2048,8192,128256,True,1344,1
0.032,0.036000000000000004,0.03523809523809525,0.035,0.0010190921218587007,0.035,0.037,0.03655000000000001,0.037,0.0005894913061275771,0.14300000000000002,0.156,0.15319999999999995,0.1535,0.0025612496949731366,0.024,0.025,0.024950000000000007,0.025,0.00021794494717703385,0.10300000000000001,0.11,0.10905000000000001,0.109,0.001465435088975283,0.035,0.037,0.03675000000000001,0.037,0.0005361902647381783,0.763,0.787,0.7799500000000001,0.778,0.005748695504199196,0.11800000000000001,0.12,0.11905000000000003,0.11900000000000001,0.00038405728739342724,0.403,0.426,0.4221000000000001,0.422,0.0048052055106935785,0.025,0.026000000000000002,0.025400000000000006,0.025,0.000489897948556636,32,8,2048,8192,128256,True,1328,1
0.034,0.036000000000000004,0.03504761904761906,0.035,0.0004856209060564562,0.036000000000000004,0.037,0.03625000000000001,0.036000000000000004,0.00043301270189221675,0.151,0.156,0.15299999999999997,0.153,0.0017029386365926416,0.024,0.025,0.024400000000000005,0.024,0.000489897948556636,0.107,0.11,0.10865,0.1085,0.001061838029079766,0.036000000000000004,0.037,0.03630000000000001,0.036000000000000004,0.0004582575694955813,0.768,0.782,0.7753000000000001,0.777,0.005933801479658724,0.117,0.11800000000000001,0.11779999999999999,0.11800000000000001,0.0004000000000000003,0.41600000000000004,0.426,0.42095000000000005,0.4235,0.0038272052466519187,0.025,0.026000000000000002,0.025050000000000006,0.025,0.00021794494717703388,32,8,2048,8192,128256,True,1312,1
0.034,0.035,0.034857142857142864,0.035,0.00034992710611188294,0.036000000000000004,0.037,0.03605000000000001,0.036000000000000004,0.00021794494717703236,0.151,0.154,0.1522,0.152,0.0009273618495495713,0.024,0.025,0.024100000000000003,0.024,0.00030000000000000024,0.108,0.11,0.10875000000000001,0.109,0.0006224949798994372,0.036000000000000004,0.036000000000000004,0.03600000000000001,0.036000000000000004,6.938893903907228e-18,0.773,0.79,0.77805,0.78,0.004455053310567678,0.116,0.117,0.11695,0.117,0.00021794494717703385,0.419,0.433,0.42264999999999997,0.423,0.0031507935508376327,0.024,0.025,0.024200000000000006,0.024,0.0004000000000000003,32,8,2048,8192,128256,True,1296,1
0.032,0.035,0.0341904761904762,0.035,0.0010056529562829952,0.034,0.037,0.03570000000000001,0.036000000000000004,0.0007810249675906656,0.14100000000000001,0.155,0.15024999999999997,0.151,0.004023369234857765,0.023,0.024,0.023850000000000003,0.024,0.00035707142142714284,0.10200000000000001,0.11,0.10755,0.108,0.002459166525471585,0.035,0.037,0.03610000000000001,0.036000000000000004,0.0006244997998398378,0.707,0.737,0.7229000000000001,0.7215,0.008601744009211165,0.113,0.115,0.11385,0.114,0.0004769696007084733,0.392,0.428,0.41784999999999994,0.42,0.011177097118661885,0.024,0.024,0.024000000000000004,0.024,3.469446951953614e-18,32,8,2048,8192,128256,True,1280,1
0.033,0.035,0.03390476190476192,0.034,0.0004259177099999603,0.034,0.035,0.03470000000000001,0.035,0.00045825756949558437,0.148,0.153,0.1503,0.149,0.0016155494421403525,0.023,0.024,0.023500000000000004,0.0235,0.0005000000000000004,0.106,0.109,0.10745,0.107,0.0009205976319760993,0.034,0.035,0.03480000000000001,0.035,0.00040000000000000034,0.713,0.726,0.7205499999999999,0.7204999999999999,0.004488596662655271,0.112,0.113,0.11240000000000001,0.112,0.0004898979485566361,0.41300000000000003,0.423,0.41859999999999997,0.41900000000000004,0.003878143885933039,0.023,0.024,0.023950000000000006,0.024,0.00021794494717703385,32,8,2048,8192,128256,True,1264,1
0.031,0.034,0.03266666666666668,0.033,0.0007766431633476241,0.033,0.035,0.033900000000000007,0.034,0.0006244997998398404,0.138,0.149,0.14275,0.14300000000000002,0.0033447720400649086,0.023,0.023,0.023000000000000003,0.023,3.469446951953614e-18,0.101,0.109,0.10530000000000002,0.106,0.0024919871588754195,0.033,0.035,0.033900000000000007,0.034,0.0006244997998398404,0.7000000000000001,0.725,0.7115999999999999,0.711,0.006390618123468179,0.11,0.111,0.11065000000000003,0.111,0.0004769696007084732,0.39,0.423,0.40709999999999996,0.40700000000000003,0.010290286682109486,0.023,0.023,0.023000000000000003,0.023,3.469446951953614e-18,32,8,2048,8192,128256,True,1248,1
0.032,0.034,0.0330952380952381,0.033,0.000525969572247013,0.034,0.034,0.03400000000000001,0.034,6.938893903907228e-18,0.145,0.147,0.14624999999999994,0.146,0.0006224949798994371,0.022,0.023,0.022900000000000004,0.023,0.0003000000000000003,0.107,0.108,0.10745,0.107,0.0004974937185533104,0.034,0.034,0.03400000000000001,0.034,6.938893903907228e-18,0.713,0.718,0.71555,0.7155,0.0022017038856304016,0.109,0.11,0.10925,0.109,0.00043301270189221973,0.41300000000000003,0.418,0.41585,0.417,0.001930673457630757,0.022,0.023,0.022950000000000005,0.023,0.00021794494717703385,32,8,2048,8192,128256,True,1232,1
0.031,0.034,0.032714285714285724,0.033,0.0008247860988423233,0.032,0.035,0.033850000000000005,0.034,0.0006538348415311016,0.137,0.148,0.1446,0.146,0.0036660605559646646,0.022,0.023,0.022200000000000004,0.022,0.0004000000000000003,0.101,0.109,0.10635000000000001,0.107,0.002393219588754861,0.033,0.034,0.033850000000000005,0.034,0.00035707142142714284,0.6970000000000001,0.728,0.7163499999999999,0.716,0.008392109389182173,0.108,0.109,0.10805000000000002,0.108,0.00021794494717703385,0.387,0.421,0.41045,0.41300000000000003,0.010278496971833962,0.022,0.023,0.022500000000000003,0.0225,0.0005000000000000004,32,8,2048,8192,128256,True,1216,1
0.03,0.033,0.03157142857142858,0.032,0.0007284313590846843,0.032,0.034,0.03280000000000001,0.033,0.0005099019513592789,0.136,0.147,0.14104999999999998,0.14200000000000002,0.00269211812519436,0.021,0.022,0.021950000000000004,0.022,0.0002179449471770331,0.1,0.108,0.10330000000000002,0.10400000000000001,0.0019,0.032,0.034,0.032850000000000004,0.033,0.0004769696007084733,0.6980000000000001,0.72,0.7061000000000001,0.707,0.005078385570237818,0.106,0.108,0.10690000000000002,0.107,0.0004358898943540677,0.385,0.419,0.4008,0.403,0.009014432871789546,0.022,0.022,0.022000000000000002,0.022,3.469446951953614e-18,32,8,2048,8192,128256,True,1200,1
0.031,0.033,0.03185714285714286,0.032,0.0004665694748158439,0.032,0.033,0.032850000000000004,0.033,0.0003570714214271428,0.14300000000000002,0.14400000000000002,0.14365000000000003,0.14400000000000002,0.00047696960070847325,0.021,0.022,0.021650000000000003,0.022,0.0004769696007084717,0.105,0.106,0.1052,0.105,0.00040000000000000034,0.032,0.034,0.03300000000000001,0.033,0.0003162277660168382,0.705,0.712,0.7098,0.711,0.0019899748742132416,0.105,0.106,0.10540000000000001,0.105,0.0004898979485566361,0.405,0.40900000000000003,0.4073500000000001,0.40800000000000003,0.0016815171720800254,0.022,0.022,0.022000000000000002,0.022,3.469446951953614e-18,32,8,2048,8192,128256,True,1184,1
0.029,0.032,0.03142857142857144,0.032,0.0007911070345636265,0.031,0.032,0.031950000000000006,0.032,0.00021794494717703385,0.136,0.145,0.14395000000000002,0.14400000000000002,0.0018834808201837327,0.021,0.022,0.021050000000000003,0.021,0.00021794494717703315,0.1,0.106,0.10554999999999999,0.106,0.0013219304066402267,0.031,0.032,0.031950000000000006,0.032,0.00021794494717703385,0.6960000000000001,0.715,0.7109499999999999,0.7104999999999999,0.003993432107849069,0.10300000000000001,0.10400000000000001,0.10390000000000002,0.10400000000000001,0.00030000000000000024,0.405,0.41200000000000003,0.40890000000000004,0.40800000000000003,0.001813835714721707,0.021,0.021,0.021000000000000005,0.021,3.469446951953614e-18,32,8,2048,8192,128256,True,1168,1
0.03,0.032,0.03095238095238096,0.031,0.0003749527559053246,0.032,0.032,0.03200000000000001,0.032,6.938893903907228e-18,0.14400000000000002,0.146,0.14509999999999998,0.145,0.0006999999999999919,0.02,0.021,0.020700000000000003,0.021,0.0004582575694955844,0.106,0.107,0.10640000000000001,0.106,0.000489897948556636,0.032,0.032,0.03200000000000001,0.032,6.938893903907228e-18,0.705,0.713,0.7103999999999998,0.71,0.0026343879744639004,0.10200000000000001,0.10300000000000001,0.10275000000000001,0.10300000000000001,0.0004330127018922198,0.40700000000000003,0.41200000000000003,0.40915,0.40900000000000003,0.0020068632240389495,0.02,0.021,0.020850000000000004,0.021,0.00035707142142714284,32,8,2048,8192,128256,True,1152,1
0.029,0.032,0.030761904761904768,0.031,0.0006834619092574914,0.03,0.032,0.031400000000000004,0.031,0.0005830951894845306,0.137,0.145,0.14320000000000002,0.14300000000000002,0.0018330302779823282,0.02,0.021,0.020150000000000005,0.02,0.00035707142142714284,0.10200000000000001,0.107,0.10539999999999998,0.105,0.0011135528725660033,0.031,0.032,0.03150000000000001,0.0315,0.0005000000000000004,0.6980000000000001,0.71,0.7024999999999999,0.6990000000000001,0.004934571916590083,0.101,0.10200000000000001,0.10105,0.101,0.00021794494717703385,0.401,0.40900000000000003,0.4043,0.402,0.003348133808556644,0.02,0.021,0.020700000000000003,0.021,0.0004582575694955845,32,8,2048,8192,128256,True,1136,1
0.028,0.031,0.02971428571428572,0.03,0.0006281383789653762,0.03,0.032,0.030700000000000005,0.031,0.0005567764362830027,0.136,0.147,0.13975,0.14100000000000001,0.0025273503912200206,0.02,0.02,0.020000000000000004,0.02,3.469446951953614e-18,0.1,0.108,0.10300000000000001,0.10350000000000001,0.0018165902124584947,0.03,0.032,0.030850000000000006,0.031,0.00047696960070847325,0.604,0.625,0.6075999999999999,0.607,0.004235563716909478,0.101,0.10200000000000001,0.1011,0.101,0.00030000000000000024,0.383,0.41400000000000003,0.39405,0.397,0.0077554819321561256,0.02,0.02,0.020000000000000004,0.02,3.469446951953614e-18,32,8,2048,8192,128256,True,1120,1
0.028,0.03,0.029380952380952386,0.029,0.0006529194857524794,0.03,0.031,0.030550000000000004,0.031,0.0004974937185533105,0.14100000000000001,0.14300000000000002,0.14195000000000002,0.14200000000000002,0.00038405728739343076,0.02,0.02,0.020000000000000004,0.02,3.469446951953614e-18,0.10400000000000001,0.10400000000000001,0.10400000000000002,0.10400000000000001,1.3877787807814457e-17,0.031,0.031,0.031000000000000007,0.031,6.938893903907228e-18,0.606,0.611,0.60925,0.61,0.0017571283390805594,0.099,0.1,0.09995000000000002,0.1,0.00021794494717703388,0.397,0.399,0.39835,0.398,0.0005722761571129803,0.019,0.02,0.019900000000000004,0.02,0.0003000000000000003,32,8,2048,8192,128256,True,1104,1
0.027,0.03,0.02952380952380953,0.03,0.000793968190501574,0.028,0.029,0.028900000000000002,0.029,0.0003000000000000003,0.135,0.14300000000000002,0.1414,0.14200000000000002,0.0019849433241279223,0.019,0.02,0.019450000000000002,0.019,0.0004974937185533104,0.1,0.105,0.10425000000000002,0.10400000000000001,0.0010897247358851651,0.029,0.03,0.029950000000000004,0.03,0.0002179449471770331,0.6,0.61,0.6054499999999999,0.605,0.0019868316486305547,0.098,0.099,0.09805000000000001,0.098,0.00021794494717703385,0.38,0.401,0.39855000000000007,0.399,0.004295055296500853,0.019,0.019,0.019000000000000003,0.019,3.469446951953614e-18,32,8,2048,8192,128256,True,1088,1
0.026000000000000002,0.029,0.02842857142857144,0.029,0.0007284313590846837,0.028,0.029,0.028800000000000003,0.029,0.0004000000000000004,0.136,0.14100000000000001,0.13870000000000002,0.1405,0.002451530134426255,0.019,0.02,0.019050000000000004,0.019,0.00021794494717703388,0.1,0.10400000000000001,0.1018,0.10300000000000001,0.0016613247725836163,0.029,0.03,0.029550000000000003,0.03,0.0004974937185533088,0.596,0.609,0.60265,0.603,0.004315958757912318,0.096,0.097,0.09635,0.096,0.0004769696007084732,0.379,0.395,0.38770000000000004,0.392,0.006427285585688571,0.018000000000000002,0.019,0.018950000000000005,0.019,0.0002179449471770331,32,8,2048,8192,128256,True,1072,1
0.027,0.029,0.028761904761904766,0.029,0.000525969572247013,0.028,0.029,0.028800000000000003,0.029,0.0004000000000000004,0.136,0.14300000000000002,0.1406,0.14200000000000002,0.002353720459187966,0.019,0.02,0.019050000000000004,0.019,0.00021794494717703388,0.101,0.105,0.10400000000000001,0.105,0.0014491376746189402,0.028,0.029,0.028850000000000004,0.029,0.00035707142142714284,0.597,0.605,0.6004999999999999,0.5994999999999999,0.0023130067012440774,0.095,0.096,0.09505,0.095,0.00021794494717703385,0.381,0.401,0.39615,0.398,0.006198991853519414,0.018000000000000002,0.018000000000000002,0.018000000000000006,0.018000000000000002,3.469446951953614e-18,32,8,2048,8192,128256,True,1056,1
0.027,0.029,0.028000000000000004,0.028,0.00043643578047198515,0.028,0.029,0.028100000000000003,0.028,0.00030000000000000024,0.139,0.14,0.13960000000000003,0.14,0.000489897948556636,0.018000000000000002,0.019,0.018950000000000005,0.019,0.0002179449471770331,0.10300000000000001,0.10400000000000001,0.10305,0.10300000000000001,0.00021794494717703385,0.028,0.029,0.028600000000000004,0.029,0.0004898979485566361,0.597,0.601,0.5986999999999999,0.599,0.0010535653752852749,0.094,0.094,0.09400000000000001,0.094,1.3877787807814457e-17,0.391,0.394,0.39320000000000005,0.393,0.0008717797887081355,0.017,0.018000000000000002,0.017600000000000005,0.018000000000000002,0.0004898979485566361,32,8,2048,8192,128256,True,1040,1
0.025,0.028,0.027047619047619056,0.027,0.0006529194857524802,0.027,0.028,0.027600000000000003,0.028,0.0004898979485566361,0.13,0.134,0.1319,0.131,0.0011789826122551605,0.018000000000000002,0.019,0.018950000000000005,0.019,0.0002179449471770331,0.084,0.088,0.08560000000000001,0.085,0.0016248076809271894,0.028,0.029,0.0284,0.028,0.0004898979485566361,0.591,0.605,0.5972000000000001,0.5965,0.00472863616701476,0.092,0.093,0.09275,0.093,0.00043301270189221973,0.293,0.306,0.2990499999999999,0.296,0.004862869523234202,0.019,0.021,0.020200000000000003,0.02,0.000509901951359279,32,8,2048,8192,128256,True,1024,1
0.025,0.028,0.027428571428571438,0.028,0.0007911070345636261,0.026000000000000002,0.028,0.02695000000000001,0.027,0.0004974937185533094,0.129,0.134,0.13205000000000003,0.1325,0.0013219304066402298,0.019,0.019,0.019000000000000003,0.019,3.469446951953614e-18,0.084,0.09,0.08645,0.08700000000000001,0.001465435088975284,0.027,0.028,0.027700000000000002,0.028,0.0004582575694955844,0.594,0.611,0.5989500000000001,0.598,0.003528101472463628,0.091,0.092,0.09180000000000002,0.092,0.00040000000000000034,0.291,0.307,0.29950000000000004,0.301,0.004588027898781789,0.02,0.021,0.020200000000000003,0.02,0.00040000000000000034,32,8,2048,8192,128256,True,1016,1
0.025,0.028,0.026857142857142864,0.027,0.0007095078297976821,0.026000000000000002,0.027,0.026450000000000008,0.026000000000000002,0.0004974937185533088,0.129,0.132,0.13055000000000003,0.13,0.0009205976319760993,0.018000000000000002,0.019,0.018650000000000007,0.019,0.0004769696007084717,0.083,0.08700000000000001,0.08495000000000001,0.085,0.0012835497652993449,0.026000000000000002,0.027,0.026450000000000008,0.026000000000000002,0.0004974937185533088,0.588,0.598,0.5942,0.595,0.003340658617698016,0.09,0.091,0.09075,0.091,0.0004330127018922198,0.28800000000000003,0.3,0.2934,0.2935,0.004386342439892262,0.018000000000000002,0.021,0.019650000000000008,0.02,0.000653834841531101,32,8,2048,8192,128256,True,1008,1
0.025,0.028,0.027000000000000007,0.027,0.0006900655593423538,0.026000000000000002,0.027,0.026900000000000007,0.027,0.0002999999999999992,0.129,0.133,0.13195,0.132,0.0009205976319760993,0.018000000000000002,0.019,0.018300000000000004,0.018000000000000002,0.0004582575694955828,0.084,0.09,0.08785,0.088,0.0012359207094308248,0.026000000000000002,0.027,0.026900000000000007,0.027,0.0002999999999999992,0.59,0.605,0.6005,0.601,0.0032326459750489254,0.09,0.09,0.09000000000000001,0.09,1.3877787807814457e-17,0.291,0.305,0.30229999999999996,0.3025,0.003083828789021858,0.018000000000000002,0.02,0.019200000000000005,0.019,0.0005099019513592786,32,8,2048,8192,128256,True,1000,1
0.025,0.027,0.026523809523809533,0.027,0.0005870870479018062,0.026000000000000002,0.027,0.026450000000000008,0.026000000000000002,0.0004974937185533088,0.13,0.133,0.13105000000000003,0.131,0.0009205976319760993,0.018000000000000002,0.019,0.018150000000000006,0.018000000000000002,0.0003570714214271416,0.08600000000000001,0.088,0.08670000000000003,0.08600000000000001,0.0009539392014169399,0.026000000000000002,0.027,0.026500000000000006,0.026500000000000003,0.0004999999999999987,0.593,0.602,0.5962999999999998,0.5945,0.0032109188716004677,0.089,0.09,0.08915,0.089,0.0003570714214271428,0.294,0.305,0.2980999999999999,0.296,0.003845776904605885,0.018000000000000002,0.02,0.019100000000000002,0.019,0.0005385164807134502,32,8,2048,8192,128256,True,992,1
0.024,0.028,0.02676190476190477,0.027,0.0008109231602822092,0.026000000000000002,0.027,0.026850000000000006,0.027,0.00035707142142714154,0.128,0.132,0.13130000000000003,0.132,0.001100000000000001,0.018000000000000002,0.018000000000000002,0.018000000000000006,0.018000000000000002,3.469446951953614e-18,0.084,0.089,0.08754999999999999,0.088,0.0013955285736952827,0.026000000000000002,0.027,0.026850000000000006,0.027,0.00035707142142714154,0.59,0.608,0.6026,0.6034999999999999,0.004454211490264022,0.088,0.089,0.08884999999999998,0.089,0.00035707142142714273,0.29,0.305,0.30124999999999996,0.302,0.003793085815006039,0.018000000000000002,0.019,0.018700000000000005,0.019,0.0004582575694955828,32,8,2048,8192,128256,True,984,1
0.024,0.027,0.02595238095238096,0.026000000000000002,0.0005753831415997414,0.026000000000000002,0.027,0.026050000000000007,0.026000000000000002,0.00021794494717703312,0.128,0.13,0.12905,0.129,0.0008645808232895299,0.017,0.018000000000000002,0.017850000000000005,0.018000000000000002,0.0003570714214271428,0.084,0.08700000000000001,0.08525,0.0855,0.001219631091765048,0.026000000000000002,0.026000000000000002,0.026000000000000006,0.026000000000000002,3.469446951953614e-18,0.587,0.596,0.59225,0.595,0.0034910600109422387,0.08700000000000001,0.088,0.08795000000000001,0.088,0.00021794494717703084,0.28800000000000003,0.298,0.2933,0.2955,0.0036891733491393386,0.018000000000000002,0.019,0.018550000000000004,0.019,0.0004974937185533088,32,8,2048,8192,128256,True,976,1
0.024,0.027,0.02657142857142858,0.027,0.0007911070345636256,0.025,0.026000000000000002,0.025950000000000008,0.026000000000000002,0.00021794494717703385,0.133,0.139,0.13815000000000005,0.138,0.0013143439428094927,0.017,0.018000000000000002,0.017450000000000004,0.017,0.0004974937185533104,0.1,0.10300000000000001,0.10270000000000001,0.10300000000000001,0.0007141428428542857,0.026000000000000002,0.027,0.026450000000000008,0.026000000000000002,0.0004974937185533088,0.594,0.599,0.5955,0.594,0.00196214168703486,0.08700000000000001,0.088,0.08750000000000001,0.0875,0.0004999999999999935,0.387,0.392,0.38965000000000005,0.3895,0.001651514456491376,0.016,0.016,0.016000000000000004,0.016,3.469446951953614e-18,32,8,2048,8192,128256,True,968,1
0.024,0.026000000000000002,0.02571428571428572,0.026000000000000002,0.0006281383789653776,0.025,0.026000000000000002,0.025450000000000007,0.025,0.0004974937185533104,0.10400000000000001,0.109,0.10645000000000002,0.105,0.0017457090250096096,0.016,0.017,0.016900000000000005,0.017,0.0003000000000000003,0.069,0.07200000000000001,0.07055000000000003,0.07,0.0012835497652993447,0.025,0.026000000000000002,0.025950000000000008,0.026000000000000002,0.00021794494717703385,0.539,0.545,0.5425,0.543,0.0017464249196572996,0.08600000000000001,0.08700000000000001,0.08645,0.08600000000000001,0.0004974937185533104,0.263,0.276,0.26890000000000003,0.2685,0.005175905717843018,0.017,0.017,0.017000000000000005,0.017,3.469446951953614e-18,32,8,2048,8192,128256,True,960,1
0.023,0.026000000000000002,0.025285714285714293,0.025,0.0007648751621051917,0.025,0.026000000000000002,0.025500000000000005,0.025500000000000002,0.0005000000000000004,0.105,0.109,0.10700000000000001,0.107,0.0020000000000000018,0.016,0.017,0.016550000000000002,0.017,0.0004974937185533105,0.069,0.073,0.07105000000000002,0.07200000000000001,0.0014309088021254171,0.025,0.027,0.026050000000000007,0.026000000000000002,0.0005894913061275792,0.539,0.549,0.5443,0.5455000000000001,0.003822302970723282,0.08600000000000001,0.08700000000000001,0.08610000000000002,0.08600000000000001,0.00030000000000000024,0.261,0.275,0.26875,0.273,0.005847007781763255,0.017,0.018000000000000002,0.017100000000000004,0.017,0.00030000000000000024,32,8,2048,8192,128256,True,952,1
0.023,0.026000000000000002,0.025190476190476197,0.025,0.0007315376902732014,0.024,0.025,0.024650000000000005,0.025,0.0004769696007084733,0.10400000000000001,0.109,0.1068,0.1065,0.002039607805437114,0.016,0.017,0.016400000000000005,0.016,0.000489897948556636,0.069,0.07200000000000001,0.07070000000000001,0.07100000000000001,0.001345362404707372,0.025,0.026000000000000002,0.025650000000000006,0.026000000000000002,0.0004769696007084733,0.538,0.546,0.5423,0.543,0.0029171904291629674,0.085,0.08600000000000001,0.08540000000000002,0.085,0.000489897948556636,0.26,0.274,0.26725,0.272,0.0058896094946948785,0.016,0.017,0.016650000000000005,0.017,0.0004769696007084733,32,8,2048,8192,128256,True,944,1
0.024,0.027,0.02557142857142858,0.026000000000000002,0.000728431359084684,0.024,0.025,0.024800000000000006,0.025,0.0004000000000000003,0.10400000000000001,0.112,0.10990000000000003,0.111,0.0026248809496813366,0.016,0.017,0.016700000000000003,0.017,0.0004582575694955844,0.069,0.074,0.07325000000000001,0.074,0.0016695807857063966,0.025,0.026000000000000002,0.025700000000000008,0.026000000000000002,0.0004582575694955844,0.536,0.556,0.5511500000000001,0.553,0.005729528776435288,0.084,0.085,0.08495,0.085,0.00021794494717703385,0.259,0.28200000000000003,0.27685000000000004,0.279,0.007150349641800748,0.016,0.017,0.016700000000000003,0.017,0.0004582575694955844,32,8,2048,8192,128256,True,936,1
0.023,0.026000000000000002,0.02557142857142858,0.026000000000000002,0.000791107034563627,0.024,0.025,0.024900000000000005,0.025,0.0003000000000000003,0.10400000000000001,0.11,0.10855000000000001,0.109,0.0015321553446044534,0.016,0.017,0.016100000000000003,0.016,0.00030000000000000024,0.069,0.073,0.07235,0.073,0.0010618380290797608,0.024,0.025,0.024900000000000005,0.025,0.0003000000000000003,0.541,0.549,0.54705,0.548,0.002108909670896316,0.084,0.085,0.08415000000000002,0.084,0.0003570714214271428,0.26,0.28,0.27365000000000006,0.274,0.0034967842369811753,0.016,0.017,0.016150000000000005,0.016,0.00035707142142714284,32,8,2048,8192,128256,True,928,1
0.023,0.026000000000000002,0.0250952380952381,0.025,0.0008109231602822102,0.023,0.025,0.023950000000000006,0.024,0.0004974937185533105,0.10300000000000001,0.11,0.10815000000000001,0.1095,0.0026697378148424957,0.016,0.016,0.016000000000000004,0.016,3.469446951953614e-18,0.068,0.073,0.07195,0.073,0.0018296174463531942,0.023,0.024,0.023800000000000005,0.024,0.0004000000000000003,0.535,0.55,0.54665,0.549,0.004530728418256829,0.082,0.084,0.0829,0.083,0.0004358898943540678,0.257,0.278,0.27240000000000003,0.2755,0.007151223671512457,0.016,0.017,0.016100000000000003,0.016,0.00030000000000000024,32,8,2048,8192,128256,True,920,1
0.022,0.025,0.024428571428571435,0.025,0.0007911070345636269,0.023,0.024,0.023600000000000003,0.024,0.0004898979485566361,0.10300000000000001,0.108,0.10615000000000004,0.107,0.002006863224038943,0.016,0.016,0.016000000000000004,0.016,3.469446951953614e-18,0.068,0.07200000000000001,0.07065000000000002,0.07150000000000001,0.0015256146302392369,0.023,0.024,0.023700000000000006,0.024,0.00045825756949558437,0.536,0.545,0.5415000000000001,0.542,0.0029068883707497294,0.082,0.083,0.08210000000000002,0.082,0.00030000000000000024,0.257,0.27,0.26535,0.269,0.005246665607793207,0.016,0.016,0.016000000000000004,0.016,3.469446951953614e-18,32,8,2048,8192,128256,True,912,1
0.022,0.025,0.024000000000000004,0.024,0.0006900655593423549,0.023,0.024,0.023250000000000003,0.023,0.00043301270189221973,0.10300000000000001,0.109,0.1048,0.10400000000000001,0.0024617067250182305,0.015,0.016,0.015700000000000002,0.016,0.0004582575694955845,0.068,0.073,0.0698,0.069,0.0018867962264113166,0.023,0.024,0.023300000000000005,0.023,0.0004582575694955844,0.534,0.552,0.53995,0.537,0.006492110596716608,0.081,0.082,0.08145000000000002,0.081,0.0004974937185533104,0.256,0.275,0.2616,0.257,0.007664202502543896,0.015,0.016,0.015950000000000002,0.016,0.00021794494717703385,32,8,2048,8192,128256,True,904,1
0.022,0.025,0.023952380952380958,0.024,0.0006529194857524811,0.023,0.024,0.023300000000000005,0.023,0.0004582575694955844,0.10300000000000001,0.108,0.10530000000000002,0.10500000000000001,0.002325940669922597,0.015,0.016,0.015700000000000002,0.016,0.0004582575694955845,0.068,0.07200000000000001,0.07030000000000002,0.07,0.001646207763315434,0.023,0.024,0.023450000000000006,0.023,0.0004974937185533104,0.532,0.543,0.53705,0.538,0.0033237779709240534,0.081,0.081,0.08099999999999999,0.081,1.3877787807814457e-17,0.256,0.271,0.2642,0.269,0.0063686733312362685,0.015,0.016,0.015950000000000002,0.016,0.00021794494717703385,32,8,2048,8192,128256,True,896,1
0.022,0.025,0.024000000000000004,0.024,0.0006172133998483682,0.022,0.024,0.023050000000000005,0.023,0.0003840572873934307,0.10200000000000001,0.109,0.1056,0.1055,0.0013190905958272911,0.015,0.016,0.015400000000000002,0.015,0.000489897948556636,0.07,0.07200000000000001,0.07050000000000002,0.07,0.0007416198487095669,0.023,0.024,0.023050000000000005,0.023,0.00021794494717703388,0.535,0.548,0.5397000000000001,0.539,0.0035227829907617104,0.08,0.081,0.08015000000000001,0.08,0.0003570714214271428,0.261,0.273,0.263,0.2615,0.0035916569992135976,0.015,0.016,0.015750000000000004,0.016,0.00043301270189221973,32,8,2048,8192,128256,True,888,1
0.022,0.025,0.024047619047619054,0.024,0.000652919485752481,0.022,0.023,0.022650000000000003,0.023,0.0004769696007084733,0.10200000000000001,0.108,0.10565000000000002,0.107,0.002080264406271467,0.015,0.016,0.015250000000000003,0.015,0.00043301270189221973,0.068,0.07200000000000001,0.07020000000000001,0.07100000000000001,0.0014696938456699082,0.022,0.023,0.022650000000000003,0.023,0.0004769696007084733,0.531,0.54,0.5370999999999999,0.538,0.00252784493195291,0.079,0.08,0.07980000000000001,0.08,0.00040000000000000034,0.254,0.27,0.26415000000000005,0.267,0.005579202451963905,0.015,0.016,0.015350000000000003,0.015,0.00047696960070847314,32,8,2048,8192,128256,True,880,1
0.021,0.024,0.02314285714285715,0.023,0.0007095078297976831,0.022,0.023,0.022250000000000002,0.022,0.00043301270189221973,0.10200000000000001,0.108,0.10375000000000001,0.10300000000000001,0.0020463381929681085,0.015,0.016,0.015050000000000003,0.015,0.00021794494717703388,0.067,0.07100000000000001,0.0687,0.068,0.0013453624047073721,0.021,0.023,0.022000000000000002,0.022,0.0003162277660168377,0.531,0.543,0.5352499999999999,0.533,0.004264680527307999,0.079,0.08,0.0791,0.079,0.00030000000000000024,0.252,0.267,0.25685,0.253,0.006239190652640779,0.015,0.016,0.015150000000000002,0.015,0.0003570714214271428,32,8,2048,8192,128256,True,872,1
0.021,0.024,0.023666666666666673,0.024,0.0007766431633476234,0.021,0.022,0.021550000000000003,0.022,0.0004974937185533088,0.10400000000000001,0.11,0.1078,0.108,0.001363818169698583,0.015,0.016,0.015250000000000003,0.015,0.00043301270189221973,0.068,0.07200000000000001,0.0708,0.07100000000000001,0.0008124038404635969,0.022,0.023,0.022900000000000004,0.023,0.0003000000000000003,0.536,0.549,0.54125,0.541,0.0022555487137279943,0.078,0.079,0.0789,0.079,0.00030000000000000024,0.253,0.27,0.26389999999999997,0.264,0.0029816103031751174,0.015,0.015,0.015000000000000003,0.015,3.469446951953614e-18,32,8,2048,8192,128256,True,864,1
0.021,0.024,0.023047619047619053,0.023,0.0006529194857524804,0.02,0.021,0.020400000000000005,0.02,0.000489897948556636,0.10300000000000001,0.109,0.10529999999999999,0.105,0.001307669683062202,0.015,0.016,0.015100000000000002,0.015,0.00030000000000000024,0.068,0.07100000000000001,0.06860000000000001,0.068,0.0009165151389911689,0.021,0.022,0.02125,0.021,0.0004330127018922182,0.531,0.542,0.5344500000000001,0.534,0.0027834331319433582,0.078,0.079,0.07805000000000002,0.078,0.00021794494717703385,0.255,0.265,0.2567499999999999,0.255,0.0034910600109422383,0.015,0.015,0.015000000000000003,0.015,3.469446951953614e-18,32,8,2048,8192,128256,True,856,1
0.021,0.024,0.02314285714285715,0.023,0.0007095078297976831,0.02,0.021,0.020700000000000003,0.021,0.0004582575694955845,0.10300000000000001,0.108,0.10670000000000002,0.108,0.002002498439450074,0.015,0.016,0.015050000000000003,0.015,0.00021794494717703385,0.067,0.07100000000000001,0.06950000000000002,0.07,0.0011618950038622259,0.021,0.022,0.021500000000000002,0.0215,0.0004999999999999987,0.529,0.538,0.5355000000000001,0.537,0.003122498999199202,0.077,0.078,0.07714999999999998,0.077,0.00035707142142714284,0.256,0.267,0.2642000000000001,0.267,0.00452327315115946,0.014,0.015,0.014950000000000001,0.015,0.00021794494717703347,32,8,2048,8192,128256,True,848,1
0.02,0.023,0.022666666666666672,0.023,0.0007126966450997983,0.02,0.02,0.020000000000000004,0.02,3.469446951953614e-18,0.10300000000000001,0.107,0.10490000000000002,0.10400000000000001,0.0018411952639521916,0.015,0.015,0.015000000000000003,0.015,3.469446951953614e-18,0.067,0.07,0.06820000000000001,0.068,0.0009273618495495713,0.02,0.021,0.020500000000000004,0.0205,0.0005000000000000004,0.528,0.538,0.5334500000000001,0.534,0.003323777970924054,0.076,0.077,0.0763,0.076,0.0004582575694955844,0.255,0.264,0.25915,0.259,0.004162631379308049,0.014,0.015,0.014400000000000001,0.014,0.0004898979485566352,32,8,2048,8192,128256,True,840,1
0.02,0.024,0.022809523809523814,0.023,0.0007315376902732007,0.02,0.021,0.020600000000000004,0.021,0.0004898979485566361,0.10200000000000001,0.106,0.10490000000000002,0.106,0.0015132745950421505,0.014,0.015,0.014900000000000002,0.015,0.00029999999999999976,0.067,0.069,0.06835,0.069,0.0009096702699330135,0.02,0.021,0.020650000000000005,0.021,0.0004769696007084733,0.527,0.538,0.5335000000000002,0.5345,0.003293933818400124,0.075,0.076,0.07519999999999999,0.075,0.00040000000000000034,0.254,0.264,0.26095,0.263,0.004140953996363644,0.014,0.014,0.014000000000000002,0.014,1.734723475976807e-18,32,8,2048,8192,128256,True,832,1
0.02,0.023,0.022571428571428576,0.023,0.0007284313590846837,0.019,0.02,0.019750000000000004,0.02,0.0004330127018922198,0.10200000000000001,0.107,0.10560000000000003,0.107,0.002059126028197396,0.014,0.015,0.014950000000000001,0.015,0.00021794494717703347,0.067,0.07,0.06925,0.07,0.0011779218989389755,0.02,0.021,0.020300000000000006,0.02,0.0004582575694955844,0.528,0.54,0.53635,0.539,0.004304358256465188,0.074,0.075,0.07479999999999999,0.075,0.0004000000000000003,0.255,0.267,0.26339999999999997,0.266,0.004619523784980443,0.014,0.014,0.014000000000000002,0.014,1.734723475976807e-18,32,8,2048,8192,128256,True,824,1
0.02,0.023,0.022047619047619052,0.022,0.0006529194857524802,0.019,0.02,0.019300000000000005,0.019,0.0004582575694955844,0.10200000000000001,0.107,0.10335000000000001,0.10250000000000001,0.0018241436346954657,0.014,0.015,0.014450000000000001,0.014,0.0004974937185533096,0.067,0.07,0.06780000000000001,0.067,0.0012884098726725138,0.019,0.02,0.019250000000000003,0.019,0.00043301270189221973,0.527,0.537,0.53075,0.529,0.0036452023263462375,0.073,0.074,0.07395,0.074,0.00021794494717703385,0.253,0.265,0.25685,0.254,0.004809105946015334,0.014,0.014,0.014000000000000002,0.014,1.734723475976807e-18,32,8,2048,8192,128256,True,816,1
0.02,0.023,0.022142857142857148,0.022,0.0007095078297976828,0.019,0.02,0.019900000000000004,0.02,0.0003000000000000003,0.10200000000000001,0.107,0.10395000000000003,0.10400000000000001,0.0009205976319760969,0.014,0.015,0.014300000000000002,0.014,0.00045825756949558356,0.067,0.07,0.06810000000000002,0.068,0.0005385164807134509,0.019,0.02,0.019900000000000004,0.02,0.0003000000000000003,0.527,0.54,0.53325,0.533,0.0025860201081971523,0.073,0.074,0.07325,0.073,0.00043301270189221973,0.253,0.266,0.25969999999999993,0.259,0.002551470164434617,0.013000000000000001,0.014,0.013900000000000004,0.014,0.00029999999999999976,32,8,2048,8192,128256,True,808,1
0.02,0.023,0.02228571428571429,0.022,0.0006998542122237653,0.018000000000000002,0.02,0.018850000000000006,0.019,0.000476969600708472,0.101,0.106,0.10124999999999999,0.101,0.0010897247358851662,0.014,0.015,0.014050000000000002,0.014,0.0002179449471770335,0.067,0.07,0.0672,0.067,0.0006782329983125273,0.019,0.02,0.019050000000000004,0.019,0.00021794494717703388,0.435,0.446,0.43784999999999996,0.438,0.002197157254271985,0.073,0.073,0.07299999999999998,0.073,1.3877787807814457e-17,0.25,0.267,0.2536000000000001,0.254,0.0038000000000000035,0.013000000000000001,0.014,0.013700000000000004,0.014,0.0004582575694955836,32,8,2048,8192,128256,True,800,1
0.019,0.022,0.021714285714285717,0.022,0.0007648751621051905,0.018000000000000002,0.019,0.018600000000000005,0.019,0.0004898979485566344,0.101,0.10200000000000001,0.10175000000000003,0.10200000000000001,0.0004330127018922198,0.014,0.014,0.014000000000000002,0.014,1.734723475976807e-18,0.066,0.068,0.06735,0.067,0.0005722761571129803,0.019,0.02,0.019050000000000004,0.019,0.00021794494717703388,0.433,0.44,0.43745,0.439,0.002108909670896316,0.07200000000000001,0.073,0.07235000000000001,0.07200000000000001,0.0004769696007084666,0.249,0.257,0.25385,0.253,0.0022197972880423134,0.013000000000000001,0.014,0.013350000000000004,0.013000000000000001,0.0004769696007084724,32,8,2048,8192,128256,True,792,1
0.019,0.022,0.021,0.021,0.0006172133998483674,0.018000000000000002,0.019,0.018050000000000004,0.018000000000000002,0.00021794494717703312,0.1,0.105,0.10070000000000001,0.1005,0.0010999999999999983,0.014,0.014,0.014000000000000002,0.014,1.734723475976807e-18,0.066,0.069,0.0667,0.067,0.0007141428428542856,0.018000000000000002,0.019,0.018600000000000005,0.019,0.0004898979485566344,0.433,0.444,0.43535,0.435,0.0027977669667075588,0.07100000000000001,0.07200000000000001,0.0718,0.07200000000000001,0.0004000000000000003,0.248,0.264,0.25145000000000006,0.251,0.004067861846228315,0.013000000000000001,0.013000000000000001,0.013000000000000003,0.013000000000000001,1.734723475976807e-18,32,8,2048,8192,128256,True,784,1
0.019,0.022,0.021333333333333336,0.021,0.0007766431633476227,0.018000000000000002,0.019,0.018700000000000005,0.019,0.00045825756949558275,0.1,0.10400000000000001,0.10185000000000002,0.1005,0.001956399754651387,0.014,0.014,0.014000000000000002,0.014,1.734723475976807e-18,0.066,0.069,0.06764999999999999,0.0675,0.0013143439428094925,0.018000000000000002,0.019,0.018700000000000005,0.019,0.00045825756949558275,0.432,0.439,0.43565000000000004,0.436,0.0025352514668174463,0.07100000000000001,0.07100000000000001,0.071,0.07100000000000001,1.3877787807814457e-17,0.248,0.261,0.25475000000000003,0.254,0.005204565303654095,0.013000000000000001,0.013000000000000001,0.013000000000000003,0.013000000000000001,1.734723475976807e-18,32,8,2048,8192,128256,True,776,1
0.019,0.021,0.020380952380952385,0.02,0.000575383141599742,0.017,0.018000000000000002,0.017950000000000004,0.018000000000000002,0.00021794494717703385,0.091,0.092,0.09125,0.091,0.0004330127018922198,0.012,0.013000000000000001,0.012250000000000002,0.012,0.0004330127018922198,0.062,0.064,0.06259999999999999,0.063,0.0005830951894845307,0.017,0.018000000000000002,0.017500000000000005,0.0175,0.0005000000000000004,0.43,0.433,0.43170000000000003,0.432,0.0009000000000000007,0.07,0.07100000000000001,0.07010000000000002,0.07,0.00030000000000000024,0.234,0.23600000000000002,0.23500000000000004,0.23500000000000001,0.0007071067811865482,0.012,0.013000000000000001,0.012600000000000004,0.013000000000000001,0.0004898979485566361,32,8,2048,8192,128256,True,768,1
0.019,0.021,0.020571428571428577,0.021,0.0005832118435198048,0.017,0.018000000000000002,0.017500000000000005,0.0175,0.0005000000000000004,0.091,0.093,0.09165,0.0915,0.0007262919523166982,0.012,0.013000000000000001,0.012050000000000002,0.012,0.00021794494717703388,0.062,0.064,0.063,0.063,0.0005477225575051667,0.016,0.017,0.016950000000000003,0.017,0.00021794494717703385,0.429,0.437,0.43274999999999997,0.432,0.0016393596310755017,0.069,0.07,0.0698,0.07,0.0004000000000000003,0.23500000000000001,0.24,0.23635000000000006,0.23600000000000002,0.0018781639970992857,0.012,0.013000000000000001,0.012350000000000003,0.012,0.00047696960070847314,32,8,2048,8192,128256,True,760,1
0.019,0.021,0.020238095238095243,0.02,0.000525969572247013,0.016,0.017,0.016650000000000005,0.017,0.0004769696007084733,0.091,0.092,0.09195000000000002,0.092,0.00021794494717703388,0.012,0.012,0.012000000000000002,0.012,1.734723475976807e-18,0.063,0.064,0.06304999999999998,0.063,0.00021794494717703388,0.016,0.017,0.016350000000000003,0.016,0.0004769696007084732,0.43,0.434,0.43205,0.432,0.0010712142642814286,0.068,0.069,0.06810000000000002,0.068,0.00030000000000000024,0.23600000000000002,0.23800000000000002,0.23680000000000004,0.23700000000000002,0.0006000000000000005,0.012,0.013000000000000001,0.012150000000000003,0.012,0.0003570714214271428,32,8,2048,8192,128256,True,752,1
0.018000000000000002,0.02,0.019857142857142865,0.02,0.00046656947481584323,0.016,0.017,0.016800000000000002,0.017,0.0004000000000000004,0.092,0.094,0.09244999999999999,0.092,0.0005894913061275802,0.012,0.012,0.012000000000000002,0.012,1.734723475976807e-18,0.063,0.065,0.06365000000000001,0.064,0.0005722761571129803,0.016,0.017,0.016200000000000003,0.016,0.00040000000000000034,0.431,0.437,0.4338,0.4335,0.0019646882704388515,0.067,0.068,0.06735,0.067,0.0004769696007084732,0.23700000000000002,0.242,0.2391,0.23800000000000002,0.0017860571099491645,0.011,0.013000000000000001,0.011600000000000003,0.012,0.0005830951894845307,32,8,2048,8192,128256,True,744,1
0.018000000000000002,0.021,0.019857142857142865,0.02,0.0005593971487843205,0.016,0.017,0.016850000000000004,0.017,0.00035707142142714284,0.091,0.093,0.0924,0.0925,0.0006633249580710804,0.012,0.012,0.012000000000000002,0.012,1.734723475976807e-18,0.063,0.064,0.06355000000000002,0.064,0.0004974937185533105,0.016,0.017,0.016100000000000003,0.016,0.00030000000000000024,0.429,0.435,0.4325499999999999,0.4335,0.001961504524593305,0.066,0.067,0.06684999999999999,0.067,0.00035707142142714273,0.23600000000000002,0.241,0.23889999999999995,0.241,0.002343074902771985,0.011,0.012,0.011200000000000002,0.011,0.00040000000000000034,32,8,2048,8192,128256,True,736,1
0.018000000000000002,0.02,0.019714285714285722,0.02,0.0005471012044321932,0.016,0.017,0.016800000000000002,0.017,0.0004000000000000004,0.091,0.094,0.09285000000000002,0.093,0.0008529361054615998,0.011,0.012,0.011800000000000001,0.012,0.0004000000000000004,0.063,0.065,0.06455,0.065,0.0008046738469715548,0.016,0.017,0.016100000000000003,0.016,0.00030000000000000024,0.428,0.436,0.43324999999999986,0.434,0.0026622359023948296,0.066,0.067,0.06605000000000001,0.066,0.00021794494717703385,0.23700000000000002,0.244,0.24205000000000002,0.243,0.0024387496796514307,0.011,0.012,0.011150000000000002,0.011,0.0003570714214271428,32,8,2048,8192,128256,True,728,1
0.018000000000000002,0.02,0.019238095238095245,0.019,0.0005259695722470125,0.016,0.016,0.016000000000000004,0.016,3.469446951953614e-18,0.091,0.093,0.092,0.092,0.00044721359549995833,0.011,0.012,0.011400000000000002,0.011,0.000489897948556636,0.063,0.064,0.06380000000000001,0.064,0.00040000000000000034,0.016,0.016,0.016000000000000004,0.016,3.469446951953614e-18,0.427,0.434,0.4309999999999999,0.4315,0.0019235384061671362,0.065,0.066,0.06545000000000001,0.065,0.0004974937185533104,0.23700000000000002,0.242,0.23850000000000007,0.23800000000000002,0.001322875655532285,0.01,0.012,0.011000000000000001,0.011,0.000316227766016838,32,8,2048,8192,128256,True,720,1
0.017,0.02,0.01928571428571429,0.019,0.0006998542122237654,0.016,0.016,0.016000000000000004,0.016,3.469446951953614e-18,0.084,0.085,0.08425000000000002,0.084,0.0004330127018922197,0.009000000000000001,0.01,0.009950000000000004,0.01,0.00021794494717703353,0.088,0.089,0.08845,0.088,0.0004974937185533104,0.016,0.016,0.016000000000000004,0.016,3.469446951953614e-18,0.428,0.431,0.4298,0.43,0.0009273618495495713,0.065,0.065,0.06499999999999999,0.065,1.3877787807814457e-17,0.23700000000000002,0.242,0.23800000000000004,0.23800000000000002,0.0011832159566199196,0.01,0.011,0.0105,0.010499999999999999,0.0004999999999999996,32,8,2048,8192,128256,True,712,1
0.017,0.019,0.018857142857142864,0.019,0.00046656947481584296,0.015,0.016,0.015050000000000003,0.015,0.00021794494717703385,0.083,0.084,0.08365000000000002,0.084,0.0004769696007084732,0.009000000000000001,0.01,0.009950000000000004,0.01,0.00021794494717703353,0.08700000000000001,0.089,0.08795000000000001,0.088,0.00038405728739342724,0.016,0.016,0.016000000000000004,0.016,3.469446951953614e-18,0.425,0.429,0.4269,0.427,0.0011357816691600557,0.064,0.065,0.06410000000000002,0.064,0.00030000000000000024,0.234,0.23800000000000002,0.23525000000000004,0.23500000000000001,0.0008291561975888507,0.01,0.011,0.010650000000000001,0.011,0.0004769696007084724,32,8,2048,8192,128256,True,704,1
0.017,0.019,0.01866666666666667,0.019,0.0005634361698190101,0.015,0.016,0.015700000000000002,0.016,0.0004582575694955845,0.084,0.085,0.08425,0.084,0.0004330127018922197,0.009000000000000001,0.01,0.009700000000000004,0.01,0.00045825756949558356,0.088,0.089,0.08829999999999999,0.088,0.0004582575694955844,0.015,0.016,0.015700000000000002,0.016,0.0004582575694955845,0.426,0.431,0.42824999999999996,0.428,0.001299038105676659,0.063,0.064,0.06395,0.064,0.00021794494717703385,0.23600000000000002,0.24,0.23755000000000007,0.23700000000000002,0.0015960889699512275,0.01,0.011,0.0102,0.01,0.0003999999999999996,32,8,2048,8192,128256,True,696,1
0.016,0.019,0.018761904761904768,0.019,0.0006834619092574911,0.015,0.016,0.0158,0.016,0.0004000000000000004,0.084,0.085,0.0847,0.085,0.0004582575694955844,0.009000000000000001,0.01,0.009500000000000003,0.009500000000000001,0.0004999999999999995,0.088,0.089,0.08875,0.089,0.0004330127018922198,0.015,0.016,0.015700000000000002,0.016,0.0004582575694955845,0.426,0.431,0.42879999999999996,0.4295,0.001777638883463119,0.063,0.064,0.06324999999999999,0.063,0.0004330127018922197,0.23800000000000002,0.23900000000000002,0.23850000000000002,0.23850000000000002,0.0005000000000000004,0.009000000000000001,0.011,0.009850000000000003,0.01,0.00047696960070847243,32,8,2048,8192,128256,True,688,1
0.017,0.019,0.018809523809523814,0.019,0.0004994327848429286,0.015,0.015,0.015000000000000003,0.015,3.469446951953614e-18,0.085,0.08600000000000001,0.08530000000000001,0.085,0.0004582575694955844,0.008,0.009000000000000001,0.008150000000000001,0.008,0.0003570714214271428,0.088,0.089,0.08835,0.088,0.00047696960070847325,0.015,0.016,0.015050000000000003,0.015,0.00021794494717703385,0.425,0.43,0.42725,0.427,0.0016695807857064014,0.062,0.063,0.0627,0.063,0.0004582575694955844,0.23600000000000002,0.241,0.23809999999999998,0.23700000000000002,0.0016703293088489953,0.009000000000000001,0.01,0.009800000000000003,0.01,0.0003999999999999997,32,8,2048,8192,128256,True,680,1
0.016,0.019,0.018190476190476194,0.018000000000000002,0.0006632565846278147,0.015,0.015,0.015000000000000003,0.015,3.469446951953614e-18,0.085,0.085,0.08499999999999999,0.085,1.3877787807814457e-17,0.008,0.009000000000000001,0.008100000000000001,0.008,0.0003000000000000003,0.088,0.089,0.08805,0.088,0.00021794494717703385,0.015,0.015,0.015000000000000003,0.015,3.469446951953614e-18,0.425,0.427,0.42595,0.426,0.000668954408012983,0.06,0.061,0.06094999999999999,0.061,0.00021794494717703385,0.23600000000000002,0.23800000000000002,0.23679999999999998,0.23700000000000002,0.0006782329983125274,0.009000000000000001,0.01,0.009500000000000003,0.009500000000000001,0.0004999999999999995,32,8,2048,8192,128256,True,672,1
0.016,0.019,0.018000000000000006,0.018000000000000002,0.0005345224838248486,0.014,0.015,0.014400000000000001,0.014,0.0004898979485566351,0.085,0.08600000000000001,0.08540000000000002,0.085,0.000489897948556636,0.008,0.008,0.008000000000000002,0.008,1.734723475976807e-18,0.088,0.089,0.08839999999999999,0.088,0.0004898979485566361,0.014,0.015,0.014750000000000003,0.015,0.000433012701892219,0.424,0.43,0.42634999999999995,0.426,0.001739971264130533,0.06,0.06,0.06000000000000001,0.06,1.3877787807814457e-17,0.23800000000000002,0.242,0.23850000000000002,0.23800000000000002,0.0011180339887498865,0.009000000000000001,0.01,0.009150000000000002,0.009000000000000001,0.00035707142142714214,32,8,2048,8192,128256,True,664,1
0.016,0.019,0.017809523809523813,0.018000000000000002,0.0005870870479018075,0.014,0.015,0.014350000000000002,0.014,0.0004769696007084724,0.085,0.08600000000000001,0.08545000000000003,0.085,0.0004974937185533104,0.008,0.008,0.008000000000000002,0.008,1.734723475976807e-18,0.088,0.089,0.0885,0.0885,0.0005000000000000004,0.014,0.015,0.014450000000000001,0.014,0.0004974937185533096,0.423,0.428,0.4257999999999999,0.426,0.0018867962264113222,0.059000000000000004,0.06,0.059099999999999986,0.059000000000000004,0.0002999999999999982,0.23700000000000002,0.24,0.2386,0.239,0.0014282856857085575,0.008,0.01,0.008800000000000002,0.009000000000000001,0.0006000000000000002,32,8,2048,8192,128256,True,656,1
0.016,0.018000000000000002,0.017571428571428578,0.018000000000000002,0.0005832118435198048,0.014,0.014,0.014000000000000002,0.014,1.734723475976807e-18,0.085,0.085,0.08499999999999999,0.085,1.3877787807814457e-17,0.008,0.008,0.008000000000000002,0.008,1.734723475976807e-18,0.088,0.089,0.08805,0.088,0.00021794494717703385,0.014,0.015,0.014100000000000001,0.014,0.00029999999999999976,0.424,0.426,0.4247000000000001,0.425,0.0007141428428542856,0.058,0.059000000000000004,0.05865,0.059000000000000004,0.0004769696007084732,0.23600000000000002,0.23700000000000002,0.23625,0.23600000000000002,0.0004330127018922198,0.008,0.01,0.009050000000000002,0.009000000000000001,0.0003840572873934303,32,8,2048,8192,128256,True,648,1
0.015,0.018000000000000002,0.017238095238095243,0.017,0.0006834619092574923,0.014,0.014,0.014000000000000002,0.014,1.734723475976807e-18,0.083,0.084,0.08395000000000001,0.084,0.00021794494717703385,0.008,0.008,0.008000000000000002,0.008,1.734723475976807e-18,0.045,0.046,0.045500000000000006,0.0455,0.0005000000000000004,0.014,0.014,0.014000000000000002,0.014,1.734723475976807e-18,0.373,0.377,0.37545000000000006,0.376,0.0009733961166965902,0.059000000000000004,0.06,0.059149999999999994,0.059000000000000004,0.00035707142142714035,0.234,0.23600000000000002,0.23520000000000002,0.23500000000000001,0.000748331477354789,0.008,0.009000000000000001,0.008600000000000002,0.009000000000000001,0.000489897948556636,32,8,2048,8192,128256,True,640,1
0.016,0.018000000000000002,0.01752380952380953,0.018000000000000002,0.0005870870479018079,0.014,0.014,0.014000000000000002,0.014,1.734723475976807e-18,0.083,0.084,0.0834,0.083,0.0004898979485566361,0.008,0.009000000000000001,0.008850000000000002,0.009000000000000001,0.0003570714214271428,0.046,0.047,0.04605000000000001,0.046,0.00021794494717703385,0.014,0.014,0.014000000000000002,0.014,1.734723475976807e-18,0.374,0.378,0.37555000000000005,0.3755,0.001023474474522937,0.059000000000000004,0.059000000000000004,0.059,0.059000000000000004,6.938893903907228e-18,0.20400000000000001,0.20600000000000002,0.20475000000000004,0.20500000000000002,0.0006224949798994372,0.009000000000000001,0.009000000000000001,0.009000000000000003,0.009000000000000001,1.734723475976807e-18,32,8,2048,8192,128256,True,632,1
0.015,0.018000000000000002,0.017476190476190482,0.018000000000000002,0.0007315376902732014,0.014,0.014,0.014000000000000002,0.014,1.734723475976807e-18,0.083,0.084,0.08335,0.083,0.00047696960070847325,0.008,0.009000000000000001,0.008500000000000002,0.0085,0.0005000000000000004,0.046,0.047,0.04605000000000001,0.046,0.00021794494717703385,0.014,0.014,0.014000000000000002,0.014,1.734723475976807e-18,0.374,0.376,0.3747,0.375,0.0006403124237432853,0.058,0.059000000000000004,0.05820000000000001,0.058,0.0004000000000000003,0.203,0.20600000000000002,0.20460000000000003,0.20500000000000002,0.0008000000000000007,0.009000000000000001,0.009000000000000001,0.009000000000000003,0.009000000000000001,1.734723475976807e-18,32,8,2048,8192,128256,True,624,1
0.015,0.018000000000000002,0.017380952380952386,0.017,0.000722178613719196,0.014,0.014,0.014000000000000002,0.014,1.734723475976807e-18,0.083,0.084,0.08360000000000001,0.084,0.0004898979485566361,0.008,0.009000000000000001,0.008150000000000001,0.008,0.0003570714214271428,0.046,0.047,0.04605000000000001,0.046,0.00021794494717703385,0.014,0.014,0.014000000000000002,0.014,1.734723475976807e-18,0.373,0.375,0.37415000000000004,0.374,0.0006538348415311017,0.057,0.058,0.057950000000000015,0.058,0.00021794494717703385,0.202,0.20500000000000002,0.2043,0.20450000000000002,0.0008426149773176366,0.009000000000000001,0.009000000000000001,0.009000000000000003,0.009000000000000001,1.734723475976807e-18,32,8,2048,8192,128256,True,616,1
0.015,0.017,0.016809523809523812,0.017,0.0004994327848429298,0.014,0.014,0.014000000000000002,0.014,1.734723475976807e-18,0.083,0.085,0.08370000000000001,0.084,0.0005567764362830027,0.008,0.009000000000000001,0.008250000000000002,0.008,0.0004330127018922198,0.046,0.047,0.04605000000000001,0.046,0.00021794494717703385,0.014,0.014,0.014000000000000002,0.014,1.734723475976807e-18,0.373,0.377,0.37405,0.374,0.0012031209415515976,0.057,0.058,0.057050000000000003,0.057,0.00021794494717703388,0.203,0.20700000000000002,0.2044,0.20400000000000001,0.0009695359714832667,0.009000000000000001,0.009000000000000001,0.009000000000000003,0.009000000000000001,1.734723475976807e-18,32,8,2048,8192,128256,True,608,1
0.014,0.017,0.01666666666666667,0.017,0.0007126966450997987,0.014,0.014,0.014000000000000002,0.014,1.734723475976807e-18,0.083,0.085,0.08385000000000001,0.083,0.0009630680142129121,0.008,0.009000000000000001,0.008150000000000001,0.008,0.0003570714214271428,0.045,0.046,0.04590000000000001,0.046,0.00030000000000000024,0.014,0.015,0.014050000000000002,0.014,0.0002179449471770335,0.373,0.378,0.3751,0.375,0.0017291616465790597,0.057,0.057,0.056999999999999995,0.057,6.938893903907228e-18,0.203,0.20800000000000002,0.20515000000000003,0.20400000000000001,0.002151162476429897,0.008,0.009000000000000001,0.008550000000000002,0.009000000000000001,0.0004974937185533105,32,8,2048,8192,128256,True,600,1
0.015,0.017,0.016857142857142862,0.017,0.0004665694748158439,0.013000000000000001,0.014,0.013100000000000004,0.013000000000000001,0.00029999999999999976,0.084,0.084,0.08400000000000002,0.084,1.3877787807814457e-17,0.008,0.008,0.008000000000000002,0.008,1.734723475976807e-18,0.045,0.047,0.04590000000000001,0.046,0.00043588989435406776,0.014,0.014,0.014000000000000002,0.014,1.734723475976807e-18,0.372,0.375,0.37315,0.373,0.0007921489758877437,0.056,0.057,0.05615000000000001,0.056,0.0003570714214271428,0.203,0.20500000000000002,0.20390000000000005,0.20400000000000001,0.0006244997998398403,0.008,0.009000000000000001,0.008300000000000002,0.008,0.0004582575694955844,32,8,2048,8192,128256,True,592,1
0.014,0.017,0.016238095238095242,0.016,0.000683461909257492,0.013000000000000001,0.013000000000000001,0.013000000000000003,0.013000000000000001,1.734723475976807e-18,0.084,0.084,0.08400000000000002,0.084,1.3877787807814457e-17,0.008,0.008,0.008000000000000002,0.008,1.734723475976807e-18,0.046,0.047,0.04605000000000001,0.046,0.00021794494717703385,0.013000000000000001,0.013000000000000001,0.013000000000000003,0.013000000000000001,1.734723475976807e-18,0.372,0.375,0.37285,0.373,0.0007262919523166982,0.054,0.055,0.0541,0.054,0.00030000000000000024,0.202,0.20500000000000002,0.20385000000000003,0.20400000000000001,0.0007262919523166982,0.008,0.008,0.008000000000000002,0.008,1.734723475976807e-18,32,8,2048,8192,128256,True,584,1
0.014,0.017,0.015952380952380957,0.016,0.0004856209060564559,0.013000000000000001,0.013000000000000001,0.013000000000000003,0.013000000000000001,1.734723475976807e-18,0.083,0.08600000000000001,0.08325,0.083,0.0007664854858377953,0.008,0.008,0.008000000000000002,0.008,1.734723475976807e-18,0.045,0.046,0.04515000000000001,0.045,0.00035707142142714284,0.013000000000000001,0.013000000000000001,0.013000000000000003,0.013000000000000001,1.734723475976807e-18,0.37,0.376,0.3713000000000001,0.371,0.0016763054614240224,0.053,0.054,0.05385000000000001,0.054,0.00035707142142714284,0.162,0.168,0.1631,0.162,0.0018411952639521988,0.007,0.008,0.007700000000000001,0.008,0.000458257569495584,32,8,2048,8192,128256,True,576,1
0.013000000000000001,0.017,0.01642857142857143,0.017,0.0009035079029052515,0.013000000000000001,0.013000000000000001,0.013000000000000003,0.013000000000000001,1.734723475976807e-18,0.083,0.084,0.08325000000000002,0.083,0.0004330127018922197,0.008,0.008,0.008000000000000002,0.008,1.734723475976807e-18,0.045,0.046,0.04505000000000001,0.045,0.00021794494717703385,0.013000000000000001,0.013000000000000001,0.013000000000000003,0.013000000000000001,1.734723475976807e-18,0.37,0.372,0.37070000000000003,0.371,0.0005567764362830027,0.053,0.053,0.053000000000000005,0.053,6.938893903907228e-18,0.167,0.169,0.16795000000000002,0.168,0.0005894913061275802,0.007,0.008,0.007650000000000001,0.008,0.0004769696007084728,32,8,2048,8192,128256,True,568,1
0.014,0.016,0.01585714285714286,0.016,0.0004665694748158435,0.012,0.013000000000000001,0.012050000000000002,0.012,0.0002179449471770339,0.083,0.084,0.08305,0.083,0.00021794494717703385,0.007,0.008,0.007250000000000001,0.007,0.00043301270189221935,0.045,0.046,0.04505000000000001,0.045,0.00021794494717703385,0.013000000000000001,0.013000000000000001,0.013000000000000003,0.013000000000000001,1.734723475976807e-18,0.369,0.371,0.3696,0.37,0.0005830951894845307,0.052000000000000005,0.053,0.05235000000000001,0.052000000000000005,0.0004769696007084699,0.166,0.168,0.16715,0.167,0.0007262919523166982,0.007,0.008,0.007150000000000001,0.007,0.0003570714214271425,32,8,2048,8192,128256,True,560,1
0.013000000000000001,0.016,0.01571428571428572,0.016,0.0006998542122237651,0.012,0.013000000000000001,0.012100000000000003,0.012,0.00030000000000000024,0.082,0.083,0.08295,0.083,0.00021794494717703385,0.007,0.008,0.007300000000000001,0.007,0.00045825756949558405,0.045,0.046,0.04505000000000001,0.045,0.00021794494717703385,0.012,0.013000000000000001,0.012850000000000004,0.013000000000000001,0.0003570714214271428,0.368,0.37,0.3684,0.368,0.0005830951894845307,0.052000000000000005,0.052000000000000005,0.05200000000000001,0.052000000000000005,6.938893903907228e-18,0.165,0.167,0.16624999999999998,0.166,0.0006982120021884477,0.007,0.008,0.0071,0.007,0.00030000000000000003,32,8,2048,8192,128256,True,552,1
0.013000000000000001,0.016,0.01585714285714286,0.016,0.0006388765649999398,0.012,0.013000000000000001,0.012050000000000002,0.012,0.0002179449471770339,0.083,0.084,0.0831,0.083,0.00030000000000000024,0.007,0.008,0.0079,0.008,0.00030000000000000003,0.045,0.046,0.04505000000000001,0.045,0.00021794494717703385,0.012,0.013000000000000001,0.012750000000000003,0.013000000000000001,0.0004330127018922198,0.368,0.37,0.36909999999999993,0.369,0.00043588989435406776,0.051000000000000004,0.051000000000000004,0.05100000000000001,0.051000000000000004,6.938893903907228e-18,0.167,0.168,0.16755000000000003,0.168,0.0004974937185533105,0.007,0.007,0.007000000000000001,0.007,8.673617379884035e-19,32,8,2048,8192,128256,True,544,1
0.013000000000000001,0.016,0.01566666666666667,0.016,0.0007126966450997985,0.012,0.012,0.012000000000000002,0.012,1.734723475976807e-18,0.082,0.083,0.08235,0.082,0.00047696960070847325,0.007,0.008,0.007300000000000001,0.007,0.00045825756949558405,0.044,0.045,0.04490000000000001,0.045,0.00030000000000000024,0.012,0.013000000000000001,0.012350000000000003,0.012,0.0004769696007084732,0.366,0.368,0.3673,0.367,0.0007141428428542856,0.05,0.051000000000000004,0.050900000000000015,0.051000000000000004,0.00030000000000000024,0.165,0.167,0.16609999999999997,0.166,0.0007681145747868615,0.007,0.007,0.007000000000000001,0.007,8.673617379884035e-19,32,8,2048,8192,128256,True,536,1
0.013000000000000001,0.016,0.015238095238095242,0.015,0.0006834619092574918,0.012,0.012,0.012000000000000002,0.012,1.734723475976807e-18,0.082,0.083,0.08275,0.083,0.0004330127018922198,0.007,0.008,0.007050000000000001,0.007,0.0002179449471770337,0.044,0.045,0.04460000000000001,0.045,0.000489897948556636,0.012,0.012,0.012000000000000002,0.012,1.734723475976807e-18,0.365,0.369,0.36675,0.367,0.0009937303457175904,0.05,0.051000000000000004,0.05010000000000001,0.05,0.0003000000000000003,0.165,0.168,0.1664,0.166,0.0006633249580710806,0.006,0.007,0.006950000000000002,0.007,0.00021794494717703366,32,8,2048,8192,128256,True,528,1
0.012,0.015,0.014761904761904764,0.015,0.0006834619092574914,0.012,0.012,0.012000000000000002,0.012,1.734723475976807e-18,0.083,0.084,0.08365,0.084,0.00047696960070847325,0.007,0.008,0.007750000000000002,0.008,0.0004330127018922194,0.045,0.046,0.04505000000000001,0.045,0.00021794494717703385,0.012,0.012,0.012000000000000002,0.012,1.734723475976807e-18,0.366,0.369,0.3674,0.367,0.0006633249580710807,0.049,0.05,0.04985000000000001,0.05,0.00035707142142714284,0.167,0.169,0.16815000000000002,0.168,0.0006538348415311017,0.007,0.007,0.007000000000000001,0.007,8.673617379884035e-19,32,8,2048,8192,128256,True,520,1
0.012,0.015,0.014619047619047622,0.015,0.000722178613719195,0.011,0.012,0.011300000000000001,0.011,0.0004582575694955844,0.064,0.064,0.06400000000000002,0.064,1.3877787807814457e-17,0.007,0.007,0.007000000000000001,0.007,8.673617379884035e-19,0.065,0.066,0.06585,0.066,0.00035707142142714284,0.012,0.012,0.012000000000000002,0.012,1.734723475976807e-18,0.325,0.329,0.32675,0.327,0.0010428326807307114,0.049,0.05,0.04920000000000001,0.049,0.0004000000000000003,0.183,0.186,0.18440000000000004,0.184,0.0006633249580710806,0.007,0.007,0.007000000000000001,0.007,8.673617379884035e-19,32,8,2048,8192,128256,True,512,1
0.012,0.015,0.01447619047619048,0.015,0.0007315376902732005,0.011,0.012,0.011550000000000001,0.012,0.0004974937185533104,0.064,0.065,0.06410000000000002,0.064,0.00030000000000000024,0.006,0.007,0.0060500000000000016,0.006,0.0002179449471770337,0.066,0.066,0.06600000000000002,0.066,1.3877787807814457e-17,0.011,0.012,0.011750000000000002,0.012,0.0004330127018922198,0.325,0.328,0.3265,0.3265,0.0008062257748298557,0.047,0.048,0.04750000000000001,0.0475,0.0005000000000000004,0.183,0.186,0.18460000000000001,0.185,0.0006633249580710806,0.007,0.007,0.007000000000000001,0.007,8.673617379884035e-19,32,8,2048,8192,128256,True,504,1
0.012,0.015,0.01404761904761905,0.014,0.0005753831415997413,0.011,0.011,0.011000000000000001,0.011,1.734723475976807e-18,0.064,0.065,0.06405000000000001,0.064,0.00021794494717703385,0.006,0.006,0.006000000000000001,0.006,8.673617379884035e-19,0.066,0.066,0.06600000000000002,0.066,1.3877787807814457e-17,0.011,0.012,0.011650000000000002,0.012,0.0004769696007084732,0.324,0.327,0.32530000000000003,0.325,0.0007141428428542856,0.046,0.047,0.04685000000000001,0.047,0.00035707142142714284,0.183,0.185,0.18430000000000002,0.184,0.0006403124237432853,0.006,0.007,0.006850000000000002,0.007,0.0003570714214271425,32,8,2048,8192,128256,True,496,1
0.012,0.015,0.013952380952380954,0.014,0.0004856209060564556,0.011,0.011,0.011000000000000001,0.011,1.734723475976807e-18,0.064,0.065,0.06464999999999999,0.065,0.0004769696007084733,0.006,0.006,0.006000000000000001,0.006,8.673617379884035e-19,0.066,0.067,0.06605000000000001,0.066,0.00021794494717703385,0.011,0.012,0.011300000000000001,0.011,0.0004582575694955844,0.325,0.327,0.3255,0.325,0.0005916079783099621,0.046,0.046,0.046000000000000006,0.046,6.938893903907228e-18,0.183,0.185,0.18385,0.184,0.0007262919523166982,0.006,0.007,0.006550000000000002,0.007,0.00049749371855331,32,8,2048,8192,128256,True,488,1
0.011,0.014,0.013857142857142861,0.014,0.0006388765649999401,0.011,0.011,0.011000000000000001,0.011,1.734723475976807e-18,0.064,0.065,0.06405000000000001,0.064,0.00021794494717703385,0.006,0.006,0.006000000000000001,0.006,8.673617379884035e-19,0.036000000000000004,0.037,0.03605000000000001,0.036000000000000004,0.00021794494717703236,0.011,0.011,0.011000000000000001,0.011,1.734723475976807e-18,0.322,0.325,0.32335,0.3235,0.0008529361054615998,0.045,0.046,0.04515000000000001,0.045,0.00035707142142714273,0.182,0.183,0.18239999999999998,0.182,0.000489897948556636,0.006,0.007,0.006100000000000001,0.006,0.00030000000000000003,32,8,2048,8192,128256,True,480,1
0.011,0.014,0.013333333333333338,0.013000000000000001,0.0007126966450997984,0.01,0.011,0.010850000000000002,0.011,0.0003570714214271422,0.063,0.064,0.0637,0.064,0.0004582575694955844,0.006,0.006,0.006000000000000001,0.006,8.673617379884035e-19,0.035,0.036000000000000004,0.03585000000000001,0.036000000000000004,0.00035707142142714284,0.011,0.011,0.011000000000000001,0.011,1.734723475976807e-18,0.32,0.324,0.3214,0.321,0.0008602325267042635,0.044,0.045,0.044950000000000004,0.045,0.00021794494717703385,0.18,0.182,0.1809,0.181,0.00043588989435406776,0.006,0.006,0.006000000000000001,0.006,8.673617379884035e-19,32,8,2048,8192,128256,True,472,1
0.011,0.014,0.013619047619047623,0.014,0.0007221786137191952,0.01,0.011,0.010400000000000001,0.01,0.0004898979485566351,0.063,0.066,0.06410000000000002,0.064,0.0008888194417315596,0.006,0.006,0.006000000000000001,0.006,8.673617379884035e-19,0.035,0.037,0.035350000000000006,0.035,0.0007262919523166958,0.011,0.012,0.011100000000000002,0.011,0.0003000000000000003,0.319,0.325,0.3212500000000001,0.321,0.0016695807857064016,0.044,0.044,0.044000000000000004,0.044,6.938893903907228e-18,0.179,0.185,0.18105000000000002,0.18,0.0020118399538730726,0.006,0.006,0.006000000000000001,0.006,8.673617379884035e-19,32,8,2048,8192,128256,True,464,1
0.011,0.013000000000000001,0.012904761904761908,0.013000000000000001,0.0004259177099999603,0.01,0.011,0.010150000000000001,0.01,0.00035707142142714214,0.064,0.065,0.06405000000000001,0.064,0.00021794494717703385,0.006,0.006,0.006000000000000001,0.006,8.673617379884035e-19,0.035,0.036000000000000004,0.035100000000000006,0.035,0.00030000000000000024,0.011,0.011,0.011000000000000001,0.011,1.734723475976807e-18,0.319,0.323,0.32025000000000003,0.32,0.0007664854858377953,0.043000000000000003,0.044,0.04390000000000001,0.044,0.0002999999999999982,0.179,0.184,0.18020000000000003,0.18,0.000979795897113272,0.006,0.006,0.006000000000000001,0.006,8.673617379884035e-19,32,8,2048,8192,128256,True,456,1
0.011,0.013000000000000001,0.012904761904761908,0.013000000000000001,0.0004259177099999603,0.01,0.011,0.01025,0.01,0.00043301270189221897,0.064,0.066,0.06445000000000001,0.064,0.0008046738469715548,0.006,0.006,0.006000000000000001,0.006,8.673617379884035e-19,0.035,0.036000000000000004,0.03525000000000001,0.035,0.0004330127018922198,0.011,0.011,0.011000000000000001,0.011,1.734723475976807e-18,0.362,0.373,0.3678,0.3685,0.0026944387170614982,0.041,0.042,0.04185000000000001,0.042,0.00035707142142714284,0.179,0.185,0.1813,0.181,0.0015842979517754871,0.005,0.006,0.005750000000000001,0.006,0.00043301270189221935,32,8,2048,8192,128256,True,448,1
0.011,0.013000000000000001,0.012904761904761908,0.013000000000000001,0.0004259177099999603,0.01,0.01,0.010000000000000002,0.01,1.734723475976807e-18,0.064,0.065,0.06415000000000001,0.064,0.0003570714214271428,0.006,0.006,0.006000000000000001,0.006,8.673617379884035e-19,0.035,0.036000000000000004,0.03505000000000001,0.035,0.00021794494717703385,0.011,0.011,0.011000000000000001,0.011,1.734723475976807e-18,0.363,0.372,0.36735,0.367,0.002495495942693558,0.041,0.041,0.04100000000000001,0.041,6.938893903907228e-18,0.178,0.181,0.17970000000000003,0.18,0.0007810249675906662,0.005,0.006,0.005200000000000001,0.005,0.00039999999999999996,32,8,2048,8192,128256,True,440,1
0.011,0.013000000000000001,0.012809523809523812,0.013000000000000001,0.0004994327848429298,0.01,0.01,0.010000000000000002,0.01,1.734723475976807e-18,0.064,0.064,0.06400000000000002,0.064,1.3877787807814457e-17,0.006,0.006,0.006000000000000001,0.006,8.673617379884035e-19,0.035,0.035,0.03500000000000001,0.035,6.938893903907228e-18,0.011,0.011,0.011000000000000001,0.011,1.734723475976807e-18,0.363,0.369,0.36619999999999997,0.366,0.001536229149573723,0.04,0.041,0.04075000000000001,0.041,0.0004330127018922197,0.177,0.18,0.17824999999999996,0.178,0.0007664854858377953,0.005,0.006,0.005050000000000001,0.005,0.0002179449471770337,32,8,2048,8192,128256,True,432,1
0.01,0.013000000000000001,0.012714285714285718,0.013000000000000001,0.0006998542122237654,0.01,0.01,0.010000000000000002,0.01,1.734723475976807e-18,0.064,0.064,0.06400000000000002,0.064,1.3877787807814457e-17,0.006,0.006,0.006000000000000001,0.006,8.673617379884035e-19,0.035,0.035,0.03500000000000001,0.035,6.938893903907228e-18,0.01,0.011,0.010450000000000001,0.01,0.0004974937185533096,0.36,0.368,0.3630999999999999,0.363,0.001868154169226942,0.04,0.04,0.04000000000000001,0.04,6.938893903907228e-18,0.177,0.179,0.17779999999999999,0.178,0.0006782329983125273,0.005,0.005,0.005000000000000001,0.005,8.673617379884035e-19,32,8,2048,8192,128256,True,424,1
0.01,0.013000000000000001,0.012000000000000002,0.012,0.000534522483824849,0.009000000000000001,0.01,0.009050000000000002,0.009000000000000001,0.00021794494717703353,0.064,0.064,0.06400000000000002,0.064,1.3877787807814457e-17,0.005,0.006,0.00515,0.005,0.00035707142142714246,0.035,0.035,0.03500000000000001,0.035,6.938893903907228e-18,0.01,0.01,0.010000000000000002,0.01,1.734723475976807e-18,0.359,0.369,0.36424999999999996,0.364,0.002605283094022608,0.037,0.038,0.03710000000000001,0.037,0.0003000000000000003,0.176,0.179,0.1767,0.177,0.0007810249675906662,0.005,0.005,0.005000000000000001,0.005,8.673617379884035e-19,32,8,2048,8192,128256,True,416,1
0.01,0.012,0.011904761904761908,0.012,0.00042591770999995997,0.009000000000000001,0.009000000000000001,0.009000000000000003,0.009000000000000001,1.734723475976807e-18,0.064,0.064,0.06400000000000002,0.064,1.3877787807814457e-17,0.005,0.006,0.005050000000000001,0.005,0.0002179449471770337,0.034,0.035,0.03495000000000001,0.035,0.00021794494717703385,0.01,0.01,0.010000000000000002,0.01,1.734723475976807e-18,0.358,0.366,0.3626999999999999,0.363,0.0023473389188611027,0.036000000000000004,0.037,0.03690000000000001,0.037,0.0002999999999999982,0.17500000000000002,0.177,0.17575000000000002,0.176,0.0006982120021884358,0.005,0.005,0.005000000000000001,0.005,8.673617379884035e-19,32,8,2048,8192,128256,True,408,1
0.01,0.012,0.011904761904761908,0.012,0.00042591770999995997,0.009000000000000001,0.01,0.009050000000000002,0.009000000000000001,0.0002179449471770335,0.064,0.066,0.06420000000000001,0.064,0.0006000000000000006,0.005,0.006,0.00515,0.005,0.0003570714214271425,0.035,0.036000000000000004,0.035100000000000006,0.035,0.0003000000000000003,0.01,0.01,0.010000000000000002,0.01,1.734723475976807e-18,0.357,0.369,0.36255,0.3625,0.0026734808770589725,0.036000000000000004,0.037,0.03605000000000001,0.036000000000000004,0.00021794494717703236,0.17400000000000002,0.18,0.17525,0.17500000000000002,0.0016085707942145328,0.005,0.005,0.005000000000000001,0.005,8.673617379884035e-19,32,8,2048,8192,128256,True,400,1
0.01,0.012,0.011476190476190478,0.012,0.0005870870479018077,0.009000000000000001,0.009000000000000001,0.009000000000000003,0.009000000000000001,1.734723475976807e-18,0.063,0.064,0.06334999999999999,0.063,0.00047696960070847325,0.005,0.006,0.005050000000000001,0.005,0.0002179449471770337,0.034,0.035,0.03440000000000001,0.034,0.000489897948556636,0.009000000000000001,0.01,0.009900000000000003,0.01,0.00029999999999999976,0.352,0.365,0.3598999999999999,0.36,0.0026627053911388717,0.035,0.036000000000000004,0.03550000000000001,0.035500000000000004,0.0005000000000000004,0.17200000000000001,0.17400000000000002,0.17295000000000002,0.17300000000000001,0.0004974937185533104,0.004,0.005,0.004700000000000001,0.005,0.00045825756949558394,32,8,2048,8192,128256,True,392,1
0.01,0.012,0.011809523809523811,0.012,0.0004994327848429295,0.009000000000000001,0.009000000000000001,0.009000000000000003,0.009000000000000001,1.734723475976807e-18,0.045,0.046,0.04505000000000001,0.045,0.00021794494717703385,0.005,0.005,0.005000000000000001,0.005,8.673617379884035e-19,0.034,0.035,0.03495000000000001,0.035,0.00021794494717703385,0.01,0.01,0.010000000000000002,0.01,1.734723475976807e-18,0.257,0.262,0.26005000000000006,0.26,0.0015321553446044575,0.036000000000000004,0.036000000000000004,0.03600000000000001,0.036000000000000004,6.938893903907228e-18,0.138,0.14,0.13890000000000008,0.139,0.00043588989435406776,0.004,0.004,0.004000000000000001,0.004,8.673617379884035e-19,32,8,2048,8192,128256,True,384,1
0.009000000000000001,0.012,0.011523809523809526,0.012,0.0007315376902732009,0.009000000000000001,0.009000000000000001,0.009000000000000003,0.009000000000000001,1.734723475976807e-18,0.044,0.045,0.04485000000000001,0.045,0.00035707142142714284,0.005,0.005,0.005000000000000001,0.005,8.673617379884035e-19,0.034,0.035,0.03420000000000001,0.034,0.0004000000000000003,0.009000000000000001,0.01,0.009950000000000004,0.01,0.00021794494717703353,0.256,0.26,0.25805,0.258,0.0011169153951844349,0.035,0.036000000000000004,0.03525000000000001,0.035,0.00043301270189221973,0.137,0.139,0.13835000000000003,0.138,0.0005722761571129803,0.004,0.004,0.004000000000000001,0.004,8.673617379884035e-19,32,8,2048,8192,128256,True,376,1
0.009000000000000001,0.011,0.010904761904761907,0.011,0.0004259177099999596,0.009000000000000001,0.009000000000000001,0.009000000000000003,0.009000000000000001,1.734723475976807e-18,0.044,0.045,0.044950000000000004,0.045,0.00021794494717703385,0.005,0.005,0.005000000000000001,0.005,8.673617379884035e-19,0.034,0.035,0.03450000000000001,0.0345,0.0005000000000000006,0.009000000000000001,0.01,0.009400000000000002,0.009000000000000001,0.0004898979485566352,0.254,0.258,0.2562,0.256,0.0010770329614269018,0.034,0.035,0.03475000000000001,0.035,0.0004330127018922197,0.137,0.138,0.13755,0.138,0.0004974937185533104,0.004,0.004,0.004000000000000001,0.004,8.673617379884035e-19,32,8,2048,8192,128256,True,368,1
0.009000000000000001,0.011,0.010904761904761907,0.011,0.0004259177099999596,0.009000000000000001,0.009000000000000001,0.009000000000000003,0.009000000000000001,1.734723475976807e-18,0.044,0.045,0.044800000000000006,0.045,0.00040000000000000034,0.005,0.005,0.005000000000000001,0.005,8.673617379884035e-19,0.034,0.035,0.03415000000000001,0.034,0.00035707142142714284,0.009000000000000001,0.009000000000000001,0.009000000000000003,0.009000000000000001,1.734723475976807e-18,0.253,0.258,0.25549999999999995,0.255,0.0013601470508735455,0.034,0.035,0.03420000000000001,0.034,0.0004000000000000003,0.136,0.138,0.13715,0.137,0.0005722761571129804,0.004,0.004,0.004000000000000001,0.004,8.673617379884035e-19,32,8,2048,8192,128256,True,360,1
0.009000000000000001,0.011,0.010714285714285716,0.011,0.0005471012044321928,0.009000000000000001,0.009000000000000001,0.009000000000000003,0.009000000000000001,1.734723475976807e-18,0.045,0.045,0.045000000000000005,0.045,6.938893903907228e-18,0.005,0.005,0.005000000000000001,0.005,8.673617379884035e-19,0.034,0.035,0.03430000000000001,0.034,0.0004582575694955844,0.009000000000000001,0.009000000000000001,0.009000000000000003,0.009000000000000001,1.734723475976807e-18,0.253,0.257,0.25439999999999996,0.254,0.0009695359714832667,0.033,0.034,0.03395000000000001,0.034,0.00021794494717703385,0.136,0.138,0.1371,0.137,0.000538516480713451,0.004,0.004,0.004000000000000001,0.004,8.673617379884035e-19,32,8,2048,8192,128256,True,352,1
0.009000000000000001,0.011,0.010047619047619048,0.01,0.00037495275590532397,0.008,0.009000000000000001,0.008850000000000002,0.009000000000000001,0.00035707142142714284,0.045,0.045,0.045000000000000005,0.045,6.938893903907228e-18,0.005,0.005,0.005000000000000001,0.005,8.673617379884035e-19,0.034,0.035,0.03450000000000001,0.0345,0.0005000000000000004,0.009000000000000001,0.009000000000000001,0.009000000000000003,0.009000000000000001,1.734723475976807e-18,0.252,0.254,0.25305000000000005,0.253,0.0005894913061275802,0.033,0.034,0.03305000000000001,0.033,0.00021794494717703385,0.136,0.137,0.13645000000000002,0.136,0.0004974937185533104,0.004,0.004,0.004000000000000001,0.004,8.673617379884035e-19,32,8,2048,8192,128256,True,344,1
0.008,0.01,0.009904761904761908,0.01,0.00042591770999995997,0.008,0.008,0.008000000000000002,0.008,1.734723475976807e-18,0.045,0.045,0.045000000000000005,0.045,6.938893903907228e-18,0.005,0.005,0.005000000000000001,0.005,8.673617379884035e-19,0.034,0.035,0.03420000000000001,0.034,0.0004000000000000003,0.008,0.009000000000000001,0.008100000000000001,0.008,0.0003000000000000003,0.251,0.255,0.25215,0.252,0.0009630680142129119,0.03,0.031,0.030850000000000006,0.031,0.0003570714214271428,0.135,0.136,0.13580000000000003,0.136,0.0004000000000000003,0.004,0.004,0.004000000000000001,0.004,8.673617379884035e-19,32,8,2048,8192,128256,True,336,1
0.008,0.01,0.009904761904761908,0.01,0.00042591770999995997,0.008,0.008,0.008000000000000002,0.008,1.734723475976807e-18,0.044,0.045,0.04485000000000001,0.045,0.00035707142142714284,0.005,0.005,0.005000000000000001,0.005,8.673617379884035e-19,0.034,0.034,0.03400000000000001,0.034,6.938893903907228e-18,0.008,0.008,0.008000000000000002,0.008,1.734723475976807e-18,0.25,0.252,0.25065000000000004,0.251,0.0005722761571129804,0.03,0.03,0.030000000000000006,0.03,6.938893903907228e-18,0.134,0.136,0.13479999999999998,0.135,0.0005099019513592789,0.004,0.004,0.004000000000000001,0.004,8.673617379884035e-19,32,8,2048,8192,128256,True,328,1
0.008,0.01,0.009904761904761908,0.01,0.00042591770999995997,0.008,0.008,0.008000000000000002,0.008,1.734723475976807e-18,0.044,0.045,0.044500000000000005,0.0445,0.0005000000000000004,0.005,0.005,0.005000000000000001,0.005,8.673617379884035e-19,0.033,0.034,0.033850000000000005,0.034,0.00035707142142714284,0.008,0.008,0.008000000000000002,0.008,1.734723475976807e-18,0.332,0.35000000000000003,0.34370000000000006,0.34450000000000003,0.00413642357598929,0.03,0.031,0.030200000000000005,0.03,0.0004000000000000003,0.133,0.134,0.13345,0.133,0.0004974937185533104,0.004,0.004,0.004000000000000001,0.004,8.673617379884035e-19,32,8,2048,8192,128256,True,320,1
0.008,0.01,0.009238095238095241,0.009000000000000001,0.0005259695722470123,0.007,0.008,0.007950000000000002,0.008,0.00021794494717703366,0.044,0.045,0.044050000000000006,0.044,0.00021794494717703385,0.005,0.005,0.005000000000000001,0.005,8.673617379884035e-19,0.033,0.034,0.03355000000000001,0.034,0.0004974937185533104,0.008,0.008,0.008000000000000002,0.008,1.734723475976807e-18,0.331,0.34900000000000003,0.34275,0.34400000000000003,0.00398591269347436,0.029,0.03,0.029150000000000002,0.029,0.0003570714214271416,0.132,0.133,0.1328,0.133,0.0004000000000000003,0.004,0.004,0.004000000000000001,0.004,8.673617379884035e-19,32,8,2048,8192,128256,True,312,1
0.008,0.009000000000000001,0.008952380952380955,0.009000000000000001,0.00021295885499998015,0.007,0.008,0.007650000000000001,0.008,0.00047696960070847287,0.044,0.045,0.044300000000000006,0.044,0.0004582575694955844,0.005,0.005,0.005000000000000001,0.005,8.673617379884035e-19,0.033,0.034,0.033850000000000005,0.034,0.0003570714214271428,0.008,0.008,0.008000000000000002,0.008,1.734723475976807e-18,0.334,0.34900000000000003,0.343,0.3435,0.003820994634908563,0.028,0.029,0.028600000000000004,0.029,0.0004898979485566361,0.132,0.133,0.13245,0.132,0.0004974937185533104,0.004,0.004,0.004000000000000001,0.004,8.673617379884035e-19,32,8,2048,8192,128256,True,304,1
0.008,0.009000000000000001,0.008952380952380955,0.009000000000000001,0.00021295885499998015,0.007,0.008,0.007050000000000001,0.007,0.0002179449471770337,0.044,0.045,0.044050000000000006,0.044,0.00021794494717703385,0.005,0.005,0.005000000000000001,0.005,8.673617379884035e-19,0.033,0.034,0.033850000000000005,0.034,0.0003570714214271428,0.008,0.008,0.008000000000000002,0.008,1.734723475976807e-18,0.336,0.34800000000000003,0.3434500000000001,0.34500000000000003,0.003528101472463628,0.028,0.028,0.028000000000000004,0.028,3.469446951953614e-18,0.131,0.133,0.13165000000000004,0.132,0.0005722761571129803,0.004,0.004,0.004000000000000001,0.004,8.673617379884035e-19,32,8,2048,8192,128256,True,296,1
0.007,0.009000000000000001,0.008904761904761907,0.009000000000000001,0.0004259177099999602,0.007,0.008,0.007050000000000001,0.007,0.0002179449471770337,0.044,0.044,0.044000000000000004,0.044,6.938893903907228e-18,0.005,0.005,0.005000000000000001,0.005,8.673617379884035e-19,0.033,0.034,0.03330000000000001,0.033,0.0004582575694955844,0.008,0.008,0.008000000000000002,0.008,1.734723475976807e-18,0.337,0.35000000000000003,0.34355,0.34400000000000003,0.0032630507198019494,0.027,0.027,0.027000000000000003,0.027,3.469446951953614e-18,0.13,0.132,0.1306,0.131,0.0005830951894845307,0.004,0.004,0.004000000000000001,0.004,8.673617379884035e-19,32,8,2048,8192,128256,True,288,1
0.007,0.009000000000000001,0.008904761904761907,0.009000000000000001,0.0004259177099999602,0.007,0.008,0.007050000000000001,0.007,0.0002179449471770337,0.045,0.045,0.045000000000000005,0.045,6.938893903907228e-18,0.005,0.005,0.005000000000000001,0.005,8.673617379884035e-19,0.034,0.034,0.03400000000000001,0.034,6.938893903907228e-18,0.008,0.008,0.008000000000000002,0.008,1.734723475976807e-18,0.333,0.34600000000000003,0.34154999999999996,0.342,0.0033087006513131435,0.026000000000000002,0.026000000000000002,0.026000000000000006,0.026000000000000002,3.469446951953614e-18,0.13,0.132,0.13069999999999998,0.131,0.0007141428428542856,0.003,0.004,0.0037500000000000007,0.004,0.00043301270189221935,32,8,2048,8192,128256,True,280,1
0.007,0.009000000000000001,0.008142857142857144,0.008,0.0004665694748158438,0.007,0.007,0.007000000000000001,0.007,8.673617379884035e-19,0.044,0.045,0.044250000000000005,0.044,0.0004330127018922198,0.005,0.005,0.005000000000000001,0.005,8.673617379884035e-19,0.033,0.034,0.03395000000000001,0.034,0.00021794494717703385,0.008,0.008,0.008000000000000002,0.008,1.734723475976807e-18,0.331,0.34700000000000003,0.34205,0.342,0.003980891859872613,0.025,0.026000000000000002,0.025350000000000004,0.025,0.0004769696007084732,0.129,0.13,0.1293,0.129,0.0004582575694955844,0.003,0.004,0.003400000000000001,0.003,0.0004898979485566357,32,8,2048,8192,128256,True,272,1
0.007,0.008,0.007952380952380954,0.008,0.00021295885499997998,0.007,0.007,0.007000000000000001,0.007,8.673617379884035e-19,0.044,0.045,0.044050000000000006,0.044,0.00021794494717703385,0.005,0.005,0.005000000000000001,0.005,8.673617379884035e-19,0.033,0.034,0.033100000000000004,0.033,0.00030000000000000024,0.008,0.008,0.008000000000000002,0.008,1.734723475976807e-18,0.327,0.34800000000000003,0.34140000000000004,0.343,0.005295280917949495,0.024,0.025,0.024900000000000005,0.025,0.0003000000000000003,0.128,0.129,0.12825000000000003,0.128,0.0004330127018922197,0.003,0.004,0.003400000000000001,0.003,0.0004898979485566357,32,8,2048,8192,128256,True,264,1
0.007,0.009000000000000001,0.00804761904761905,0.008,0.00037495275590532456,0.007,0.007,0.007000000000000001,0.007,8.673617379884035e-19,0.044,0.045,0.044800000000000006,0.045,0.0004000000000000003,0.004,0.005,0.004550000000000001,0.005,0.00049749371855331,0.026000000000000002,0.027,0.026300000000000007,0.026000000000000002,0.0004582575694955828,0.007,0.008,0.007550000000000001,0.008,0.00049749371855331,0.179,0.183,0.18080000000000002,0.181,0.0009273618495495713,0.026000000000000002,0.026000000000000002,0.026000000000000006,0.026000000000000002,3.469446951953614e-18,0.093,0.094,0.0932,0.093,0.00040000000000000034,0.004,0.004,0.004000000000000001,0.004,8.673617379884035e-19,32,8,2048,8192,128256,True,256,1
0.007,0.009000000000000001,0.008000000000000002,0.008,0.000308606699924184,0.006,0.006,0.006000000000000001,0.006,8.673617379884035e-19,0.044,0.045,0.044550000000000006,0.045,0.0004974937185533104,0.003,0.004,0.003450000000000001,0.003,0.0004974937185533101,0.026000000000000002,0.026000000000000002,0.026000000000000006,0.026000000000000002,3.469446951953614e-18,0.007,0.007,0.007000000000000001,0.007,8.673617379884035e-19,0.179,0.181,0.1799,0.18,0.000538516480713451,0.023,0.023,0.023000000000000003,0.023,3.469446951953614e-18,0.093,0.095,0.09325,0.093,0.0005361902647381809,0.004,0.004,0.004000000000000001,0.004,8.673617379884035e-19,32,8,2048,8192,128256,True,248,1
0.006,0.008,0.007904761904761906,0.008,0.00042591770999995997,0.006,0.006,0.006000000000000001,0.006,8.673617379884035e-19,0.044,0.046,0.044550000000000006,0.0445,0.0005894913061275802,0.003,0.004,0.003350000000000001,0.003,0.00047696960070847287,0.025,0.026000000000000002,0.025950000000000008,0.026000000000000002,0.00021794494717703385,0.007,0.007,0.007000000000000001,0.007,8.673617379884035e-19,0.179,0.18,0.17914999999999998,0.179,0.0003570714214271428,0.022,0.023,0.022650000000000003,0.023,0.0004769696007084733,0.093,0.094,0.09309999999999999,0.093,0.00030000000000000024,0.004,0.004,0.004000000000000001,0.004,8.673617379884035e-19,32,8,2048,8192,128256,True,240,1
0.006,0.008,0.007904761904761906,0.008,0.00042591770999995997,0.006,0.006,0.006000000000000001,0.006,8.673617379884035e-19,0.044,0.045,0.04445,0.044,0.0004974937185533104,0.003,0.004,0.0032500000000000007,0.003,0.00043301270189221935,0.025,0.026000000000000002,0.025700000000000008,0.026000000000000002,0.00045825756949558437,0.007,0.007,0.007000000000000001,0.007,8.673617379884035e-19,0.179,0.18,0.17909999999999998,0.179,0.0003000000000000003,0.021,0.022,0.021900000000000003,0.022,0.0002999999999999992,0.093,0.094,0.0932,0.093,0.0004000000000000003,0.003,0.004,0.00395,0.004,0.0002179449471770337,32,8,2048,8192,128256,True,232,1
0.006,0.008,0.007904761904761906,0.008,0.00042591770999995997,0.006,0.006,0.006000000000000001,0.006,8.673617379884035e-19,0.043000000000000003,0.045,0.044050000000000006,0.044,0.000497493718553309,0.003,0.004,0.003300000000000001,0.003,0.00045825756949558405,0.025,0.026000000000000002,0.025050000000000006,0.025,0.00021794494717703388,0.006,0.007,0.006650000000000001,0.007,0.00047696960070847287,0.178,0.179,0.17809999999999998,0.178,0.00030000000000000024,0.021,0.022,0.02125,0.021,0.00043301270189221826,0.092,0.093,0.0927,0.093,0.0004582575694955844,0.003,0.004,0.00395,0.004,0.0002179449471770337,32,8,2048,8192,128256,True,224,1
0.006,0.008,0.00785714285714286,0.008,0.0004665694748158435,0.006,0.006,0.006000000000000001,0.006,8.673617379884035e-19,0.044,0.045,0.04415000000000001,0.044,0.0003570714214271428,0.003,0.004,0.003150000000000001,0.003,0.0003570714214271425,0.025,0.025,0.025000000000000005,0.025,3.469446951953614e-18,0.006,0.007,0.006400000000000001,0.006,0.0004898979485566357,0.177,0.178,0.17779999999999999,0.178,0.0004000000000000003,0.02,0.021,0.020750000000000005,0.021,0.0004330127018922198,0.092,0.093,0.09265,0.093,0.00047696960070847314,0.003,0.004,0.0034500000000000004,0.003,0.0004974937185533101,32,8,2048,8192,128256,True,216,1
0.006,0.008,0.00742857142857143,0.007,0.0005832118435198043,0.006,0.006,0.006000000000000001,0.006,8.673617379884035e-19,0.043000000000000003,0.045,0.04395,0.044,0.00038405728739342903,0.003,0.004,0.003150000000000001,0.003,0.0003570714214271425,0.025,0.025,0.025000000000000005,0.025,3.469446951953614e-18,0.006,0.007,0.0060500000000000016,0.006,0.0002179449471770337,0.177,0.178,0.1772,0.177,0.0004000000000000003,0.02,0.02,0.020000000000000004,0.02,3.469446951953614e-18,0.092,0.093,0.09265000000000001,0.093,0.00047696960070847325,0.003,0.004,0.0037000000000000006,0.004,0.00045825756949558405,32,8,2048,8192,128256,True,208,1
0.005,0.008,0.007000000000000001,0.007,0.0005345224838248488,0.006,0.006,0.006000000000000001,0.006,8.673617379884035e-19,0.043000000000000003,0.045,0.04390000000000001,0.044,0.0004358898943540656,0.003,0.003,0.0030000000000000005,0.003,4.336808689942018e-19,0.025,0.025,0.025000000000000005,0.025,3.469446951953614e-18,0.006,0.006,0.006000000000000001,0.006,8.673617379884035e-19,0.176,0.177,0.17685,0.177,0.00035707142142714284,0.019,0.02,0.019600000000000003,0.02,0.0004898979485566361,0.092,0.093,0.09255,0.093,0.0004974937185533104,0.003,0.004,0.003300000000000001,0.003,0.00045825756949558405,32,8,2048,8192,128256,True,200,1
0.005,0.007,0.006619047619047621,0.007,0.0005753831415997416,0.006,0.006,0.006000000000000001,0.006,8.673617379884035e-19,0.031,0.032,0.03155000000000001,0.032,0.0004974937185533104,0.003,0.004,0.003150000000000001,0.003,0.0003570714214271425,0.024,0.024,0.024000000000000004,0.024,3.469446951953614e-18,0.006,0.006,0.006000000000000001,0.006,8.673617379884035e-19,0.17500000000000002,0.176,0.17595000000000002,0.176,0.0002179449471770278,0.019,0.019,0.019000000000000003,0.019,3.469446951953614e-18,0.083,0.084,0.08365000000000002,0.084,0.0004769696007084732,0.003,0.003,0.0030000000000000005,0.003,4.336808689942018e-19,32,8,2048,8192,128256,True,192,1
0.005,0.007,0.006904761904761907,0.007,0.0004259177099999599,0.006,0.006,0.006000000000000001,0.006,8.673617379884035e-19,0.032,0.033,0.03205000000000001,0.032,0.00021794494717703385,0.003,0.004,0.0030500000000000006,0.003,0.0002179449471770337,0.033,0.036000000000000004,0.034600000000000006,0.035,0.0007348469228349541,0.006,0.006,0.006000000000000001,0.006,8.673617379884035e-19,0.187,0.19,0.1887,0.189,0.0007810249675906662,0.018000000000000002,0.018000000000000002,0.018000000000000006,0.018000000000000002,3.469446951953614e-18,0.1,0.106,0.10375000000000004,0.10400000000000001,0.0017284386017443567,0.003,0.003,0.0030000000000000005,0.003,4.336808689942018e-19,32,8,2048,8192,128256,True,184,1
0.005,0.006,0.005952380952380954,0.006,0.00021295885499997998,0.005,0.006,0.005850000000000001,0.006,0.0003570714214271425,0.032,0.033,0.032150000000000005,0.032,0.00035707142142714284,0.003,0.003,0.0030000000000000005,0.003,4.336808689942018e-19,0.033,0.035,0.03415000000000001,0.034,0.0006538348415311017,0.006,0.006,0.006000000000000001,0.006,8.673617379884035e-19,0.187,0.19,0.18845,0.188,0.0008046738469715547,0.017,0.018000000000000002,0.017200000000000003,0.017,0.00040000000000000034,0.101,0.106,0.10365000000000002,0.10400000000000001,0.0011079259903080147,0.003,0.003,0.0030000000000000005,0.003,4.336808689942018e-19,32,8,2048,8192,128256,True,176,1
0.005,0.006,0.005952380952380954,0.006,0.00021295885499997998,0.005,0.005,0.005000000000000001,0.005,8.673617379884035e-19,0.031,0.032,0.03180000000000001,0.032,0.00040000000000000034,0.003,0.003,0.0030000000000000005,0.003,4.336808689942018e-19,0.024,0.024,0.024000000000000004,0.024,3.469446951953614e-18,0.005,0.005,0.005000000000000001,0.005,8.673617379884035e-19,0.186,0.189,0.1873,0.187,0.0006403124237432854,0.014,0.015,0.014050000000000002,0.014,0.00021794494717703353,0.098,0.099,0.09895000000000001,0.099,0.00021794494717703385,0.003,0.003,0.0030000000000000005,0.003,4.336808689942018e-19,32,8,2048,8192,128256,True,168,1
0.005,0.006,0.005952380952380954,0.006,0.00021295885499997998,0.005,0.005,0.005000000000000001,0.005,8.673617379884035e-19,0.031,0.032,0.03150000000000001,0.0315,0.0005000000000000004,0.003,0.003,0.0030000000000000005,0.003,4.336808689942018e-19,0.024,0.024,0.024000000000000004,0.024,3.469446951953614e-18,0.005,0.005,0.005000000000000001,0.005,8.673617379884035e-19,0.185,0.188,0.18675,0.187,0.0008874119674649432,0.013000000000000001,0.014,0.013750000000000004,0.014,0.00043301270189221897,0.097,0.099,0.09815,0.098,0.0005722761571129803,0.003,0.003,0.0030000000000000005,0.003,4.336808689942018e-19,32,8,2048,8192,128256,True,160,1
0.004,0.006,0.005904761904761906,0.006,0.00042591770999995997,0.005,0.005,0.005000000000000001,0.005,8.673617379884035e-19,0.031,0.032,0.031200000000000006,0.031,0.0004000000000000003,0.003,0.003,0.0030000000000000005,0.003,4.336808689942018e-19,0.024,0.024,0.024000000000000004,0.024,3.469446951953614e-18,0.005,0.005,0.005000000000000001,0.005,8.673617379884035e-19,0.185,0.187,0.18589999999999998,0.186,0.0006244997998398403,0.013000000000000001,0.013000000000000001,0.013000000000000003,0.013000000000000001,1.734723475976807e-18,0.097,0.098,0.09780000000000001,0.098,0.00040000000000000034,0.003,0.003,0.0030000000000000005,0.003,4.336808689942018e-19,32,8,2048,8192,128256,True,152,1
0.004,0.006,0.005428571428571429,0.005,0.0005832118435198043,0.004,0.005,0.004600000000000002,0.005,0.0004898979485566356,0.031,0.031,0.031000000000000007,0.031,6.938893903907228e-18,0.003,0.003,0.0030000000000000005,0.003,4.336808689942018e-19,0.024,0.024,0.024000000000000004,0.024,3.469446951953614e-18,0.005,0.005,0.005000000000000001,0.005,8.673617379884035e-19,0.185,0.187,0.18555000000000002,0.1855,0.0005894913061275802,0.012,0.013000000000000001,0.012550000000000002,0.013000000000000001,0.0004974937185533104,0.096,0.098,0.09715,0.097,0.0004769696007084733,0.003,0.003,0.0030000000000000005,0.003,4.336808689942018e-19,32,8,2048,8192,128256,True,144,1
0.004,0.005,0.004952380952380954,0.005,0.00021295885499997998,0.004,0.005,0.004400000000000001,0.004,0.0004898979485566357,0.031,0.031,0.031000000000000007,0.031,6.938893903907228e-18,0.003,0.003,0.0030000000000000005,0.003,4.336808689942018e-19,0.024,0.024,0.024000000000000004,0.024,3.469446951953614e-18,0.005,0.005,0.005000000000000001,0.005,8.673617379884035e-19,0.198,0.201,0.19970000000000004,0.2,0.0008426149773176366,0.012,0.013000000000000001,0.012200000000000003,0.012,0.00040000000000000034,0.096,0.097,0.0969,0.097,0.00030000000000000024,0.003,0.003,0.0030000000000000005,0.003,4.336808689942018e-19,32,8,2048,8192,128256,True,136,1
0.004,0.005,0.004952380952380954,0.005,0.00021295885499997998,0.004,0.004,0.004000000000000001,0.004,8.673617379884035e-19,0.03,0.031,0.030550000000000004,0.031,0.0004974937185533105,0.003,0.003,0.0030000000000000005,0.003,4.336808689942018e-19,0.02,0.021,0.020200000000000003,0.02,0.00040000000000000034,0.005,0.005,0.005000000000000001,0.005,8.673617379884035e-19,0.14400000000000002,0.146,0.14525000000000002,0.145,0.0006224949798994316,0.012,0.012,0.012000000000000002,0.012,1.734723475976807e-18,0.075,0.078,0.0759,0.076,0.0007681145747868615,0.002,0.003,0.0026000000000000003,0.003,0.0004898979485566356,32,8,2048,8192,128256,True,128,1
0.004,0.005,0.004952380952380954,0.005,0.00021295885499997998,0.004,0.004,0.004000000000000001,0.004,8.673617379884035e-19,0.029,0.031,0.029900000000000003,0.03,0.0004358898943540667,0.003,0.003,0.0030000000000000005,0.003,4.336808689942018e-19,0.019,0.02,0.019950000000000002,0.02,0.00021794494717703385,0.005,0.005,0.005000000000000001,0.005,8.673617379884035e-19,0.14300000000000002,0.146,0.14420000000000002,0.14400000000000002,0.0007483314773547783,0.011,0.011,0.011000000000000001,0.011,1.734723475976807e-18,0.074,0.075,0.07405000000000002,0.074,0.00021794494717703385,0.002,0.003,0.0025500000000000006,0.003,0.00049749371855331,32,8,2048,8192,128256,True,120,1
0.004,0.005,0.004476190476190477,0.004,0.0004994327848429293,0.004,0.004,0.004000000000000001,0.004,8.673617379884035e-19,0.029,0.03,0.029700000000000004,0.03,0.0004582575694955828,0.003,0.003,0.0030000000000000005,0.003,4.336808689942018e-19,0.019,0.02,0.019900000000000004,0.02,0.0003000000000000003,0.005,0.005,0.005000000000000001,0.005,8.673617379884035e-19,0.14200000000000002,0.14300000000000002,0.1427,0.14300000000000002,0.0004582575694955844,0.011,0.011,0.011000000000000001,0.011,1.734723475976807e-18,0.073,0.074,0.0736,0.074,0.0004898979485566361,0.002,0.003,0.002300000000000001,0.002,0.00045825756949558405,32,8,2048,8192,128256,True,112,1
0.004,0.005,0.004952380952380954,0.005,0.00021295885499997998,0.004,0.004,0.004000000000000001,0.004,8.673617379884035e-19,0.031,0.032,0.031200000000000006,0.031,0.0004000000000000003,0.003,0.003,0.0030000000000000005,0.003,4.336808689942018e-19,0.026000000000000002,0.027,0.026450000000000008,0.026000000000000002,0.0004974937185533088,0.004,0.004,0.004000000000000001,0.004,8.673617379884035e-19,0.145,0.147,0.14609999999999998,0.146,0.0006244997998398404,0.011,0.011,0.011000000000000001,0.011,1.734723475976807e-18,0.08,0.082,0.0809,0.081,0.0005385164807134509,0.002,0.002,0.0020000000000000005,0.002,4.336808689942018e-19,32,8,2048,8192,128256,True,104,1
0.004,0.005,0.00442857142857143,0.004,0.0004948716593053935,0.004,0.004,0.004000000000000001,0.004,8.673617379884035e-19,0.031,0.031,0.031000000000000007,0.031,6.938893903907228e-18,0.003,0.003,0.0030000000000000005,0.003,4.336808689942018e-19,0.025,0.026000000000000002,0.025950000000000008,0.026000000000000002,0.00021794494717703385,0.004,0.004,0.004000000000000001,0.004,8.673617379884035e-19,0.145,0.146,0.14534999999999998,0.145,0.00047696960070847325,0.01,0.011,0.0105,0.010499999999999999,0.0004999999999999996,0.079,0.08,0.07940000000000001,0.079,0.000489897948556636,0.002,0.002,0.0020000000000000005,0.002,4.336808689942018e-19,32,8,2048,8192,128256,True,96,1
0.003,0.005,0.004000000000000001,0.004,0.00030860669992418383,0.004,0.004,0.004000000000000001,0.004,8.673617379884035e-19,0.031,0.031,0.031000000000000007,0.031,6.938893903907228e-18,0.003,0.003,0.0030000000000000005,0.003,4.336808689942018e-19,0.025,0.026000000000000002,0.025750000000000006,0.026000000000000002,0.0004330127018922198,0.004,0.004,0.004000000000000001,0.004,8.673617379884035e-19,0.14400000000000002,0.148,0.14584999999999998,0.146,0.0011079259903080132,0.01,0.01,0.010000000000000002,0.01,1.734723475976807e-18,0.078,0.08,0.07909999999999999,0.079,0.00043588989435406776,0.002,0.002,0.0020000000000000005,0.002,4.336808689942018e-19,32,8,2048,8192,128256,True,88,1
0.003,0.004,0.003952380952380953,0.004,0.00021295885499997998,0.003,0.003,0.0030000000000000005,0.003,4.336808689942018e-19,0.037,0.038,0.03705000000000001,0.037,0.00021794494717703385,0.003,0.003,0.0030000000000000005,0.003,4.336808689942018e-19,0.027,0.028,0.02705,0.027,0.00021794494717703388,0.003,0.003,0.0030000000000000005,0.003,4.336808689942018e-19,0.14100000000000001,0.14300000000000002,0.14240000000000003,0.14250000000000002,0.0006633249580710807,0.007,0.007,0.007000000000000001,0.007,8.673617379884035e-19,0.078,0.079,0.07865,0.079,0.00047696960070847314,0.002,0.002,0.0020000000000000005,0.002,4.336808689942018e-19,32,8,2048,8192,128256,True,80,1
0.003,0.004,0.003952380952380953,0.004,0.00021295885499997998,0.003,0.003,0.0030000000000000005,0.003,4.336808689942018e-19,0.037,0.038,0.03705000000000001,0.037,0.00021794494717703385,0.003,0.003,0.0030000000000000005,0.003,4.336808689942018e-19,0.021,0.021,0.021000000000000005,0.021,3.469446951953614e-18,0.003,0.004,0.0030500000000000006,0.003,0.0002179449471770337,0.14,0.14100000000000001,0.14060000000000003,0.14100000000000001,0.000489897948556636,0.006,0.007,0.0062000000000000015,0.006,0.0004,0.077,0.079,0.07815000000000001,0.078,0.0004769696007084733,0.002,0.002,0.0020000000000000005,0.002,4.336808689942018e-19,32,8,2048,8192,128256,True,72,1
0.003,0.004,0.003047619047619048,0.003,0.00021295885499998,0.003,0.003,0.0030000000000000005,0.003,4.336808689942018e-19,0.029,0.029,0.029000000000000005,0.029,3.469446951953614e-18,0.003,0.003,0.0030000000000000005,0.003,4.336808689942018e-19,0.022,0.024,0.022850000000000002,0.023,0.0005722761571129804,0.003,0.003,0.0030000000000000005,0.003,4.336808689942018e-19,0.136,0.137,0.13620000000000004,0.136,0.00040000000000000034,0.004,0.005,0.004950000000000001,0.005,0.00021794494717703366,0.076,0.077,0.07625000000000001,0.076,0.0004330127018922197,0.002,0.002,0.0020000000000000005,0.002,4.336808689942018e-19,32,8,2048,8192,128256,True,64,1
0.003,0.003,0.0030000000000000005,0.003,4.336808689942018e-19,0.003,0.003,0.0030000000000000005,0.003,4.336808689942018e-19,0.028,0.029,0.028900000000000002,0.029,0.0003000000000000003,0.002,0.003,0.0029000000000000007,0.003,0.00030000000000000003,0.023,0.024,0.023150000000000004,0.023,0.00035707142142714284,0.003,0.003,0.0030000000000000005,0.003,4.336808689942018e-19,0.137,0.138,0.13774999999999998,0.138,0.0004330127018922197,0.004,0.005,0.004050000000000001,0.004,0.0002179449471770337,0.076,0.077,0.07620000000000002,0.076,0.0004000000000000003,0.002,0.002,0.0020000000000000005,0.002,4.336808689942018e-19,32,8,2048,8192,128256,True,56,1
0.003,0.003,0.0030000000000000005,0.003,4.336808689942018e-19,0.003,0.003,0.0030000000000000005,0.003,4.336808689942018e-19,0.028,0.029,0.028300000000000002,0.028,0.0004582575694955844,0.003,0.003,0.0030000000000000005,0.003,4.336808689942018e-19,0.022,0.023,0.022950000000000005,0.023,0.00021794494717703385,0.003,0.003,0.0030000000000000005,0.003,4.336808689942018e-19,0.135,0.137,0.13555,0.1355,0.0005894913061275802,0.004,0.004,0.004000000000000001,0.004,8.673617379884035e-19,0.074,0.075,0.07475,0.075,0.0004330127018922198,0.002,0.002,0.0020000000000000005,0.002,4.336808689942018e-19,32,8,2048,8192,128256,True,48,1
0.002,0.003,0.002952380952380953,0.003,0.00021295885499997998,0.003,0.003,0.0030000000000000005,0.003,4.336808689942018e-19,0.028,0.029,0.028300000000000002,0.028,0.0004582575694955844,0.002,0.003,0.0028500000000000005,0.003,0.0003570714214271425,0.022,0.023,0.022850000000000002,0.023,0.00035707142142714284,0.003,0.003,0.0030000000000000005,0.003,4.336808689942018e-19,0.134,0.135,0.13475,0.135,0.00043301270189221973,0.004,0.004,0.004000000000000001,0.004,8.673617379884035e-19,0.073,0.074,0.07319999999999999,0.073,0.00040000000000000034,0.002,0.002,0.0020000000000000005,0.002,4.336808689942018e-19,32,8,2048,8192,128256,True,40,1
0.002,0.003,0.0025238095238095245,0.003,0.0004994327848429293,0.003,0.003,0.0030000000000000005,0.003,4.336808689942018e-19,0.028,0.029,0.02815,0.028,0.0003570714214271428,0.002,0.003,0.0029500000000000004,0.003,0.0002179449471770337,0.019,0.019,0.019000000000000003,0.019,3.469446951953614e-18,0.003,0.003,0.0030000000000000005,0.003,4.336808689942018e-19,0.132,0.133,0.1325,0.1325,0.0005000000000000004,0.004,0.004,0.004000000000000001,0.004,8.673617379884035e-19,0.07200000000000001,0.073,0.07225000000000001,0.07200000000000001,0.0004330127018922137,0.001,0.002,0.0017000000000000006,0.002,0.00045825756949558405,32,8,2048,8192,128256,True,32,1
0.002,0.003,0.0021428571428571434,0.002,0.00034992710611188256,0.002,0.002,0.0020000000000000005,0.002,4.336808689942018e-19,0.028,0.028,0.028000000000000004,0.028,3.469446951953614e-18,0.003,0.003,0.0030000000000000005,0.003,4.336808689942018e-19,0.019,0.019,0.019000000000000003,0.019,3.469446951953614e-18,0.003,0.003,0.0030000000000000005,0.003,4.336808689942018e-19,0.135,0.138,0.13620000000000002,0.136,0.000748331477354789,0.004,0.005,0.004250000000000001,0.004,0.00043301270189221935,0.07,0.07100000000000001,0.07075000000000001,0.07100000000000001,0.00043301270189221973,0.001,0.002,0.0015500000000000004,0.002,0.0004974937185533098,32,8,2048,8192,128256,True,24,1
0.007,0.011,0.010142857142857144,0.01,0.0008329931278350428,0.002,0.003,0.0020500000000000006,0.002,0.0002179449471770337,0.025,0.025,0.025000000000000005,0.025,3.469446951953614e-18,0.003,0.003,0.0030000000000000005,0.003,4.336808689942018e-19,0.017,0.018000000000000002,0.017350000000000004,0.017,0.00047696960070847314,0.003,0.003,0.0030000000000000005,0.003,4.336808689942018e-19,0.131,0.133,0.13190000000000004,0.132,0.00043588989435406776,0.006,0.006,0.006000000000000001,0.006,8.673617379884035e-19,0.07100000000000001,0.07200000000000001,0.0711,0.07100000000000001,0.00030000000000000024,0.001,0.002,0.0019500000000000003,0.002,0.0002179449471770337,32,8,2048,8192,128256,True,16,1
0.004,0.006,0.005904761904761906,0.006,0.00042591770999995997,0.002,0.002,0.0020000000000000005,0.002,4.336808689942018e-19,0.025,0.026000000000000002,0.025150000000000006,0.025,0.00035707142142714284,0.003,0.003,0.0030000000000000005,0.003,4.336808689942018e-19,0.017,0.017,0.017000000000000005,0.017,3.469446951953614e-18,0.003,0.003,0.0030000000000000005,0.003,4.336808689942018e-19,0.131,0.132,0.1316,0.132,0.0004898979485566361,0.005,0.006,0.005800000000000001,0.006,0.0004,0.07200000000000001,0.074,0.07270000000000001,0.073,0.0007141428428542795,0.001,0.001,0.0010000000000000002,0.001,2.168404344971009e-19,32,8,2048,8192,128256,True,8,1
0.003,0.004,0.003952380952380953,0.004,0.00021295885499997998,0.002,0.002,0.0020000000000000005,0.002,4.336808689942018e-19,0.025,0.026000000000000002,0.025350000000000004,0.025,0.00047696960070847325,0.002,0.003,0.0027,0.003,0.00045825756949558405,0.017,0.017,0.017000000000000005,0.017,3.469446951953614e-18,0.003,0.003,0.0030000000000000005,0.003,4.336808689942018e-19,0.13,0.132,0.13145,0.1315,0.0005894913061275802,0.005,0.006,0.005300000000000001,0.005,0.0004582575694955841,0.07100000000000001,0.07100000000000001,0.071,0.07100000000000001,1.3877787807814457e-17,0.001,0.001,0.0010000000000000002,0.001,2.168404344971009e-19,32,8,2048,8192,128256,True,4,1
0.002,0.003,0.002190476190476191,0.002,0.000392676726249301,0.002,0.003,0.0020500000000000006,0.002,0.0002179449471770337,0.025,0.026000000000000002,0.025250000000000005,0.025,0.00043301270189221973,0.002,0.003,0.0028000000000000004,0.003,0.0004,0.017,0.017,0.017000000000000005,0.017,3.469446951953614e-18,0.003,0.003,0.0030000000000000005,0.003,4.336808689942018e-19,0.131,0.133,0.1317,0.132,0.0005567764362830027,0.005,0.006,0.005550000000000001,0.006,0.00049749371855331,0.07,0.07100000000000001,0.07055,0.07100000000000001,0.0004974937185533104,0.001,0.001,0.0010000000000000002,0.001,2.168404344971009e-19,32,8,2048,8192,128256,True,2,1
0.002,0.002,0.0020000000000000005,0.002,4.336808689942018e-19,0.002,0.002,0.0020000000000000005,0.002,4.336808689942018e-19,0.025,0.026000000000000002,0.025750000000000006,0.026000000000000002,0.0004330127018922197,0.003,0.003,0.0030000000000000005,0.003,4.336808689942018e-19,0.017,0.018000000000000002,0.017900000000000006,0.018000000000000002,0.0003000000000000003,0.002,0.003,0.0022000000000000006,0.002,0.0004,0.122,0.124,0.12250000000000001,0.122,0.0005916079783099622,0.005,0.006,0.005800000000000001,0.006,0.0004,0.064,0.065,0.06485,0.065,0.0003570714214271428,0.001,0.002,0.0012000000000000003,0.001,0.0004,32,8,2048,8192,128256,True,1,1
