time_stats.emb.min,time_stats.emb.max,time_stats.emb.mean,time_stats.emb.median,time_stats.emb.std,time_stats.input_layernorm.min,time_stats.input_layernorm.max,time_stats.input_layernorm.mean,time_stats.input_layernorm.median,time_stats.input_layernorm.std,time_stats.attn_pre_proj.min,time_stats.attn_pre_proj.max,time_stats.attn_pre_proj.mean,time_stats.attn_pre_proj.median,time_stats.attn_pre_proj.std,time_stats.attn_rope.min,time_stats.attn_rope.max,time_stats.attn_rope.mean,time_stats.attn_rope.median,time_stats.attn_rope.std,time_stats.attn_post_proj.min,time_stats.attn_post_proj.max,time_stats.attn_post_proj.mean,time_stats.attn_post_proj.median,time_stats.attn_post_proj.std,time_stats.post_attention_layernorm.min,time_stats.post_attention_layernorm.max,time_stats.post_attention_layernorm.mean,time_stats.post_attention_layernorm.median,time_stats.post_attention_layernorm.std,time_stats.mlp_up_proj.min,time_stats.mlp_up_proj.max,time_stats.mlp_up_proj.mean,time_stats.mlp_up_proj.median,time_stats.mlp_up_proj.std,time_stats.mlp_act.min,time_stats.mlp_act.max,time_stats.mlp_act.mean,time_stats.mlp_act.median,time_stats.mlp_act.std,time_stats.mlp_down_proj.min,time_stats.mlp_down_proj.max,time_stats.mlp_down_proj.mean,time_stats.mlp_down_proj.median,time_stats.mlp_down_proj.std,time_stats.add.min,time_stats.add.max,time_stats.add.mean,time_stats.add.median,time_stats.add.std,n_head,n_kv_head,n_embd,n_expanded_embd,vocab_size,use_gated_mlp,num_tokens,num_tensor_parallel_workers
0.14400000000000002,0.147,0.14500000000000002,0.145,0.0008728715609439597,0.081,0.082,0.08140000000000001,0.081,0.0004898979485566361,0.603,0.62,0.6054999999999999,0.605,0.0035846896657869875,0.07,0.07200000000000001,0.07050000000000001,0.07,0.0005916079783099621,0.501,0.511,0.50485,0.505,0.002455096739438186,0.081,0.082,0.08135,0.081,0.00047696960070847314,3.1590000000000003,3.19,3.1725000000000003,3.1745,0.00872066511224917,0.323,0.331,0.32655,0.326,0.0018020821290940115,1.605,1.6360000000000001,1.6159499999999998,1.619,0.0076188909954139706,0.062,0.063,0.06265,0.063,0.00047696960070847314,32,8,2048,8192,128256,True,4096,1
0.14200000000000002,0.148,0.14500000000000002,0.145,0.001195228609334386,0.08,0.082,0.08135,0.081,0.0005722761571129803,0.598,0.609,0.60635,0.607,0.0021971572542719853,0.07,0.07200000000000001,0.07065000000000002,0.07100000000000001,0.0005722761571129803,0.498,0.509,0.50545,0.506,0.002246664193866099,0.081,0.083,0.08170000000000002,0.082,0.0005567764362830026,3.17,3.193,3.181,3.1805000000000003,0.0063560994328283014,0.323,0.329,0.32615,0.326,0.001525614630239237,1.587,1.625,1.6189,1.6205,0.007738862965578363,0.062,0.064,0.06255,0.0625,0.0005894913061275802,32,8,2048,8192,128256,True,4096,1
0.14100000000000001,0.145,0.1426666666666667,0.14300000000000002,0.0010389249632986345,0.079,0.081,0.07975000000000002,0.08,0.0006224949798994372,0.592,0.605,0.59695,0.5954999999999999,0.003980891859872613,0.069,0.07,0.06970000000000001,0.07,0.0004582575694955844,0.494,0.503,0.4974,0.496,0.002817800560721077,0.079,0.081,0.08005000000000001,0.08,0.0005894913061275804,3.107,3.16,3.1284,3.121,0.016150541786577967,0.316,0.325,0.32189999999999996,0.322,0.0019723082923316037,1.583,1.608,1.5934499999999998,1.5905,0.00751980717837898,0.061,0.064,0.06235,0.062,0.0006538348415311016,32,8,2048,8192,128256,True,4064,1
0.14100000000000001,0.145,0.1423333333333333,0.14200000000000002,0.0011683661091795472,0.078,0.08,0.07925000000000001,0.079,0.0007664854858377951,0.587,0.606,0.5996499999999998,0.603,0.006680381725620183,0.069,0.07,0.06920000000000001,0.069,0.00040000000000000034,0.489,0.502,0.49745,0.5,0.004387197283004268,0.078,0.081,0.07975000000000002,0.08,0.0006982120021884477,3.08,3.164,3.13545,3.154,0.03227456428830605,0.315,0.323,0.31905,0.319,0.002036541185441632,1.569,1.615,1.6008,1.609,0.01659096139468719,0.061,0.063,0.0616,0.062,0.0005830951894845307,32,8,2048,8192,128256,True,4032,1
0.138,0.14300000000000002,0.14114285714285715,0.14100000000000001,0.0011664236870396096,0.077,0.08,0.0788,0.079,0.000748331477354789,0.591,0.603,0.5995999999999999,0.602,0.0039038442591886303,0.068,0.069,0.0685,0.0685,0.0005000000000000004,0.488,0.5,0.49565000000000003,0.4965,0.003320767983464069,0.078,0.08,0.07935,0.0795,0.000726291952316698,3.092,3.16,3.1390000000000002,3.1485000000000003,0.020695410119154475,0.313,0.321,0.31715,0.3175,0.0019045996954740927,1.582,1.611,1.6005500000000001,1.6045,0.009041432408639681,0.06,0.062,0.06074999999999999,0.061,0.0005361902647381809,32,8,2048,8192,128256,True,4000,1
0.138,0.14300000000000002,0.14076190476190478,0.14100000000000001,0.0014443572274383918,0.077,0.08,0.0784,0.079,0.0009165151389911689,0.601,0.626,0.6157,0.6185,0.007900000000000008,0.067,0.069,0.06765000000000002,0.068,0.0005722761571129803,0.497,0.517,0.5086999999999999,0.512,0.006229767250869013,0.077,0.081,0.07915000000000001,0.079,0.0010136567466356653,2.98,3.091,3.0444500000000003,3.0605,0.03986787553908533,0.311,0.318,0.31494999999999995,0.315,0.0020609463845524967,1.51,1.639,1.60395,1.625,0.03955562539007571,0.059000000000000004,0.061,0.059800000000000006,0.06,0.0005099019513592763,32,8,2048,8192,128256,True,3968,1
0.137,0.14200000000000002,0.13933333333333334,0.139,0.0012084359562332886,0.077,0.079,0.07800000000000001,0.078,0.00044721359549995833,0.61,0.62,0.6154999999999999,0.6154999999999999,0.0024186773244895673,0.066,0.068,0.0671,0.067,0.00043588989435406776,0.502,0.511,0.5063500000000001,0.507,0.0022643983748448526,0.078,0.079,0.07830000000000001,0.078,0.0004582575694955844,3.023,3.059,3.04835,3.053,0.011199441950383074,0.31,0.315,0.31229999999999997,0.3125,0.0015198684153570677,1.603,1.622,1.61585,1.6175000000000002,0.005359804100897735,0.059000000000000004,0.06,0.05944999999999999,0.059000000000000004,0.0004974937185533069,32,8,2048,8192,128256,True,3936,1
0.136,0.14200000000000002,0.1382857142857143,0.138,0.0013144927373183119,0.076,0.078,0.07705,0.077,0.0005894913061275804,0.591,0.603,0.5988499999999999,0.6,0.003940494892776798,0.066,0.068,0.06705,0.067,0.0004974937185533105,0.49,0.501,0.4971,0.498,0.00301496268633627,0.076,0.078,0.07765000000000002,0.078,0.0005722761571129803,2.98,3.0460000000000003,3.0218,3.032,0.022350838910430253,0.307,0.313,0.31010000000000004,0.31,0.0018681541692269418,1.502,1.606,1.5926500000000001,1.601,0.022219979747965572,0.058,0.06,0.05915,0.059000000000000004,0.0004769696007084708,32,8,2048,8192,128256,True,3904,1
0.135,0.139,0.13633333333333336,0.136,0.0010837911120705763,0.076,0.077,0.07644999999999999,0.076,0.0004974937185533104,0.595,0.601,0.5974,0.597,0.001392838827718413,0.066,0.068,0.06640000000000001,0.066,0.0005830951894845307,0.492,0.499,0.49490000000000006,0.495,0.0017000000000000016,0.076,0.078,0.07685,0.077,0.0005722761571129803,3.0060000000000002,3.037,3.0176500000000006,3.0175,0.007065939427988324,0.305,0.315,0.30785,0.3075,0.002242208732477868,1.591,1.603,1.5961500000000002,1.596,0.0027798381247835353,0.058,0.06,0.05889999999999999,0.059000000000000004,0.0004358898943540669,32,8,2048,8192,128256,True,3872,1
0.136,0.14,0.1374761904761905,0.137,0.0010962728031639378,0.076,0.078,0.07669999999999999,0.077,0.0005567764362830027,0.612,0.624,0.61835,0.618,0.003453621287865828,0.065,0.067,0.06625,0.066,0.0006224949798994372,0.384,0.391,0.38695,0.387,0.001909842925478429,0.076,0.078,0.07735,0.077,0.0006538348415311016,2.942,3.001,2.9766000000000004,2.9770000000000003,0.017275416058665522,0.302,0.309,0.30555000000000004,0.3055,0.0019098429254784295,1.4020000000000001,1.425,1.4129999999999998,1.4144999999999999,0.00817312669668097,0.06,0.061,0.06015,0.06,0.00035707142142714284,32,8,2048,8192,128256,True,3840,1
0.134,0.14,0.1368095238095238,0.137,0.0014677176197545195,0.075,0.078,0.0764,0.076,0.0008000000000000006,0.612,0.629,0.6196499999999999,0.618,0.005150485414016823,0.065,0.067,0.0658,0.066,0.0006782329983125274,0.384,0.394,0.3881,0.386,0.0033151168908501583,0.076,0.078,0.0769,0.077,0.0006244997998398403,2.9330000000000003,3.055,2.97365,2.9705000000000004,0.03096009528409108,0.3,0.309,0.30284999999999995,0.3025,0.002056088519495211,1.403,1.436,1.4151500000000001,1.411,0.011892329460622892,0.059000000000000004,0.06,0.0596,0.06,0.0004898979485566328,32,8,2048,8192,128256,True,3808,1
0.133,0.137,0.13490476190476192,0.135,0.0011086139739831264,0.074,0.076,0.0752,0.075,0.0005099019513592789,0.608,0.621,0.61455,0.6145,0.0029064583258667266,0.064,0.066,0.06495,0.065,0.0005894913061275804,0.382,0.39,0.38425,0.384,0.0018940696924875829,0.075,0.077,0.07575,0.076,0.0005361902647381809,2.932,2.981,2.9483,2.9450000000000003,0.014363495396316275,0.296,0.306,0.30115,0.301,0.002056088519495211,1.401,1.422,1.4054000000000002,1.403,0.005902541825349439,0.059000000000000004,0.06,0.0591,0.059000000000000004,0.0002999999999999982,32,8,2048,8192,128256,True,3776,1
0.133,0.136,0.13457142857142856,0.135,0.0009035079029052521,0.074,0.077,0.0754,0.075,0.0007348469228349541,0.611,0.625,0.6190000000000001,0.6194999999999999,0.004669047011971505,0.064,0.066,0.06485000000000002,0.065,0.0006538348415311016,0.381,0.39,0.38610000000000005,0.386,0.0023430749027719983,0.075,0.077,0.07574999999999998,0.076,0.0006982120021884477,2.9330000000000003,3.065,2.97595,2.9725,0.028274502648145714,0.296,0.303,0.29945,0.299,0.002036541185441632,1.401,1.431,1.4176000000000002,1.417,0.008720091742636634,0.058,0.059000000000000004,0.058899999999999994,0.059000000000000004,0.0003000000000000003,32,8,2048,8192,128256,True,3744,1
0.13,0.134,0.13185714285714287,0.132,0.000888321814579888,0.073,0.075,0.07404999999999999,0.074,0.0004974937185533104,0.5630000000000001,0.615,0.57345,0.5700000000000001,0.013904945163502063,0.063,0.065,0.06375,0.064,0.0005361902647381809,0.381,0.385,0.38320000000000004,0.383,0.0014352700094407338,0.074,0.075,0.0742,0.074,0.0004000000000000003,2.895,2.942,2.9277,2.9355,0.014659809002848589,0.292,0.3,0.2951499999999999,0.2945,0.0020068632240389495,1.3780000000000001,1.397,1.3922,1.395,0.0057844619455918065,0.058,0.059000000000000004,0.05845,0.058,0.0004974937185533104,32,8,2048,8192,128256,True,3712,1
0.13,0.134,0.1318571428571429,0.132,0.000888321814579888,0.073,0.075,0.07400000000000001,0.074,0.00044721359549995833,0.5650000000000001,0.615,0.5771000000000002,0.5680000000000001,0.018774717041809153,0.063,0.064,0.0632,0.063,0.0004000000000000003,0.383,0.389,0.38510000000000005,0.385,0.001813835714721707,0.073,0.075,0.07405000000000002,0.074,0.0003840572873934307,2.902,2.969,2.93385,2.942,0.020332916662397404,0.29,0.297,0.29235,0.292,0.001492481155659931,1.395,1.412,1.39915,1.3980000000000001,0.004497499305169445,0.057,0.058,0.05770000000000001,0.058,0.0004582575694955844,32,8,2048,8192,128256,True,3680,1
0.129,0.132,0.13,0.13,0.0009759000729485342,0.07200000000000001,0.073,0.07264999999999999,0.073,0.0004769696007084665,0.561,0.616,0.5731,0.5640000000000001,0.019917078098958162,0.062,0.064,0.06275,0.063,0.0006982120021884477,0.38,0.386,0.3831,0.383,0.001670329308849008,0.073,0.074,0.07325000000000001,0.073,0.00043301270189221973,2.8810000000000002,2.965,2.9329500000000004,2.936,0.0242744206933965,0.28800000000000003,0.294,0.29015,0.29,0.0016209565077447193,1.393,1.414,1.3997,1.397,0.0060257779580730995,0.057,0.058,0.057300000000000004,0.057,0.0004582575694955844,32,8,2048,8192,128256,True,3648,1
0.127,0.131,0.12928571428571425,0.129,0.0011187942975686418,0.07200000000000001,0.074,0.07265000000000002,0.073,0.000572276157112974,0.559,0.611,0.5665500000000001,0.5645,0.010461715920440571,0.062,0.063,0.06205000000000001,0.062,0.00021794494717703385,0.379,0.385,0.3828,0.383,0.001860107523773829,0.07200000000000001,0.074,0.07289999999999999,0.073,0.0005385164807134462,2.899,2.965,2.9463,2.957,0.018479989177485962,0.28500000000000003,0.292,0.2875,0.28700000000000003,0.002037154878746319,1.3960000000000001,1.412,1.40415,1.4050000000000002,0.005303536555921873,0.056,0.057,0.05685,0.057,0.00035707142142714284,32,8,2048,8192,128256,True,3616,1
0.125,0.131,0.12761904761904763,0.127,0.0014630753805464029,0.07,0.073,0.0716,0.07200000000000001,0.0007348469228349515,0.553,0.5680000000000001,0.5586,0.556,0.005517245689653494,0.061,0.062,0.06144999999999999,0.061,0.0004974937185533104,0.377,0.39,0.38255000000000006,0.381,0.003707762128292486,0.07100000000000001,0.073,0.07139999999999999,0.07100000000000001,0.0005830951894845286,2.7680000000000002,2.846,2.8006,2.7895000000000003,0.02664282267328292,0.28200000000000003,0.29,0.2872,0.28800000000000003,0.001989974874213229,1.367,1.408,1.3851,1.3800000000000001,0.014035312607847353,0.054,0.056,0.055200000000000006,0.055,0.0006000000000000005,32,8,2048,8192,128256,True,3584,1
0.124,0.128,0.1257142857142857,0.126,0.0009331389496316878,0.07,0.07100000000000001,0.07045000000000001,0.07,0.0004974937185533104,0.552,0.559,0.5554,0.555,0.0016248076809271934,0.06,0.062,0.0608,0.061,0.000509901951359279,0.378,0.382,0.3801,0.38,0.0013747727084867532,0.07,0.07200000000000001,0.07075000000000001,0.07100000000000001,0.0005361902647381809,2.775,2.811,2.7893999999999997,2.7865,0.00940956959695819,0.281,0.28800000000000003,0.28435,0.28400000000000003,0.001739971264130533,1.375,1.3880000000000001,1.3806500000000004,1.379,0.0032752862470324736,0.054,0.056,0.05465,0.055,0.0005722761571129802,32,8,2048,8192,128256,True,3552,1
0.125,0.129,0.12633333333333335,0.126,0.0009920317455237942,0.07,0.07200000000000001,0.07070000000000001,0.07100000000000001,0.0005567764362830027,0.557,0.608,0.5634,0.5615000000000001,0.010418253212511188,0.06,0.062,0.06085,0.061,0.00047696960070847325,0.381,0.387,0.38435,0.3845,0.0018513508581573634,0.07100000000000001,0.07100000000000001,0.071,0.07100000000000001,1.3877787807814457e-17,2.811,2.843,2.8305,2.836,0.011015897603009877,0.279,0.28600000000000003,0.2822,0.28200000000000003,0.0017492855684535917,1.3900000000000001,1.4060000000000001,1.4011500000000001,1.4040000000000001,0.005396989901787858,0.054,0.055,0.05425000000000001,0.054,0.00043301270189221973,32,8,2048,8192,128256,True,3520,1
0.123,0.127,0.12471428571428571,0.125,0.0012399253872658618,0.069,0.07100000000000001,0.06985000000000001,0.07,0.0004769696007084733,0.55,0.601,0.5560500000000002,0.553,0.010716692586801196,0.059000000000000004,0.061,0.059849999999999993,0.06,0.0005722761571129777,0.375,0.383,0.3786,0.378,0.0021540659228538035,0.069,0.07100000000000001,0.07000000000000002,0.07,0.00044721359549995833,2.787,2.829,2.8005500000000003,2.7955,0.012499899999599991,0.275,0.28200000000000003,0.27895000000000003,0.279,0.0015321553446044577,1.379,1.397,1.3852499999999999,1.3820000000000001,0.0063472434961957935,0.053,0.054,0.053649999999999996,0.054,0.0004769696007084732,32,8,2048,8192,128256,True,3488,1
0.122,0.126,0.12380952380952381,0.124,0.0011388819755334674,0.069,0.07,0.0693,0.069,0.00045825756949558437,0.553,0.5630000000000001,0.558,0.5585,0.0031937438845342655,0.06,0.061,0.06060000000000001,0.061,0.0004898979485566361,0.38,0.387,0.3841,0.385,0.0022338307903688693,0.069,0.07100000000000001,0.06965,0.07,0.0005722761571129803,2.672,2.722,2.6953000000000005,2.6900000000000004,0.014846211637990256,0.271,0.278,0.27560000000000007,0.2755,0.0019595917942265445,1.3800000000000001,1.401,1.3913500000000003,1.3935,0.0071223240589010205,0.052000000000000005,0.053,0.05250000000000001,0.052500000000000005,0.000499999999999997,32,8,2048,8192,128256,True,3456,1
0.121,0.124,0.12300000000000001,0.123,0.0009258200997725525,0.068,0.069,0.0689,0.069,0.00030000000000000024,0.552,0.5630000000000001,0.55815,0.559,0.0025154522456210557,0.059000000000000004,0.061,0.05995,0.06,0.0004974937185533084,0.381,0.388,0.3849,0.385,0.002142428528562857,0.069,0.07,0.06935,0.069,0.00047696960070847325,2.6710000000000003,2.719,2.7012500000000004,2.707,0.013254716141811543,0.271,0.275,0.2731,0.273,0.0014106735979665897,1.3840000000000001,1.4000000000000001,1.3956499999999998,1.3980000000000001,0.004563715591489015,0.052000000000000005,0.053,0.05220000000000001,0.052000000000000005,0.0003999999999999976,32,8,2048,8192,128256,True,3424,1
0.12,0.124,0.12147619047619049,0.121,0.0010962728031639378,0.067,0.069,0.06795000000000001,0.068,0.0004974937185533104,0.551,0.557,0.55405,0.554,0.0013592277219068199,0.059000000000000004,0.06,0.059399999999999994,0.059000000000000004,0.0004898979485566326,0.38,0.386,0.3819,0.382,0.0015132745950421568,0.068,0.069,0.06815000000000002,0.068,0.00035707142142714273,2.681,2.709,2.68825,2.6855,0.0072102357797786355,0.268,0.275,0.27115,0.271,0.0018513508581573634,1.3880000000000001,1.3960000000000001,1.3909500000000004,1.391,0.0021324868112136026,0.051000000000000004,0.053,0.05180000000000001,0.052000000000000005,0.0005099019513592781,32,8,2048,8192,128256,True,3392,1
0.117,0.121,0.11923809523809525,0.11900000000000001,0.0008676603408708809,0.066,0.068,0.0669,0.067,0.0005385164807134509,0.544,0.549,0.5464500000000001,0.547,0.0013219304066402295,0.058,0.059000000000000004,0.058550000000000005,0.059000000000000004,0.0004974937185533105,0.374,0.38,0.37645000000000006,0.376,0.0014654350889752856,0.066,0.068,0.06720000000000001,0.067,0.0005099019513592789,2.649,2.6750000000000003,2.6622999999999997,2.661,0.007114070564732997,0.265,0.271,0.26745,0.268,0.001564448784716203,1.372,1.383,1.3773500000000003,1.3775,0.0027253440149823,0.051000000000000004,0.052000000000000005,0.051400000000000015,0.051000000000000004,0.0004898979485566361,32,8,2048,8192,128256,True,3360,1
0.117,0.12,0.11861904761904762,0.11900000000000001,0.0010900498230723386,0.066,0.067,0.0664,0.066,0.0004898979485566361,0.48,0.486,0.48229999999999995,0.4815,0.0019000000000000017,0.057,0.059000000000000004,0.057950000000000015,0.058,0.0003840572873934307,0.374,0.38,0.37625,0.376,0.0014790199457749055,0.066,0.068,0.06670000000000001,0.067,0.0006403124237432853,2.533,2.5580000000000003,2.5435,2.5420000000000003,0.007479973261984303,0.26,0.267,0.26455,0.265,0.0017741194999210186,1.342,1.355,1.3464,1.345,0.0032771939216347775,0.052000000000000005,0.053,0.052400000000000016,0.052000000000000005,0.0004898979485566326,32,8,2048,8192,128256,True,3328,1
0.116,0.11900000000000001,0.11714285714285716,0.117,0.0008329931278350436,0.065,0.067,0.06560000000000002,0.066,0.0005830951894845306,0.47900000000000004,0.484,0.4817,0.481,0.0017058722109231908,0.057,0.058,0.05715,0.057,0.00035707142142714284,0.374,0.379,0.37655000000000005,0.377,0.0013955285736952875,0.066,0.067,0.0663,0.066,0.0004582575694955844,2.528,2.551,2.54105,2.5415,0.006866403716648203,0.259,0.266,0.26225,0.262,0.0019716744153130375,1.341,1.35,1.3451,1.345,0.0022338307903688576,0.052000000000000005,0.053,0.05215000000000001,0.052000000000000005,0.00035707142142714035,32,8,2048,8192,128256,True,3296,1
0.115,0.11900000000000001,0.1171904761904762,0.117,0.001005652956282995,0.065,0.067,0.06615000000000001,0.066,0.00047696960070847325,0.486,0.492,0.48925,0.4895,0.0017571283390805594,0.056,0.058,0.05715,0.057,0.0004769696007084733,0.376,0.382,0.37945,0.3795,0.001564448784716203,0.066,0.067,0.06635000000000002,0.066,0.00047696960070847325,2.555,2.585,2.57245,2.5745,0.008709047020196826,0.257,0.265,0.26005000000000006,0.2595,0.0022688102609076874,1.344,1.36,1.3547000000000002,1.356,0.0034655446902326754,0.051000000000000004,0.052000000000000005,0.051400000000000015,0.051000000000000004,0.0004898979485566361,32,8,2048,8192,128256,True,3264,1
0.113,0.11900000000000001,0.11514285714285717,0.115,0.0012830660557435706,0.064,0.066,0.06455,0.064,0.0006689544080129832,0.47900000000000004,0.49,0.4827000000000001,0.48,0.004528796749689692,0.056,0.057,0.05620000000000001,0.056,0.00040000000000000034,0.37,0.378,0.37334999999999996,0.372,0.0028508770580296886,0.064,0.066,0.06495000000000001,0.065,0.0006689544080129832,2.5220000000000002,2.578,2.54315,2.533,0.020038151112315692,0.255,0.261,0.2575,0.257,0.0017748239349298864,1.33,1.352,1.33915,1.336,0.008082542916681605,0.051000000000000004,0.052000000000000005,0.05115000000000001,0.051000000000000004,0.00035707142142714284,32,8,2048,8192,128256,True,3232,1
0.114,0.11900000000000001,0.11600000000000002,0.116,0.0012344267996967364,0.064,0.066,0.06484999999999999,0.065,0.0004769696007084733,0.485,0.492,0.49000000000000005,0.491,0.0018439088914585795,0.055,0.057,0.05595,0.056,0.0004974937185533105,0.38,0.387,0.384,0.384,0.0017606816861659024,0.065,0.066,0.0652,0.065,0.00040000000000000034,2.446,2.5060000000000002,2.4804500000000003,2.48,0.015239668631568056,0.253,0.259,0.25655000000000006,0.2565,0.0017741194999210189,1.164,1.189,1.1799500000000003,1.1815,0.0057920203728923725,0.05,0.052000000000000005,0.051050000000000005,0.051000000000000004,0.00038405728739343076,32,8,2048,8192,128256,True,3200,1
0.113,0.117,0.11547619047619051,0.115,0.001005652956282995,0.063,0.065,0.0641,0.064,0.00043588989435406776,0.488,0.492,0.4906,0.491,0.001280624847486571,0.055,0.057,0.055400000000000005,0.055,0.0005830951894845306,0.382,0.387,0.38469999999999993,0.385,0.0013076696830622034,0.064,0.065,0.06465000000000001,0.065,0.0004769696007084732,2.46,2.516,2.48225,2.4795,0.011835856538501978,0.251,0.259,0.25375000000000003,0.2535,0.0017571283390805594,1.175,1.184,1.17935,1.1789999999999998,0.0027436289836638,0.05,0.051000000000000004,0.05025,0.05,0.0004330127018922198,32,8,2048,8192,128256,True,3168,1
0.112,0.116,0.11361904761904762,0.114,0.0011741740958036157,0.062,0.064,0.06325,0.063,0.0005361902647381809,0.484,0.49,0.48549999999999993,0.485,0.001884144368141679,0.054,0.056,0.05495,0.055,0.00038405728739343076,0.375,0.383,0.37820000000000004,0.378,0.0019131126469709005,0.063,0.064,0.06365,0.064,0.00047696960070847325,2.432,2.485,2.4484500000000002,2.443,0.014575578890733623,0.249,0.255,0.25159999999999993,0.251,0.0019078784028338928,1.161,1.178,1.1662500000000002,1.1644999999999999,0.004752630850381713,0.05,0.05,0.05000000000000001,0.05,6.938893903907228e-18,32,8,2048,8192,128256,True,3136,1
0.111,0.115,0.11295238095238098,0.113,0.0009988655696858595,0.062,0.064,0.0634,0.064,0.0007348469228349541,0.481,0.496,0.4900500000000001,0.494,0.005970552738231198,0.054,0.055,0.054400000000000004,0.054,0.000489897948556636,0.374,0.385,0.37934999999999997,0.381,0.00417462573172734,0.063,0.064,0.06355,0.064,0.0004974937185533104,2.428,2.509,2.4700500000000005,2.4835000000000003,0.028974946074151693,0.246,0.253,0.24955000000000002,0.2495,0.0015960889699512383,1.157,1.193,1.17645,1.1840000000000002,0.014712154838771929,0.049,0.05,0.04955000000000001,0.05,0.0004974937185533104,32,8,2048,8192,128256,True,3104,1
0.109,0.112,0.1100952380952381,0.11,0.0008676603408708863,0.061,0.062,0.06124999999999999,0.061,0.0004330127018922197,0.486,0.493,0.4889000000000001,0.489,0.0019467922333931804,0.052000000000000005,0.054,0.05315000000000001,0.053,0.0004769696007084724,0.379,0.382,0.38034999999999997,0.38,0.0008529361054615998,0.061,0.062,0.061450000000000005,0.061,0.0004974937185533104,2.372,2.423,2.40005,2.411,0.019438299822772617,0.242,0.249,0.24500000000000005,0.245,0.001974841765813152,1.154,1.159,1.15615,1.156,0.001620956507744733,0.048,0.049,0.04885000000000001,0.049,0.00035707142142714284,32,8,2048,8192,128256,True,3072,1
0.108,0.112,0.10971428571428575,0.11,0.000982846068597634,0.06,0.062,0.061250000000000006,0.061,0.0006224949798994372,0.47800000000000004,0.487,0.48225000000000007,0.482,0.0024672859582950592,0.052000000000000005,0.054,0.05300000000000001,0.053,0.0006324555320336743,0.376,0.382,0.37879999999999997,0.379,0.0018330302779823377,0.061,0.063,0.06124999999999999,0.061,0.0005361902647381809,2.371,2.455,2.4203499999999996,2.424,0.02358871552246961,0.23900000000000002,0.244,0.24189999999999995,0.242,0.0014106735979665867,1.147,1.172,1.15915,1.159,0.007404559406203673,0.048,0.05,0.04840000000000001,0.048,0.0005830951894845307,32,8,2048,8192,128256,True,3040,1
0.106,0.11,0.10857142857142858,0.108,0.0009547589359887352,0.06,0.061,0.060849999999999994,0.061,0.00035707142142714284,0.481,0.49,0.48375,0.483,0.002717995584985379,0.052000000000000005,0.054,0.05235000000000001,0.052000000000000005,0.0005722761571129774,0.376,0.383,0.37855,0.378,0.002108909670896316,0.061,0.062,0.0613,0.061,0.00045825756949558437,2.387,2.467,2.42955,2.4335,0.024840440817344583,0.23800000000000002,0.243,0.24009999999999998,0.24,0.001299999999999992,1.157,1.175,1.1626,1.16,0.006191930232165097,0.048,0.048,0.04800000000000001,0.048,6.938893903907228e-18,32,8,2048,8192,128256,True,3008,1
0.105,0.109,0.10695238095238098,0.107,0.0009499970163457152,0.059000000000000004,0.06,0.05990000000000001,0.06,0.0002999999999999982,0.47600000000000003,0.481,0.47909999999999997,0.47900000000000004,0.0013379088160259454,0.051000000000000004,0.052000000000000005,0.05165000000000001,0.052000000000000005,0.0004769696007084733,0.357,0.362,0.35924999999999996,0.359,0.0010897247358851695,0.06,0.061,0.06055000000000001,0.061,0.0004974937185533104,2.3770000000000002,2.4250000000000003,2.4097,2.419,0.015540592009315495,0.233,0.24,0.23640000000000003,0.23650000000000002,0.001772004514666934,1.143,1.156,1.1501000000000001,1.1500000000000001,0.0034190641994557283,0.047,0.048,0.047450000000000006,0.047,0.0004974937185533104,32,8,2048,8192,128256,True,2976,1
0.10300000000000001,0.108,0.10542857142857143,0.106,0.0010942024088643834,0.059000000000000004,0.06,0.05919999999999999,0.059000000000000004,0.00039999999999999763,0.481,0.488,0.4840999999999999,0.4845,0.001868154169226942,0.05,0.051000000000000004,0.05080000000000001,0.051000000000000004,0.00040000000000000034,0.358,0.361,0.35929999999999995,0.359,0.0010535653752852749,0.058,0.06,0.05924999999999999,0.059000000000000004,0.000536190264738178,2.2920000000000003,2.301,2.2967500000000003,2.297,0.0027363296585024323,0.231,0.23800000000000002,0.23440000000000003,0.234,0.0016552945357246865,1.145,1.1500000000000001,1.1472000000000002,1.147,0.0014352700094407368,0.045,0.047,0.04565000000000001,0.046,0.0005722761571129803,32,8,2048,8192,128256,True,2944,1
0.10300000000000001,0.108,0.10571428571428575,0.106,0.0012399253872658578,0.058,0.06,0.0591,0.059000000000000004,0.000624499799839838,0.484,0.497,0.4915,0.493,0.003528455752875473,0.05,0.052000000000000005,0.05075,0.051000000000000004,0.0006224949798994372,0.359,0.366,0.3632,0.364,0.0020396078054371156,0.059000000000000004,0.06,0.05954999999999999,0.06,0.0004974937185533069,2.301,2.345,2.3259999999999996,2.332,0.015102979838429247,0.228,0.23600000000000002,0.23215,0.232,0.0018781639970992965,1.147,1.167,1.1603499999999998,1.165,0.007185227901743934,0.044,0.046,0.04515000000000001,0.045,0.0004769696007084733,32,8,2048,8192,128256,True,2912,1
0.10200000000000001,0.106,0.10376190476190479,0.10400000000000001,0.001108613973983122,0.057,0.059000000000000004,0.057950000000000015,0.058,0.0004974937185533104,0.438,0.489,0.48324999999999996,0.486,0.010638961415476603,0.049,0.05,0.04985000000000001,0.05,0.00035707142142714284,0.356,0.363,0.3597,0.36,0.0016763054614240224,0.058,0.059000000000000004,0.05820000000000001,0.058,0.00040000000000000034,2.285,2.312,2.3007,2.3045,0.007912648102879293,0.226,0.233,0.22950000000000004,0.2295,0.001987460691435181,1.1440000000000001,1.154,1.14995,1.151,0.0034709508783616985,0.044,0.045,0.04460000000000001,0.045,0.000489897948556636,32,8,2048,8192,128256,True,2880,1
0.101,0.10400000000000001,0.10242857142857147,0.10200000000000001,0.0006598288790738586,0.057,0.058,0.05745,0.057,0.0004974937185533104,0.482,0.49,0.48555000000000004,0.486,0.002085065946199306,0.049,0.05,0.04935000000000001,0.049,0.0004769696007084732,0.357,0.362,0.35955,0.36,0.0013955285736952875,0.057,0.059000000000000004,0.05820000000000001,0.058,0.0006000000000000005,2.289,2.314,2.3024,2.3015,0.006843975452907414,0.223,0.232,0.22620000000000004,0.226,0.002039607805437116,1.143,1.151,1.14875,1.149,0.0024469368606484182,0.044,0.045,0.04410000000000001,0.044,0.0003000000000000003,32,8,2048,8192,128256,True,2848,1
0.1,0.10400000000000001,0.10147619047619048,0.101,0.0009571310115353236,0.056,0.057,0.05665,0.057,0.0004769696007084732,0.435,0.485,0.4582,0.442,0.021699308744750373,0.048,0.05,0.04875000000000001,0.049,0.0006224949798994372,0.34800000000000003,0.355,0.35155000000000003,0.352,0.002201703885630377,0.056,0.058,0.056999999999999995,0.057,0.00044721359549995833,2.161,2.195,2.18025,2.186,0.010903554466319645,0.221,0.228,0.22469999999999998,0.2245,0.002170253441421072,1.163,1.183,1.1739499999999998,1.177,0.006461230532955789,0.045,0.046,0.04505000000000001,0.045,0.00021794494717703385,32,8,2048,8192,128256,True,2816,1
0.099,0.10300000000000001,0.10038095238095239,0.1,0.0010454523047666747,0.055,0.057,0.05605000000000001,0.056,0.0006689544080129831,0.435,0.493,0.4439,0.438,0.015987182365882986,0.047,0.049,0.04810000000000001,0.048,0.00043588989435406776,0.34800000000000003,0.356,0.35140000000000005,0.35000000000000003,0.0030066592756745596,0.056,0.057,0.05645,0.056,0.0004974937185533104,2.17,2.221,2.1887999999999996,2.176,0.01957702735350799,0.218,0.225,0.22245000000000004,0.223,0.0018020821290940115,1.171,1.191,1.1789,1.1745,0.007522632517942122,0.044,0.045,0.044250000000000005,0.044,0.0004330127018922198,32,8,2048,8192,128256,True,2784,1
0.096,0.101,0.0990952380952381,0.099,0.001191428190780649,0.055,0.056,0.05545,0.055,0.0004974937185533105,0.438,0.489,0.44875,0.44,0.018554985852864445,0.047,0.048,0.04750000000000001,0.0475,0.0005000000000000004,0.35000000000000003,0.356,0.35285,0.353,0.0014924811556599157,0.055,0.057,0.05600000000000001,0.056,0.0003162277660168382,2.186,2.201,2.194,2.1944999999999997,0.003701351104664386,0.217,0.224,0.2202,0.22,0.0017776388834631193,1.176,1.181,1.17875,1.179,0.0012990381056766688,0.043000000000000003,0.044,0.043750000000000004,0.044,0.0004330127018922167,32,8,2048,8192,128256,True,2752,1
0.098,0.101,0.0984761904761905,0.098,0.0007315376902732015,0.054,0.056,0.0551,0.055,0.0004358898943540678,0.434,0.489,0.45375000000000004,0.438,0.023090853167434065,0.046,0.047,0.046700000000000005,0.047,0.0004582575694955844,0.35100000000000003,0.353,0.3517,0.352,0.0007141428428542612,0.055,0.056,0.05515,0.055,0.00035707142142714284,2.189,2.204,2.19935,2.2,0.0031980462785894917,0.213,0.225,0.2193,0.219,0.0023473389188611023,1.175,1.179,1.1772,1.177,0.0013638181696985917,0.043000000000000003,0.044,0.04315000000000001,0.043000000000000003,0.00035707142142714035,32,8,2048,8192,128256,True,2720,1
0.095,0.098,0.09666666666666668,0.097,0.0010389249632986404,0.054,0.055,0.05455,0.055,0.0004974937185533105,0.435,0.448,0.44075,0.4405,0.0037798809505062494,0.045,0.046,0.045750000000000006,0.046,0.0004330127018922197,0.31,0.359,0.31625,0.3135,0.0101532014655477,0.053,0.055,0.05450000000000001,0.055,0.0005916079783099621,2.036,2.082,2.06035,2.056,0.015447572624849467,0.213,0.223,0.2198,0.22,0.002357965224510321,1.1480000000000001,1.167,1.1573,1.1555,0.006993568473962325,0.042,0.044,0.04285000000000001,0.043000000000000003,0.0004769696007084723,32,8,2048,8192,128256,True,2688,1
0.094,0.097,0.09485714285714286,0.095,0.0008329931278350436,0.052000000000000005,0.054,0.053250000000000006,0.053,0.0005361902647381801,0.431,0.47900000000000004,0.43685,0.434,0.010194483802527727,0.044,0.046,0.045250000000000005,0.045,0.0005361902647381809,0.309,0.358,0.31634999999999996,0.311,0.013954479567508058,0.053,0.054,0.05345000000000001,0.053,0.0004974937185533104,2.0340000000000003,2.086,2.0503500000000003,2.0425000000000004,0.016085008548334605,0.214,0.222,0.2177,0.218,0.0020760539492026713,1.1480000000000001,1.166,1.1533000000000002,1.1495000000000002,0.006812488532100393,0.042,0.043000000000000003,0.04225000000000001,0.042,0.0004330127018922198,32,8,2048,8192,128256,True,2656,1
0.092,0.096,0.09404761904761906,0.094,0.0010454523047666747,0.052000000000000005,0.054,0.05285000000000001,0.053,0.0007262919523166952,0.429,0.485,0.4425,0.435,0.019195051445620046,0.044,0.045,0.044550000000000006,0.045,0.0004974937185533104,0.31,0.36,0.32580000000000003,0.313,0.02006389792637512,0.052000000000000005,0.054,0.0534,0.053,0.0005830951894845297,2.036,2.082,2.0562,2.0445,0.017554486605993326,0.21,0.22,0.2152,0.215,0.0019899748742132416,1.1440000000000001,1.162,1.1524999999999999,1.1475,0.007116881339463184,0.041,0.042,0.04145000000000001,0.041,0.0004974937185533104,32,8,2048,8192,128256,True,2624,1
0.092,0.095,0.09314285714285715,0.093,0.0008329931278350436,0.052000000000000005,0.053,0.05220000000000001,0.052000000000000005,0.0003999999999999976,0.429,0.435,0.4316,0.4315,0.0017146428199482262,0.043000000000000003,0.044,0.04390000000000001,0.044,0.0002999999999999982,0.311,0.356,0.32964999999999994,0.3145,0.0200206768117364,0.052000000000000005,0.053,0.05245000000000001,0.052000000000000005,0.0004974937185533069,2.05,2.068,2.0578499999999997,2.058,0.0037050641020096265,0.21,0.217,0.21355,0.2135,0.001856744462762716,1.154,1.161,1.1576,1.157,0.0017146428199482197,0.04,0.042,0.04095000000000001,0.041,0.00038405728739343076,32,8,2048,8192,128256,True,2592,1
0.092,0.096,0.09390476190476191,0.094,0.0010647942749999007,0.051000000000000004,0.053,0.05245000000000001,0.053,0.0006689544080129801,0.364,0.375,0.3701,0.371,0.0031764760348537207,0.044,0.046,0.04490000000000001,0.045,0.00043588989435406776,0.252,0.259,0.25555,0.256,0.0020118399538730726,0.052000000000000005,0.054,0.052550000000000006,0.052500000000000005,0.000589491306127577,1.949,1.997,1.9749000000000003,1.9775,0.014366279963859824,0.203,0.209,0.20605,0.20600000000000002,0.0014991664350564936,0.93,0.9460000000000001,0.9403,0.9425000000000001,0.0048590122453025415,0.04,0.041,0.04055000000000001,0.041,0.0004974937185533104,32,8,2048,8192,128256,True,2560,1
0.091,0.094,0.09228571428571428,0.092,0.0010301575072754264,0.051000000000000004,0.053,0.05200000000000001,0.052000000000000005,0.0006324555320336743,0.361,0.372,0.36910000000000004,0.37,0.002930870177950572,0.043000000000000003,0.045,0.04410000000000001,0.044,0.0004358898943540669,0.25,0.258,0.25525000000000003,0.2555,0.0020217566619155744,0.051000000000000004,0.052000000000000005,0.051900000000000016,0.052000000000000005,0.00030000000000000024,1.924,1.976,1.9596,1.965,0.013425349157470748,0.202,0.20600000000000002,0.20420000000000002,0.20400000000000001,0.0012884098726725136,0.921,0.9490000000000001,0.9373999999999999,0.9405000000000001,0.007806407624509504,0.039,0.041,0.039900000000000005,0.04,0.00043588989435406776,32,8,2048,8192,128256,True,2528,1
0.09,0.094,0.09142857142857143,0.091,0.0011368891796488887,0.051000000000000004,0.053,0.05135000000000001,0.051000000000000004,0.0005722761571129793,0.364,0.376,0.3681,0.3665,0.00388458491991101,0.043000000000000003,0.045,0.04385000000000001,0.044,0.0004769696007084708,0.251,0.26,0.254,0.253,0.00268328157299975,0.051000000000000004,0.052000000000000005,0.05135000000000001,0.051000000000000004,0.00047696960070847325,1.943,1.994,1.9572999999999996,1.9475,0.018984467335166406,0.198,0.20400000000000001,0.20115,0.201,0.001589811309558466,0.93,0.9550000000000001,0.9377000000000002,0.9325000000000001,0.009482088377567473,0.039,0.04,0.03910000000000001,0.039,0.0003000000000000003,32,8,2048,8192,128256,True,2496,1
0.088,0.092,0.08980952380952381,0.09,0.0009571310115353236,0.05,0.051000000000000004,0.05050000000000001,0.0505,0.0005000000000000006,0.365,0.372,0.36819999999999997,0.3675,0.002400000000000002,0.043000000000000003,0.044,0.04310000000000001,0.043000000000000003,0.0002999999999999982,0.249,0.254,0.2513500000000001,0.251,0.0013518505834595788,0.05,0.051000000000000004,0.05080000000000001,0.051000000000000004,0.0004000000000000003,1.934,1.97,1.95045,1.9455,0.011599461194383133,0.195,0.201,0.19790000000000002,0.198,0.0017291616465790597,0.928,0.9460000000000001,0.9344000000000001,0.9315,0.00604483250388297,0.038,0.04,0.03880000000000001,0.039,0.000509901951359279,32,8,2048,8192,128256,True,2464,1
0.08700000000000001,0.091,0.08909523809523809,0.089,0.0010190921218586992,0.049,0.051000000000000004,0.05015000000000001,0.05,0.00047696960070847325,0.364,0.371,0.36665000000000003,0.365,0.00277983812478353,0.043000000000000003,0.044,0.043100000000000006,0.043000000000000003,0.0002999999999999982,0.253,0.258,0.2551,0.254,0.001670329308849008,0.049,0.051000000000000004,0.05025,0.05,0.0005361902647381809,1.9120000000000001,1.989,1.9501499999999996,1.955,0.02724568773218986,0.193,0.199,0.19605,0.1965,0.0018567444627627157,0.929,0.9440000000000001,0.9352500000000001,0.932,0.005760859310901461,0.038,0.04,0.03900000000000001,0.039,0.00044721359549995833,32,8,2048,8192,128256,True,2432,1
0.085,0.089,0.0871904761904762,0.08700000000000001,0.0010519391444940203,0.048,0.049,0.04890000000000001,0.049,0.00030000000000000024,0.36,0.365,0.36145,0.361,0.0011169153951844349,0.042,0.043000000000000003,0.04225000000000001,0.042,0.0004330127018922198,0.25,0.253,0.25155000000000005,0.251,0.00086458082328953,0.048,0.05,0.04885000000000001,0.049,0.0004769696007084732,1.8940000000000001,1.952,1.92535,1.934,0.018887231136405308,0.189,0.195,0.192,0.192,0.001843908891458579,0.917,0.928,0.921,0.921,0.0020493901531919213,0.037,0.04,0.038450000000000005,0.038,0.0006689544080129831,32,8,2048,8192,128256,True,2400,1
0.08600000000000001,0.089,0.08723809523809523,0.08700000000000001,0.0008109231602822049,0.049,0.05,0.04925000000000001,0.049,0.0004330127018922198,0.364,0.369,0.3658,0.3655,0.0012083045973594584,0.041,0.042,0.04180000000000001,0.042,0.00040000000000000034,0.252,0.255,0.2526999999999999,0.252,0.0009539392014169465,0.048,0.049,0.04895000000000001,0.049,0.00021794494717703385,1.922,1.981,1.9596500000000006,1.96,0.010868647569960137,0.187,0.193,0.18995,0.19,0.0013955285736952875,0.927,0.937,0.9297000000000001,0.929,0.0025317977802344345,0.037,0.039,0.03755000000000001,0.0375,0.0005894913061275802,32,8,2048,8192,128256,True,2368,1
0.084,0.088,0.08580952380952381,0.08600000000000001,0.0010056529562829937,0.047,0.049,0.047950000000000007,0.048,0.00038405728739343076,0.364,0.368,0.36515,0.365,0.001107925990308018,0.041,0.042,0.041400000000000006,0.041,0.000489897948556636,0.251,0.254,0.25190000000000007,0.252,0.0008306623862918082,0.048,0.049,0.04845000000000001,0.048,0.0004974937185533104,1.949,1.975,1.9577499999999997,1.9555,0.006840138887478824,0.185,0.19,0.18805,0.188,0.0014991664350564964,0.927,0.937,0.92995,0.929,0.002333988003396763,0.037,0.038,0.03710000000000001,0.037,0.0003000000000000003,32,8,2048,8192,128256,True,2336,1
0.083,0.085,0.08395238095238096,0.084,0.0007853534524986026,0.046,0.048,0.04700000000000001,0.047,0.00044721359549995833,0.355,0.363,0.35819999999999996,0.358,0.001964688270438852,0.04,0.042,0.04060000000000001,0.041,0.0005830951894845307,0.248,0.253,0.25020000000000003,0.25,0.0012884098726725138,0.047,0.048,0.04715000000000001,0.047,0.00035707142142714284,1.79,1.826,1.8065500000000003,1.806,0.010356036886763195,0.184,0.191,0.1871,0.187,0.0019467922333931804,0.908,0.92,0.9128500000000003,0.912,0.004114304315434145,0.035,0.037,0.03570000000000001,0.036000000000000004,0.0005567764362830018,32,8,2048,8192,128256,True,2304,1
0.082,0.084,0.08266666666666668,0.083,0.0007126966450997991,0.046,0.047,0.04650000000000001,0.0465,0.0005000000000000004,0.359,0.367,0.35985,0.359,0.001739971264130533,0.04,0.041,0.040150000000000005,0.04,0.0003570714214271428,0.25,0.256,0.2514,0.251,0.0012409673645990868,0.046,0.048,0.04665000000000001,0.047,0.0005722761571129803,1.809,1.856,1.8164000000000002,1.812,0.010734989520255726,0.182,0.19,0.1856,0.1855,0.0019339079605813735,0.916,0.934,0.9191,0.918,0.00491833305094318,0.035,0.036000000000000004,0.03525000000000001,0.035,0.0004330127018922198,32,8,2048,8192,128256,True,2272,1
0.081,0.084,0.08247619047619048,0.082,0.0007939681905015754,0.046,0.047,0.04610000000000001,0.046,0.0003000000000000003,0.361,0.366,0.36369999999999997,0.363,0.0014177446878757838,0.039,0.04,0.03985000000000001,0.04,0.00035707142142714284,0.251,0.254,0.25225,0.252,0.0007664854858377953,0.046,0.047,0.046250000000000006,0.046,0.0004330127018922198,1.824,1.837,1.83055,1.8315000000000001,0.003734635189680516,0.179,0.184,0.18234999999999998,0.1825,0.001388344337691483,0.924,0.929,0.9264000000000001,0.926,0.0012409673645990868,0.034,0.035,0.03465000000000001,0.035,0.0004769696007084733,32,8,2048,8192,128256,True,2240,1
0.08,0.083,0.08104761904761906,0.081,0.0007853534524986026,0.045,0.046,0.04515000000000001,0.045,0.0003570714214271428,0.357,0.362,0.36,0.361,0.0013784048752090235,0.038,0.04,0.03910000000000001,0.039,0.00043588989435406776,0.246,0.251,0.24815,0.248,0.0011079259903080177,0.045,0.046,0.04530000000000001,0.045,0.0004582575694955844,1.806,1.824,1.8166999999999998,1.818,0.005216320542298009,0.176,0.182,0.17919999999999997,0.179,0.0017492855684535919,0.914,0.921,0.9178499999999999,0.9185000000000001,0.0024140215409146643,0.034,0.035,0.03415000000000001,0.034,0.00035707142142714284,32,8,2048,8192,128256,True,2208,1
0.078,0.081,0.07919047619047619,0.079,0.0009060141709733554,0.044,0.045,0.04485000000000001,0.045,0.0003570714214271428,0.369,0.375,0.37260000000000004,0.373,0.001714642819948226,0.038,0.039,0.03835000000000001,0.038,0.0004769696007084732,0.247,0.249,0.24735000000000001,0.247,0.0005722761571129803,0.044,0.046,0.044800000000000006,0.045,0.000509901951359279,1.681,1.692,1.6868000000000003,1.6865,0.002749545416973487,0.177,0.184,0.17944999999999997,0.179,0.0016271140095272996,0.922,0.929,0.9256,0.9255,0.0018814887722226796,0.034,0.036000000000000004,0.03445000000000001,0.034,0.0005894913061275802,32,8,2048,8192,128256,True,2176,1
0.077,0.08,0.07819047619047621,0.078,0.0007939681905015752,0.044,0.045,0.04410000000000001,0.044,0.0003000000000000003,0.368,0.373,0.37015000000000003,0.37,0.0011521718621802922,0.038,0.039,0.038200000000000005,0.038,0.0004000000000000003,0.251,0.253,0.25204999999999994,0.252,0.0003840572873934308,0.043000000000000003,0.045,0.044050000000000006,0.044,0.0003840572873934298,1.683,1.695,1.6898,1.69,0.0028565713714171336,0.17500000000000002,0.18,0.17695,0.176,0.0015960889699512331,0.916,0.921,0.91905,0.919,0.0012835497652993447,0.033,0.034,0.03320000000000001,0.033,0.0004000000000000003,32,8,2048,8192,128256,True,2144,1
0.076,0.079,0.07771428571428572,0.078,0.0008247860988423233,0.043000000000000003,0.044,0.043800000000000006,0.044,0.00039999999999999763,0.355,0.362,0.35964999999999997,0.36,0.001525614630239237,0.037,0.038,0.03735000000000001,0.037,0.0004769696007084732,0.247,0.251,0.24975,0.25,0.0010428326807307116,0.043000000000000003,0.044,0.043800000000000006,0.044,0.0003999999999999976,1.67,1.699,1.6928500000000004,1.6955,0.00698766770818421,0.17200000000000001,0.178,0.17395,0.17400000000000002,0.0013955285736952816,0.904,0.92,0.91605,0.917,0.003747999466382036,0.032,0.033,0.032600000000000004,0.033,0.0004898979485566361,32,8,2048,8192,128256,True,2112,1
0.076,0.079,0.07709523809523809,0.077,0.0009209085526577968,0.042,0.044,0.0432,0.043000000000000003,0.0005099019513592763,0.354,0.363,0.3607,0.361,0.0017349351572897489,0.036000000000000004,0.038,0.03700000000000001,0.037,0.0003162277660168371,0.246,0.252,0.25045,0.251,0.0012835497652993449,0.042,0.044,0.043100000000000006,0.043000000000000003,0.00043588989435406565,1.663,1.708,1.6978000000000002,1.699,0.008417838202293975,0.168,0.17400000000000002,0.1715,0.171,0.0013964240043768954,0.911,0.921,0.91835,0.919,0.002174281490515892,0.032,0.033,0.03225000000000001,0.032,0.0004330127018922198,32,8,2048,8192,128256,True,2080,1
0.074,0.077,0.07519047619047618,0.075,0.0007315376902732014,0.042,0.043000000000000003,0.04230000000000001,0.042,0.0004582575694955844,0.315,0.364,0.35324999999999995,0.3595,0.015996483988677004,0.036000000000000004,0.037,0.03640000000000001,0.036000000000000004,0.0004898979485566326,0.23900000000000002,0.241,0.2399,0.24,0.0006244997998398305,0.042,0.043000000000000003,0.04220000000000001,0.042,0.0004000000000000003,1.558,1.57,1.56365,1.564,0.0028683619018526983,0.162,0.167,0.16425,0.164,0.0014097872179871696,0.835,0.838,0.8368499999999998,0.837,0.0008529361054615998,0.033,0.035,0.03380000000000001,0.034,0.0007483314773547889,32,8,2048,8192,128256,True,2048,1
0.074,0.077,0.07471428571428572,0.075,0.0007648751621051916,0.042,0.042,0.04200000000000001,0.042,6.938893903907228e-18,0.313,0.361,0.33459999999999995,0.3155,0.022305604676851953,0.035,0.037,0.03610000000000001,0.036000000000000004,0.0004358898943540656,0.23800000000000002,0.24,0.23915000000000003,0.23900000000000002,0.0007262919523166869,0.041,0.043000000000000003,0.04205000000000001,0.042,0.00038405728739343076,1.548,1.565,1.55835,1.5585,0.004871088174114662,0.162,0.167,0.16415000000000002,0.164,0.0013518505834595788,0.8320000000000001,0.837,0.8349,0.8354999999999999,0.0017860571099491407,0.033,0.035,0.033650000000000006,0.034,0.0005722761571129804,32,8,2048,8192,128256,True,2048,1
0.073,0.075,0.07447619047619047,0.075,0.0005870870479018079,0.041,0.044,0.04215000000000001,0.042,0.0005722761571129792,0.313,0.365,0.3328,0.3185,0.022146331524656622,0.035,0.037,0.03610000000000001,0.036000000000000004,0.00043588989435406565,0.23800000000000002,0.243,0.24169999999999994,0.242,0.0011874342087037884,0.042,0.043000000000000003,0.04240000000000001,0.042,0.000489897948556636,1.568,1.583,1.5737500000000002,1.5735000000000001,0.003948100809249932,0.16,0.166,0.1637,0.164,0.0014177446878757838,0.839,0.848,0.8426499999999999,0.843,0.0022643983748448526,0.033,0.035,0.033600000000000005,0.034,0.0005830951894845307,32,8,2048,8192,128256,True,2032,1
0.07200000000000001,0.075,0.07352380952380952,0.073,0.0009060141709733533,0.041,0.042,0.04180000000000001,0.042,0.00040000000000000034,0.312,0.361,0.34754999999999997,0.359,0.019650636122019047,0.035,0.036000000000000004,0.03575000000000001,0.036000000000000004,0.0004330127018922197,0.23900000000000002,0.241,0.24015000000000003,0.24,0.0005722761571129748,0.042,0.043000000000000003,0.04220000000000001,0.042,0.00040000000000000034,1.555,1.568,1.56065,1.5605,0.0029878922336657393,0.157,0.165,0.16155,0.162,0.0017457090250096105,0.8320000000000001,0.838,0.8350500000000001,0.835,0.0017168284713389313,0.033,0.034,0.033150000000000006,0.033,0.00035707142142714284,32,8,2048,8192,128256,True,2016,1
0.07200000000000001,0.074,0.0730952380952381,0.073,0.000683461909257488,0.041,0.042,0.041650000000000006,0.042,0.00047696960070847325,0.31,0.363,0.33840000000000003,0.3565,0.022742910983425135,0.035,0.036000000000000004,0.03530000000000001,0.035,0.0004582575694955844,0.23700000000000002,0.242,0.24014999999999995,0.24,0.0009630680142129059,0.041,0.042,0.04155000000000001,0.042,0.0004974937185533104,1.549,1.564,1.55985,1.561,0.0036779749863206,0.157,0.164,0.1607,0.161,0.0014866068747318517,0.8290000000000001,0.834,0.8319500000000002,0.8320000000000001,0.001160818676624351,0.032,0.034,0.032850000000000004,0.033,0.0004769696007084733,32,8,2048,8192,128256,True,2000,1
0.07100000000000001,0.073,0.07190476190476192,0.07200000000000001,0.0007499055118106445,0.04,0.042,0.040900000000000006,0.041,0.0005385164807134509,0.31,0.36,0.33904999999999996,0.352,0.020553527677749137,0.034,0.036000000000000004,0.03505000000000001,0.035,0.0004974937185533105,0.23500000000000001,0.24,0.2378,0.23900000000000002,0.002135415650406254,0.04,0.042,0.04095000000000001,0.041,0.00038405728739343076,1.528,1.561,1.54595,1.554,0.012788569114642916,0.157,0.161,0.15925000000000003,0.1595,0.001219631091765048,0.8140000000000001,0.8310000000000001,0.8237000000000002,0.8280000000000001,0.006686553671361659,0.032,0.033,0.03255000000000001,0.033,0.0004974937185533104,32,8,2048,8192,128256,True,1984,1
0.07100000000000001,0.075,0.07185714285714287,0.07200000000000001,0.0010367400503370075,0.04,0.041,0.04070000000000001,0.041,0.00045825756949558437,0.307,0.359,0.34869999999999995,0.3555,0.017155465601376135,0.034,0.035,0.03475000000000001,0.035,0.0004330127018922197,0.23700000000000002,0.241,0.23810000000000006,0.23800000000000002,0.0008306623862918033,0.04,0.041,0.04060000000000001,0.041,0.000489897948556636,1.543,1.563,1.5471,1.5465,0.004264973622427227,0.156,0.161,0.15805,0.158,0.0014654350889752856,0.8200000000000001,0.8260000000000001,0.82165,0.8210000000000001,0.001314343942809493,0.032,0.033,0.032400000000000005,0.032,0.000489897948556636,32,8,2048,8192,128256,True,1968,1
0.07,0.07200000000000001,0.07104761904761905,0.07100000000000001,0.000722178613719196,0.039,0.041,0.040150000000000005,0.04,0.00047696960070847325,0.309,0.364,0.35355,0.355,0.010651173644251602,0.034,0.036000000000000004,0.03470000000000001,0.035,0.0005567764362830027,0.23700000000000002,0.243,0.23845000000000005,0.23800000000000002,0.0018834808201837285,0.04,0.041,0.040400000000000005,0.04,0.000489897948556636,1.54,1.575,1.5493999999999999,1.5455,0.011146299834474228,0.154,0.159,0.15744999999999998,0.158,0.0013955285736952877,0.8180000000000001,0.8320000000000001,0.8222000000000002,0.8200000000000001,0.004556314299957811,0.032,0.034,0.03250000000000001,0.032,0.0005916079783099622,32,8,2048,8192,128256,True,1952,1
0.069,0.07200000000000001,0.07095238095238095,0.07100000000000001,0.0006529194857524811,0.04,0.041,0.04010000000000001,0.04,0.0003000000000000003,0.354,0.36,0.3571000000000001,0.357,0.001670329308849008,0.034,0.035,0.03425000000000001,0.034,0.0004330127018922198,0.23800000000000002,0.241,0.23890000000000006,0.23900000000000002,0.0008306623862917992,0.039,0.041,0.04005000000000001,0.04,0.00038405728739343076,1.543,1.563,1.5545000000000002,1.5565,0.005962382074305524,0.153,0.158,0.15560000000000002,0.156,0.0015620499351813321,0.8170000000000001,0.8240000000000001,0.821,0.8220000000000001,0.002280350850198278,0.031,0.033,0.03225000000000001,0.032,0.0005361902647381809,32,8,2048,8192,128256,True,1936,1
0.07,0.074,0.07190476190476192,0.07200000000000001,0.0010647942749998955,0.039,0.041,0.04000000000000001,0.04,0.0003162277660168382,0.318,0.326,0.32225,0.3225,0.0019716744153130375,0.033,0.034,0.03380000000000001,0.034,0.00040000000000000034,0.23800000000000002,0.245,0.24160000000000004,0.2415,0.0019078784028338867,0.04,0.041,0.04010000000000001,0.04,0.0003000000000000003,1.448,1.494,1.4735999999999998,1.475,0.012175385004179563,0.153,0.158,0.15564999999999998,0.155,0.0012359207094308285,0.6990000000000001,0.714,0.7074,0.7064999999999999,0.004532107677449841,0.03,0.031,0.030150000000000003,0.03,0.00035707142142714284,32,8,2048,8192,128256,True,1920,1
0.07,0.074,0.07090476190476191,0.07100000000000001,0.0009209085526577946,0.039,0.04,0.03960000000000001,0.04,0.0004898979485566361,0.319,0.325,0.32075000000000004,0.32,0.0013738631664034098,0.033,0.034,0.03345000000000001,0.033,0.0004974937185533104,0.24,0.244,0.24114999999999998,0.241,0.0011947803145348531,0.039,0.04,0.039900000000000005,0.04,0.0003000000000000003,1.461,1.487,1.4711500000000002,1.4695,0.007302568041449531,0.153,0.159,0.15489999999999998,0.1545,0.0015132745950421568,0.705,0.714,0.70855,0.708,0.0020609463845524967,0.029,0.031,0.030000000000000006,0.03,0.00031622776601683767,32,8,2048,8192,128256,True,1904,1
0.07,0.073,0.07142857142857142,0.07100000000000001,0.0008491692619108069,0.039,0.04,0.03975000000000001,0.04,0.0004330127018922197,0.32,0.364,0.3241,0.322,0.009208148565265438,0.032,0.034,0.03320000000000001,0.033,0.0005099019513592789,0.24,0.244,0.24219999999999997,0.242,0.0010770329614269018,0.039,0.041,0.03980000000000001,0.04,0.000509901951359279,1.476,1.497,1.4843499999999998,1.483,0.005867495206644849,0.15,0.156,0.15275,0.153,0.0014097872179871698,0.71,0.716,0.7124999999999999,0.712,0.0017748239349298864,0.029,0.03,0.029350000000000005,0.029,0.0004769696007084717,32,8,2048,8192,128256,True,1888,1
0.068,0.07100000000000001,0.06961904761904764,0.07,0.0007853534524986027,0.039,0.04,0.03930000000000001,0.039,0.0004582575694955844,0.313,0.368,0.32284999999999997,0.3175,0.015176544402465268,0.032,0.033,0.03275000000000001,0.033,0.0004330127018922197,0.23700000000000002,0.242,0.23975,0.2395,0.0016085707942145302,0.039,0.04,0.039450000000000006,0.039,0.0004974937185533104,1.452,1.484,1.4665000000000001,1.4615,0.009713392816107072,0.149,0.154,0.15135,0.151,0.0013143439428094927,0.7010000000000001,0.713,0.70705,0.7064999999999999,0.0035563323804166276,0.029,0.03,0.029150000000000002,0.029,0.0003570714214271416,32,8,2048,8192,128256,True,1872,1
0.068,0.07200000000000001,0.06976190476190476,0.07,0.0009712418121129123,0.039,0.04,0.03910000000000001,0.039,0.0003000000000000003,0.316,0.365,0.32270000000000004,0.3175,0.013882002737357456,0.032,0.033,0.03245000000000001,0.032,0.0004974937185533104,0.23800000000000002,0.244,0.2404,0.2395,0.002034698994937571,0.039,0.04,0.03925000000000001,0.039,0.0004330127018922198,1.456,1.484,1.4667,1.4625,0.009955400544428138,0.148,0.156,0.15055,0.15,0.0017457090250096105,0.7030000000000001,0.716,0.7083999999999999,0.707,0.004662617290749898,0.028,0.03,0.029050000000000003,0.029,0.0003840572873934299,32,8,2048,8192,128256,True,1856,1
0.068,0.07,0.0690952380952381,0.069,0.0006098213559459861,0.039,0.04,0.039150000000000004,0.039,0.00035707142142714284,0.315,0.369,0.32500000000000007,0.318,0.017840964099509866,0.032,0.033,0.03225000000000001,0.032,0.0004330127018922198,0.23800000000000002,0.242,0.24075000000000002,0.241,0.0011346805717910153,0.038,0.04,0.03930000000000001,0.039,0.0005567764362830027,1.459,1.482,1.4726,1.4735,0.006296030495478857,0.146,0.151,0.14874999999999997,0.149,0.0015451537140362458,0.7030000000000001,0.715,0.7097999999999999,0.711,0.0035860842154082145,0.029,0.029,0.029000000000000005,0.029,3.469446951953614e-18,32,8,2048,8192,128256,True,1840,1
0.067,0.07,0.06857142857142857,0.069,0.0008491692619108106,0.038,0.039,0.038650000000000004,0.039,0.0004769696007084733,0.31,0.367,0.3298,0.319,0.020999047597450696,0.031,0.033,0.03200000000000001,0.032,0.0003162277660168382,0.23800000000000002,0.244,0.24320000000000003,0.243,0.001288409872672508,0.038,0.039,0.038900000000000004,0.039,0.0003000000000000003,1.437,1.475,1.46795,1.469,0.007761926307302844,0.145,0.149,0.14734999999999998,0.147,0.0013883443376914834,0.705,0.709,0.7065,0.7064999999999999,0.001161895003862226,0.028,0.029,0.0284,0.028,0.0004898979485566361,32,8,2048,8192,128256,True,1824,1
0.066,0.07,0.06752380952380953,0.068,0.0008518354199999207,0.037,0.038,0.03785000000000001,0.038,0.00035707142142714284,0.31,0.364,0.3263499999999999,0.313,0.022630234201174316,0.031,0.032,0.03175000000000001,0.032,0.0004330127018922197,0.23800000000000002,0.242,0.23979999999999996,0.24,0.001122497216032172,0.038,0.039,0.03810000000000001,0.038,0.0003000000000000003,1.435,1.45,1.44375,1.4425,0.004887484015319121,0.145,0.15,0.14734999999999998,0.147,0.0012359207094308285,0.6880000000000001,0.7010000000000001,0.6938000000000001,0.6935,0.002942787793912435,0.028,0.029,0.028350000000000004,0.028,0.0004769696007084732,32,8,2048,8192,128256,True,1808,1
0.064,0.069,0.06652380952380954,0.067,0.0009060141709733557,0.037,0.038,0.037250000000000005,0.037,0.0004330127018922198,0.313,0.317,0.31500000000000006,0.315,0.001140175425099139,0.031,0.033,0.031950000000000006,0.032,0.0004974937185533105,0.23500000000000001,0.242,0.2375,0.23700000000000002,0.0015968719422671264,0.037,0.038,0.037750000000000006,0.038,0.0004330127018922197,1.403,1.46,1.4375499999999999,1.4465,0.020006186543167097,0.14300000000000002,0.148,0.14505,0.145,0.0013955285736952773,0.6970000000000001,0.705,0.6999000000000002,0.6990000000000001,0.002188606862823908,0.028,0.029,0.028100000000000003,0.028,0.00030000000000000024,32,8,2048,8192,128256,True,1792,1
0.065,0.068,0.06642857142857143,0.067,0.0007911070345636268,0.037,0.038,0.03705000000000001,0.037,0.00021794494717703385,0.312,0.315,0.31310000000000004,0.313,0.0007681145747868614,0.031,0.032,0.03175000000000001,0.032,0.00043301270189221973,0.234,0.23900000000000002,0.23620000000000005,0.23650000000000002,0.001166190378969061,0.036000000000000004,0.038,0.03700000000000001,0.037,0.0003162277660168371,1.403,1.452,1.4276499999999999,1.427,0.0202910694641756,0.14200000000000002,0.147,0.14425,0.14400000000000002,0.0012599603168354059,0.6950000000000001,0.7010000000000001,0.6986000000000001,0.6990000000000001,0.0014282856857085711,0.027,0.028,0.0279,0.028,0.0003000000000000003,32,8,2048,8192,128256,True,1776,1
0.063,0.067,0.06519047619047619,0.065,0.0009060141709733554,0.036000000000000004,0.038,0.03685000000000001,0.037,0.0004769696007084708,0.311,0.314,0.31179999999999997,0.312,0.0008124038404635968,0.031,0.032,0.031400000000000004,0.031,0.000489897948556636,0.233,0.23800000000000002,0.23540000000000005,0.23550000000000001,0.0012000000000000012,0.036000000000000004,0.037,0.03655000000000001,0.037,0.0004974937185533069,1.4000000000000001,1.449,1.4291500000000001,1.4405000000000001,0.01914229610052039,0.14,0.146,0.14240000000000003,0.14200000000000002,0.0013928388277184096,0.6950000000000001,0.6980000000000001,0.69715,0.6970000000000001,0.0008529361054615998,0.027,0.028,0.027800000000000002,0.028,0.00040000000000000034,32,8,2048,8192,128256,True,1760,1
0.063,0.066,0.06523809523809525,0.065,0.0007499055118106492,0.036000000000000004,0.037,0.03660000000000001,0.037,0.0004898979485566326,0.307,0.314,0.3111999999999999,0.311,0.0015684387141358135,0.031,0.032,0.031100000000000006,0.031,0.00030000000000000024,0.232,0.23700000000000002,0.23510000000000003,0.23500000000000001,0.0011789826122551607,0.036000000000000004,0.037,0.03650000000000001,0.036500000000000005,0.000499999999999997,1.407,1.452,1.4387500000000002,1.4465,0.014825231870024852,0.137,0.14300000000000002,0.14005000000000004,0.14,0.001243985530462474,0.6880000000000001,0.706,0.6984,0.6980000000000001,0.0033674916480965285,0.027,0.028,0.027450000000000002,0.027,0.0004974937185533104,32,8,2048,8192,128256,True,1744,1
0.063,0.068,0.06490476190476191,0.065,0.0011507662831994842,0.035,0.037,0.03610000000000001,0.036000000000000004,0.0004358898943540656,0.306,0.311,0.3086,0.309,0.0010198039027185578,0.03,0.032,0.030950000000000005,0.031,0.0005894913061275804,0.229,0.23600000000000002,0.23355,0.234,0.0014309088021254197,0.035,0.037,0.03615000000000001,0.036000000000000004,0.00047696960070847075,1.3880000000000001,1.453,1.4345499999999998,1.437,0.012167477141955091,0.137,0.14200000000000002,0.13904999999999998,0.139,0.001243985530462474,0.686,0.7010000000000001,0.6941,0.6940000000000001,0.003096772513440407,0.027,0.028,0.027100000000000003,0.027,0.00030000000000000024,32,8,2048,8192,128256,True,1728,1
0.062,0.066,0.06342857142857142,0.063,0.0010497813183356487,0.035,0.036000000000000004,0.03575000000000001,0.036000000000000004,0.00043301270189221973,0.303,0.31,0.30665000000000003,0.308,0.00259374246986859,0.03,0.031,0.030850000000000006,0.031,0.0003570714214271428,0.23500000000000001,0.242,0.23760000000000003,0.23850000000000002,0.0022226110770892826,0.035,0.036000000000000004,0.03595000000000001,0.036000000000000004,0.00021794494717703385,1.403,1.444,1.4269000000000003,1.4235,0.012883710645617604,0.136,0.14,0.1379,0.138,0.0010908712114635725,0.676,0.6940000000000001,0.6851,0.6875,0.006479969135728973,0.026000000000000002,0.027,0.026900000000000007,0.027,0.0002999999999999992,32,8,2048,8192,128256,True,1712,1
0.062,0.064,0.06314285714285714,0.063,0.0007737179432986635,0.035,0.036000000000000004,0.03550000000000001,0.035500000000000004,0.0005000000000000004,0.305,0.359,0.30955000000000005,0.307,0.011403837073546778,0.03,0.031,0.030250000000000006,0.03,0.0004330127018922198,0.23600000000000002,0.241,0.23785000000000003,0.23750000000000002,0.0011521718621802885,0.035,0.036000000000000004,0.03590000000000001,0.036000000000000004,0.0003000000000000003,1.428,1.437,1.4319000000000002,1.432,0.0022338307903688715,0.135,0.14,0.1372,0.137,0.0015033296378372924,0.685,0.6910000000000001,0.6869500000000001,0.687,0.00132193040664023,0.026000000000000002,0.027,0.026750000000000006,0.027,0.00043301270189221816,32,8,2048,8192,128256,True,1696,1
0.06,0.064,0.06204761904761905,0.062,0.0009499970163457153,0.035,0.036000000000000004,0.03505000000000001,0.035,0.00021794494717703385,0.301,0.34900000000000003,0.30565000000000003,0.303,0.010046267963776409,0.03,0.031,0.030050000000000004,0.03,0.00021794494717703388,0.234,0.23700000000000002,0.23500000000000004,0.23500000000000001,0.0008944271909999167,0.035,0.036000000000000004,0.03545000000000001,0.035,0.0004974937185533104,1.407,1.421,1.41495,1.4155,0.003169779172119089,0.132,0.139,0.13555,0.1355,0.0017457090250096105,0.675,0.682,0.6776000000000001,0.6775,0.0019849433241279227,0.026000000000000002,0.027,0.026450000000000008,0.026000000000000002,0.0004974937185533088,32,8,2048,8192,128256,True,1680,1
0.06,0.063,0.062,0.062,0.0008728715609439703,0.035,0.036000000000000004,0.03525000000000001,0.035,0.00043301270189221973,0.23900000000000002,0.246,0.24235,0.242,0.0021742814905158854,0.029,0.03,0.029550000000000003,0.03,0.0004974937185533088,0.202,0.20800000000000002,0.2045,0.20450000000000002,0.0018303005217723144,0.035,0.036000000000000004,0.03545000000000001,0.035,0.0004974937185533104,1.3,1.33,1.31805,1.3175,0.009820768809008801,0.135,0.14,0.13745000000000002,0.137,0.0013592277219068197,0.666,0.681,0.67415,0.6755,0.004574658457196563,0.027,0.028,0.02705,0.027,0.00021794494717703388,32,8,2048,8192,128256,True,1664,1
0.06,0.063,0.061285714285714284,0.061,0.0008247860988423232,0.035,0.036000000000000004,0.03515000000000001,0.035,0.00035707142142714284,0.241,0.244,0.24194999999999994,0.242,0.0007399324293474378,0.029,0.03,0.029450000000000004,0.029,0.0004974937185533087,0.201,0.20500000000000002,0.20340000000000003,0.203,0.001019803902718558,0.035,0.036000000000000004,0.035100000000000006,0.035,0.00030000000000000024,1.317,1.329,1.3215,1.3215,0.0029410882339705536,0.131,0.138,0.13565,0.136,0.001620956507744734,0.672,0.677,0.6739500000000002,0.674,0.0013219304066402298,0.026000000000000002,0.027,0.026850000000000006,0.027,0.0003570714214271416,32,8,2048,8192,128256,True,1648,1
0.059000000000000004,0.062,0.06019047619047618,0.06,0.0009571310115353214,0.034,0.035,0.03445000000000001,0.034,0.0004974937185533104,0.241,0.243,0.24144999999999994,0.241,0.0005894913061275802,0.028,0.03,0.029000000000000005,0.029,0.00031622776601683767,0.2,0.20500000000000002,0.20325000000000001,0.203,0.0012599603168354165,0.034,0.035,0.034600000000000006,0.035,0.0004898979485566361,1.313,1.322,1.3172,1.317,0.0021354156504062682,0.132,0.137,0.13384999999999997,0.1335,0.001388344337691483,0.668,0.676,0.67195,0.6715,0.0022688102609076874,0.026000000000000002,0.027,0.026350000000000005,0.026000000000000002,0.0004769696007084715,32,8,2048,8192,128256,True,1632,1
0.058,0.062,0.05995238095238096,0.06,0.0010454523047666719,0.033,0.035,0.03395000000000001,0.034,0.0005894913061275802,0.23800000000000002,0.242,0.23979999999999996,0.2405,0.001399999999999988,0.028,0.029,0.028550000000000002,0.029,0.0004974937185533105,0.199,0.203,0.20129999999999998,0.2015,0.001187434208703793,0.033,0.034,0.03375000000000001,0.034,0.0004330127018922197,1.296,1.317,1.3065,1.307,0.0067712628068920715,0.131,0.135,0.13325,0.1335,0.001219631091765048,0.66,0.672,0.6667000000000001,0.668,0.003874274125562107,0.026000000000000002,0.027,0.026150000000000007,0.026000000000000002,0.0003570714214271416,32,8,2048,8192,128256,True,1616,1
0.058,0.061,0.05928571428571428,0.059000000000000004,0.0007648751621051888,0.033,0.035,0.03370000000000001,0.034,0.0006403124237432854,0.23800000000000002,0.245,0.24105,0.24,0.0022242976419535134,0.028,0.03,0.028650000000000002,0.029,0.00057227615711298,0.199,0.20500000000000002,0.2016,0.2015,0.0015297058540778368,0.033,0.035,0.033850000000000005,0.034,0.0004769696007084733,1.301,1.332,1.3146499999999999,1.308,0.011824867863955193,0.13,0.135,0.13285000000000002,0.133,0.0014924811556599315,0.661,0.677,0.6689,0.666,0.005682429058070154,0.025,0.027,0.026000000000000006,0.026000000000000002,0.00031622776601683767,32,8,2048,8192,128256,True,1600,1
0.057,0.06,0.05890476190476189,0.059000000000000004,0.0005259695722470123,0.033,0.034,0.033400000000000006,0.033,0.000489897948556636,0.24,0.243,0.2413,0.241,0.0007810249675906662,0.028,0.029,0.028500000000000004,0.0285,0.0005000000000000004,0.2,0.203,0.20139999999999997,0.201,0.0008000000000000007,0.033,0.034,0.033350000000000005,0.033,0.00047696960070847314,1.311,1.325,1.3173000000000001,1.318,0.0028827070610799323,0.127,0.132,0.13015000000000004,0.1305,0.0014585952145814835,0.667,0.676,0.6701,0.67,0.0021424285285628567,0.025,0.026000000000000002,0.025900000000000006,0.026000000000000002,0.0003000000000000003,32,8,2048,8192,128256,True,1584,1
0.056,0.06,0.05804761904761904,0.058,0.0009499970163457146,0.032,0.034,0.032650000000000005,0.033,0.0005722761571129804,0.23500000000000001,0.243,0.23760000000000003,0.23750000000000002,0.002374868417407578,0.027,0.028,0.027850000000000003,0.028,0.00035707142142714284,0.195,0.2,0.19795000000000001,0.198,0.0014991664350564964,0.032,0.033,0.03255000000000001,0.033,0.0004974937185533104,1.282,1.321,1.2956999999999999,1.2955,0.010015488006083356,0.127,0.132,0.12889999999999996,0.128,0.0013747727084867532,0.651,0.669,0.658,0.659,0.005186520991955981,0.025,0.026000000000000002,0.025350000000000004,0.025,0.00047696960070847314,32,8,2048,8192,128256,True,1568,1
0.056,0.058,0.05695238095238095,0.057,0.0004856209060564562,0.032,0.033,0.03255000000000001,0.033,0.0004974937185533104,0.23600000000000002,0.242,0.23805000000000004,0.23800000000000002,0.0012031209415515906,0.027,0.028,0.02765,0.028,0.0004769696007084733,0.196,0.2,0.19860000000000005,0.198,0.0011135528725660054,0.032,0.033,0.03245000000000001,0.032,0.0004974937185533104,1.293,1.316,1.2991,1.299,0.0057956880523368625,0.126,0.131,0.12809999999999996,0.128,0.0014798648586948754,0.656,0.664,0.6594000000000001,0.659,0.0029732137494637035,0.024,0.026000000000000002,0.025100000000000004,0.025,0.0004358898943540678,32,8,2048,8192,128256,True,1552,1
0.055,0.058,0.05666666666666668,0.057,0.0006424160744396216,0.032,0.033,0.032200000000000006,0.032,0.0004000000000000003,0.23700000000000002,0.24,0.23800000000000004,0.23800000000000002,0.0008366600265340729,0.027,0.028,0.0274,0.027,0.0004898979485566361,0.196,0.198,0.19720000000000001,0.197,0.0006000000000000005,0.032,0.033,0.03230000000000001,0.032,0.0004582575694955844,1.181,1.195,1.1876000000000002,1.187,0.0033226495451672373,0.122,0.126,0.12384999999999999,0.124,0.0011079259903080177,0.665,0.671,0.6671500000000001,0.667,0.0018781639970992965,0.025,0.027,0.026050000000000007,0.026000000000000002,0.0003840572873934299,32,8,2048,8192,128256,True,1536,1
0.055,0.057,0.05604761904761905,0.056,0.000575383141599742,0.031,0.033,0.031950000000000006,0.032,0.0004974937185533105,0.234,0.23800000000000002,0.23545000000000002,0.23500000000000001,0.0011169153951844349,0.027,0.028,0.02705,0.027,0.0002179449471770339,0.194,0.199,0.19575000000000004,0.196,0.0010897247358851692,0.032,0.033,0.032100000000000004,0.032,0.00030000000000000024,1.171,1.187,1.17585,1.175,0.0037983549070617563,0.12,0.126,0.12345000000000002,0.1235,0.0013955285736952875,0.654,0.665,0.6582,0.658,0.002638181191654586,0.025,0.027,0.025700000000000008,0.026000000000000002,0.0006403124237432847,32,8,2048,8192,128256,True,1520,1
0.055,0.057,0.05547619047619048,0.055,0.0005870870479018079,0.03,0.033,0.03185,0.032,0.0006538348415311016,0.231,0.23800000000000002,0.23685000000000006,0.23700000000000002,0.0018513508581573634,0.026000000000000002,0.027,0.026800000000000008,0.027,0.00039999999999999893,0.192,0.199,0.19619999999999999,0.196,0.0014696938456699082,0.031,0.033,0.03200000000000001,0.032,0.00044721359549995833,1.159,1.189,1.1818499999999998,1.1825,0.006310903263400568,0.11900000000000001,0.124,0.1216,0.1215,0.00142828568570857,0.647,0.663,0.65935,0.66,0.0031188940347501412,0.025,0.026000000000000002,0.025050000000000006,0.025,0.00021794494717703388,32,8,2048,8192,128256,True,1504,1
0.054,0.057,0.05495238095238096,0.055,0.0007853534524986027,0.031,0.032,0.031400000000000004,0.031,0.000489897948556636,0.234,0.23800000000000002,0.23565000000000005,0.23600000000000002,0.0008529361054615998,0.026000000000000002,0.028,0.026450000000000008,0.026000000000000002,0.0005894913061275787,0.194,0.197,0.1951,0.195,0.0008306623862918082,0.031,0.032,0.031450000000000006,0.031,0.0004974937185533104,1.17,1.199,1.1766,1.175,0.006256196927846837,0.11800000000000001,0.124,0.1206,0.121,0.0013190905958272892,0.653,0.663,0.6556,0.655,0.0020099751242241798,0.024,0.026000000000000002,0.024800000000000006,0.025,0.000509901951359279,32,8,2048,8192,128256,True,1488,1
0.053,0.055,0.05395238095238095,0.054,0.000652919485752481,0.031,0.032,0.031150000000000004,0.031,0.00035707142142714284,0.234,0.23900000000000002,0.23650000000000002,0.23600000000000002,0.0016583123951777012,0.026000000000000002,0.027,0.026150000000000007,0.026000000000000002,0.0003570714214271416,0.193,0.198,0.195,0.195,0.0012247448713915902,0.031,0.032,0.031150000000000004,0.031,0.00035707142142714284,1.169,1.19,1.1791000000000003,1.175,0.007796794213008331,0.11800000000000001,0.122,0.11950000000000001,0.1195,0.001072380529476356,0.649,0.663,0.65535,0.653,0.004682680856090882,0.024,0.025,0.024550000000000006,0.025,0.0004974937185533105,32,8,2048,8192,128256,True,1472,1
0.052000000000000005,0.056,0.053809523809523814,0.054,0.000957131011535323,0.03,0.031,0.030700000000000005,0.031,0.0004582575694955844,0.234,0.23900000000000002,0.23590000000000005,0.23550000000000001,0.0011789826122551605,0.025,0.027,0.026150000000000007,0.026000000000000002,0.00047696960070847205,0.193,0.196,0.19475,0.195,0.0008874119674649432,0.03,0.032,0.030700000000000005,0.031,0.0005567764362830027,1.171,1.183,1.17705,1.175,0.0042008927622590045,0.117,0.121,0.11860000000000004,0.11900000000000001,0.0009165151389911658,0.65,0.655,0.6520500000000001,0.652,0.0015321553446044575,0.024,0.025,0.024200000000000006,0.024,0.0004000000000000003,32,8,2048,8192,128256,True,1456,1
0.053,0.054,0.05333333333333334,0.053,0.0004714045207910321,0.03,0.031,0.030250000000000006,0.03,0.0004330127018922198,0.23500000000000001,0.23800000000000002,0.23570000000000008,0.23500000000000001,0.0009539392014169463,0.025,0.026000000000000002,0.025500000000000005,0.025500000000000002,0.0005000000000000004,0.192,0.195,0.19365000000000002,0.194,0.0007921489758877437,0.03,0.031,0.030200000000000005,0.03,0.0004000000000000003,1.171,1.178,1.1747499999999997,1.1755,0.002255548713727975,0.114,0.11900000000000001,0.1167,0.117,0.0013076696830622034,0.647,0.652,0.6501,0.65,0.001300000000000001,0.023,0.024,0.023350000000000003,0.023,0.00047696960070847314,32,8,2048,8192,128256,True,1440,1
0.051000000000000004,0.055,0.05290476190476191,0.053,0.0009712418121129095,0.03,0.031,0.030150000000000003,0.03,0.00035707142142714284,0.23600000000000002,0.24,0.23865000000000003,0.23900000000000002,0.0012359207094308196,0.025,0.027,0.025550000000000007,0.025500000000000002,0.0005894913061275799,0.191,0.198,0.19540000000000002,0.196,0.0014628738838327808,0.03,0.031,0.030200000000000005,0.03,0.0004000000000000003,1.181,1.197,1.19005,1.1895,0.0045659062627259606,0.113,0.11800000000000001,0.11565000000000003,0.116,0.001061838029079766,0.653,0.66,0.6565000000000001,0.6565000000000001,0.0019364916731037102,0.023,0.024,0.023350000000000003,0.023,0.00047696960070847314,32,8,2048,8192,128256,True,1424,1
0.052000000000000005,0.054,0.05300000000000001,0.053,0.000617213399848366,0.029,0.03,0.029850000000000005,0.03,0.0003570714214271416,0.23700000000000002,0.23900000000000002,0.23780000000000007,0.23800000000000002,0.0006000000000000006,0.025,0.026000000000000002,0.025300000000000007,0.025,0.0004582575694955844,0.195,0.198,0.1963,0.196,0.0006403124237432854,0.029,0.031,0.029950000000000004,0.03,0.0003840572873934299,1.072,1.08,1.0755499999999998,1.075,0.0023553131426627683,0.112,0.117,0.11470000000000002,0.115,0.0011874342087037925,0.653,0.658,0.6546500000000001,0.6545000000000001,0.0014239030865898156,0.022,0.023,0.022850000000000002,0.023,0.00035707142142714284,32,8,2048,8192,128256,True,1408,1
0.05,0.053,0.05157142857142858,0.051000000000000004,0.00090350790290525,0.029,0.03,0.029450000000000004,0.029,0.0004974937185533087,0.233,0.23800000000000002,0.236,0.23600000000000002,0.0010954451150103333,0.025,0.026000000000000002,0.025100000000000004,0.025,0.00030000000000000024,0.191,0.197,0.19505,0.195,0.001243985530462474,0.029,0.03,0.029700000000000004,0.03,0.0004582575694955828,1.053,1.073,1.06765,1.0685,0.003940494892776798,0.111,0.116,0.1131,0.113,0.0013747727084867532,0.642,0.65,0.6483000000000001,0.6485000000000001,0.0017635192088548415,0.022,0.024,0.022800000000000004,0.023,0.000509901951359279,32,8,2048,8192,128256,True,1392,1
0.05,0.052000000000000005,0.05100000000000001,0.051000000000000004,0.0006900655593423548,0.029,0.03,0.029100000000000004,0.029,0.0002999999999999992,0.231,0.23800000000000002,0.23360000000000003,0.233,0.0019339079605813735,0.024,0.025,0.024600000000000004,0.025,0.0004898979485566361,0.192,0.196,0.19334999999999997,0.193,0.0013883443376914834,0.028,0.03,0.029250000000000005,0.029,0.0005361902647381795,1.049,1.074,1.0584,1.055,0.008487638069569182,0.109,0.113,0.11140000000000001,0.111,0.0011135528725660054,0.638,0.649,0.6423,0.64,0.004255584566190647,0.022,0.023,0.0221,0.022,0.00030000000000000024,32,8,2048,8192,128256,True,1376,1
0.049,0.052000000000000005,0.05023809523809525,0.05,0.0009209085526577968,0.028,0.029,0.028800000000000003,0.029,0.00040000000000000034,0.233,0.23500000000000001,0.23420000000000005,0.234,0.0006000000000000006,0.024,0.025,0.024400000000000005,0.024,0.000489897948556636,0.193,0.198,0.19585,0.196,0.0011947803145348531,0.029,0.03,0.029150000000000002,0.029,0.0003570714214271416,1.052,1.065,1.0591499999999998,1.0585,0.00351105397281214,0.109,0.113,0.11100000000000002,0.111,0.0011832159566199244,0.641,0.645,0.6432,0.6435,0.0012884098726725138,0.022,0.023,0.022050000000000004,0.022,0.00021794494717703388,32,8,2048,8192,128256,True,1360,1
0.048,0.052000000000000005,0.049476190476190486,0.049,0.001051939144494026,0.028,0.029,0.028200000000000003,0.028,0.00040000000000000034,0.231,0.23600000000000002,0.23295,0.233,0.0012031209415515976,0.023,0.025,0.024050000000000005,0.024,0.0004974937185533104,0.191,0.193,0.19165000000000001,0.191,0.0007921489758877436,0.028,0.029,0.028700000000000003,0.029,0.0004582575694955845,1.044,1.068,1.0507,1.049,0.005719265687131539,0.106,0.111,0.10865,0.109,0.0011947803145348531,0.637,0.648,0.6396499999999999,0.639,0.0026129485260907863,0.021,0.022,0.021400000000000002,0.021,0.0004898979485566344,32,8,2048,8192,128256,True,1344,1
0.048,0.052000000000000005,0.04961904761904763,0.049,0.0008984743935292011,0.028,0.029,0.02815,0.028,0.0003570714214271428,0.231,0.23600000000000002,0.23405000000000004,0.23500000000000001,0.0015321553446044575,0.023,0.025,0.024000000000000004,0.024,0.0003162277660168382,0.191,0.196,0.19320000000000004,0.193,0.0012489995996796807,0.028,0.029,0.028200000000000003,0.028,0.00040000000000000034,1.047,1.073,1.0585,1.06,0.007102816342831906,0.106,0.11,0.10765,0.108,0.001061838029079766,0.637,0.647,0.6423500000000002,0.6435,0.00303768003581681,0.021,0.022,0.02135,0.021,0.0004769696007084717,32,8,2048,8192,128256,True,1328,1
0.047,0.05,0.048476190476190485,0.049,0.0007315376902732014,0.027,0.028,0.0279,0.028,0.0003000000000000003,0.234,0.23600000000000002,0.2346,0.23500000000000001,0.0005830951894845307,0.023,0.024,0.023700000000000006,0.024,0.0004582575694955844,0.191,0.194,0.19250000000000003,0.192,0.0008062257748298557,0.028,0.029,0.028100000000000003,0.028,0.00030000000000000024,1.053,1.065,1.0599000000000003,1.059,0.002343074902772009,0.105,0.109,0.1066,0.106,0.0009165151389911689,0.641,0.644,0.643,0.643,0.0008366600265340764,0.02,0.022,0.021000000000000005,0.021,0.00031622776601683767,32,8,2048,8192,128256,True,1312,1
0.047,0.05,0.04842857142857143,0.048,0.0006598288790738585,0.027,0.028,0.027700000000000002,0.028,0.0004582575694955844,0.233,0.23700000000000002,0.23415000000000002,0.234,0.0009630680142129119,0.023,0.024,0.023100000000000002,0.023,0.00030000000000000024,0.191,0.194,0.19245,0.192,0.0007399324293474378,0.027,0.028,0.027750000000000004,0.028,0.00043301270189221973,1.054,1.066,1.0574999999999997,1.0575,0.002655183609470355,0.10400000000000001,0.108,0.10585000000000003,0.106,0.0011079259903080156,0.641,0.644,0.64185,0.642,0.0009630680142129121,0.02,0.021,0.020800000000000006,0.021,0.0004000000000000003,32,8,2048,8192,128256,True,1296,1
0.047,0.049,0.04823809523809525,0.048,0.0007499055118106492,0.027,0.028,0.02715,0.027,0.0003570714214271428,0.24,0.25,0.24585000000000004,0.246,0.00259374246986859,0.023,0.025,0.024250000000000004,0.024,0.0006224949798994372,0.126,0.129,0.1272,0.127,0.0008717797887081355,0.027,0.028,0.027450000000000002,0.027,0.0004974937185533104,0.9430000000000001,0.966,0.9490500000000001,0.9460000000000001,0.007144753319744469,0.10200000000000001,0.107,0.10395000000000001,0.10400000000000001,0.0012835497652993403,0.489,0.498,0.4920999999999999,0.4905,0.0030967725134404076,0.02,0.021,0.020050000000000005,0.02,0.00021794494717703388,32,8,2048,8192,128256,True,1280,1
0.046,0.048,0.04704761904761906,0.047,0.000575383141599742,0.026000000000000002,0.027,0.026650000000000007,0.027,0.0004769696007084716,0.23800000000000002,0.247,0.24145,0.241,0.0025975950415721037,0.023,0.024,0.023600000000000003,0.024,0.0004898979485566361,0.123,0.127,0.12505000000000002,0.125,0.0010712142642814286,0.026000000000000002,0.028,0.026850000000000006,0.027,0.000476969600708472,0.921,0.9500000000000001,0.9329500000000002,0.93,0.009156828053425495,0.101,0.105,0.10305000000000002,0.10300000000000001,0.0009733961166965875,0.47900000000000004,0.491,0.4838,0.482,0.0038548670534792767,0.019,0.02,0.019900000000000004,0.02,0.0003000000000000003,32,8,2048,8192,128256,True,1264,1
0.046,0.049,0.04685714285714287,0.047,0.0008329931278350436,0.026000000000000002,0.027,0.026300000000000007,0.026000000000000002,0.0004582575694955828,0.23600000000000002,0.249,0.24059999999999998,0.24,0.0032771939216347814,0.023,0.024,0.023350000000000003,0.023,0.00047696960070847325,0.123,0.128,0.12410000000000002,0.123,0.001757839583124696,0.026000000000000002,0.027,0.026400000000000007,0.026000000000000002,0.0004898979485566343,0.92,0.9580000000000001,0.9307000000000001,0.9235,0.01306177629574172,0.099,0.10400000000000001,0.1014,0.101,0.001280624847486571,0.47700000000000004,0.495,0.4817,0.47800000000000004,0.006827151675479296,0.019,0.02,0.019700000000000002,0.02,0.0004582575694955845,32,8,2048,8192,128256,True,1248,1
0.045,0.048,0.046333333333333344,0.046,0.000776643163347624,0.026000000000000002,0.027,0.026550000000000008,0.027,0.0004974937185533087,0.24,0.248,0.24315000000000003,0.243,0.0017109938632268687,0.022,0.024,0.023000000000000003,0.023,0.0005477225575051665,0.124,0.128,0.1248,0.1245,0.001029563014098701,0.026000000000000002,0.027,0.026400000000000007,0.026000000000000002,0.0004898979485566343,0.935,0.967,0.9423,0.9405000000000001,0.007036334272900898,0.099,0.10400000000000001,0.1016,0.101,0.0013928388277184133,0.48,0.496,0.48440000000000005,0.483,0.004017461885320137,0.019,0.02,0.019600000000000003,0.02,0.0004898979485566361,32,8,2048,8192,128256,True,1232,1
0.045,0.048,0.04657142857142858,0.047,0.0006598288790738586,0.026000000000000002,0.027,0.026550000000000008,0.027,0.0004974937185533087,0.244,0.253,0.2472,0.247,0.0025806975801127906,0.023,0.024,0.023250000000000003,0.023,0.00043301270189221973,0.126,0.127,0.12644999999999998,0.126,0.0004974937185533105,0.026000000000000002,0.027,0.026750000000000006,0.027,0.00043301270189221816,0.9540000000000001,0.961,0.9578999999999999,0.9580000000000001,0.0018947295321496127,0.097,0.10300000000000001,0.09955000000000001,0.0995,0.0014991664350564964,0.486,0.49,0.48875,0.489,0.0009937303457175904,0.019,0.019,0.019000000000000003,0.019,3.469446951953614e-18,32,8,2048,8192,128256,True,1216,1
0.045,0.049,0.04657142857142858,0.047,0.0009547589359887352,0.026000000000000002,0.027,0.026250000000000006,0.026000000000000002,0.0004330127018922182,0.243,0.251,0.24654999999999996,0.247,0.0017168284713389413,0.022,0.024,0.022900000000000004,0.023,0.0005385164807134509,0.125,0.127,0.12574999999999997,0.126,0.0005361902647381809,0.026000000000000002,0.027,0.026350000000000005,0.026000000000000002,0.0004769696007084715,0.9550000000000001,0.964,0.9581500000000001,0.9580000000000001,0.0021971572542719515,0.096,0.101,0.09815,0.098,0.001107925990308018,0.482,0.485,0.4835999999999999,0.4835,0.0009165151389911689,0.018000000000000002,0.019,0.018950000000000005,0.019,0.0002179449471770331,32,8,2048,8192,128256,True,1200,1
0.044,0.047,0.045333333333333344,0.045,0.0008908708063747486,0.025,0.026000000000000002,0.025950000000000008,0.026000000000000002,0.00021794494717703385,0.241,0.251,0.24604999999999996,0.246,0.0022242976419535243,0.022,0.024,0.022750000000000003,0.023,0.0006224949798994372,0.126,0.128,0.12689999999999996,0.127,0.0005385164807134509,0.026000000000000002,0.027,0.026250000000000006,0.026000000000000002,0.0004330127018922182,0.9550000000000001,0.96,0.95755,0.9580000000000001,0.001203120941551586,0.096,0.099,0.09720000000000001,0.097,0.0009797958971132722,0.465,0.47200000000000003,0.46790000000000004,0.468,0.00202237484161567,0.018000000000000002,0.019,0.018500000000000006,0.018500000000000003,0.0004999999999999986,32,8,2048,8192,128256,True,1184,1
0.044,0.047,0.04504761904761906,0.045,0.000722178613719196,0.025,0.026000000000000002,0.025400000000000006,0.025,0.000489897948556636,0.242,0.248,0.24525000000000002,0.245,0.0015124483462254188,0.021,0.024,0.022150000000000003,0.022,0.000653834841531101,0.126,0.128,0.12624999999999997,0.126,0.0005361902647381809,0.026000000000000002,0.026000000000000002,0.026000000000000006,0.026000000000000002,3.469446951953614e-18,0.9520000000000001,0.961,0.9566500000000001,0.9570000000000001,0.0023081377775167416,0.095,0.099,0.09675000000000002,0.097,0.0010897247358851692,0.464,0.47100000000000003,0.4666,0.467,0.0016852299546352733,0.018000000000000002,0.018000000000000002,0.018000000000000006,0.018000000000000002,3.469446951953614e-18,32,8,2048,8192,128256,True,1168,1
0.043000000000000003,0.046,0.04423809523809524,0.044,0.0007499055118106476,0.025,0.026000000000000002,0.025300000000000007,0.025,0.0004582575694955844,0.201,0.254,0.22679999999999997,0.2265,0.023848689691469416,0.022,0.024,0.022300000000000004,0.022,0.0005567764362830027,0.13,0.131,0.13030000000000003,0.13,0.0004582575694955844,0.025,0.026000000000000002,0.025800000000000007,0.026000000000000002,0.0004000000000000003,0.923,0.972,0.94665,0.9465,0.02029599714229381,0.092,0.096,0.09355,0.0935,0.001023474474522937,0.463,0.467,0.4649,0.465,0.0010908712114635723,0.017,0.018000000000000002,0.017950000000000004,0.018000000000000002,0.00021794494717703385,32,8,2048,8192,128256,True,1152,1
0.042,0.045,0.044000000000000004,0.044,0.0007559289460184529,0.024,0.026000000000000002,0.025100000000000004,0.025,0.00043588989435406776,0.199,0.252,0.22935000000000003,0.2475,0.02362895469545785,0.022,0.024,0.022350000000000002,0.022,0.0005722761571129803,0.129,0.131,0.13024999999999998,0.13,0.0006224949798994372,0.025,0.026000000000000002,0.025050000000000006,0.025,0.00021794494717703388,0.927,0.97,0.9489000000000001,0.95,0.01950358941323362,0.091,0.094,0.09265,0.093,0.0010136567466356656,0.463,0.467,0.4646,0.464,0.001019803902718558,0.017,0.018000000000000002,0.017900000000000006,0.018000000000000002,0.0003000000000000003,32,8,2048,8192,128256,True,1136,1
0.042,0.045,0.04333333333333334,0.043000000000000003,0.0007126966450997959,0.024,0.025,0.024550000000000006,0.025,0.0004974937185533105,0.197,0.249,0.21065,0.199,0.02114538956841419,0.021,0.022,0.021700000000000004,0.022,0.00045825756949558275,0.129,0.131,0.1295,0.129,0.0005916079783099621,0.024,0.025,0.024250000000000004,0.024,0.00043301270189221973,0.926,0.971,0.95365,0.9655,0.01929838076108974,0.089,0.093,0.09090000000000001,0.091,0.0010908712114635723,0.462,0.465,0.46385,0.464,0.0009630680142129121,0.017,0.019,0.017850000000000005,0.018000000000000002,0.00047696960070847287,32,8,2048,8192,128256,True,1120,1
0.041,0.044,0.04257142857142858,0.042,0.0008491692619108083,0.024,0.025,0.024300000000000006,0.024,0.0004582575694955844,0.195,0.248,0.22374999999999998,0.2445,0.024521164327984096,0.02,0.022,0.0211,0.021,0.0004358898943540667,0.128,0.13,0.12895,0.129,0.0005894913061275804,0.024,0.025,0.024050000000000005,0.024,0.00021794494717703388,0.924,0.969,0.96295,0.965,0.009216696805255109,0.088,0.093,0.09025,0.09,0.0012599603168354163,0.461,0.465,0.46299999999999997,0.463,0.0011832159566199242,0.017,0.018000000000000002,0.017500000000000005,0.0175,0.0005000000000000004,32,8,2048,8192,128256,True,1104,1
0.04,0.043000000000000003,0.04185714285714287,0.042,0.0008329931278350436,0.023,0.025,0.024000000000000004,0.024,0.0003162277660168382,0.193,0.246,0.21465,0.195,0.024389085673718884,0.02,0.022,0.020800000000000003,0.021,0.0005099019513592786,0.128,0.129,0.12830000000000003,0.128,0.0004582575694955844,0.024,0.025,0.024050000000000005,0.024,0.00021794494717703388,0.928,0.968,0.9620000000000001,0.9635,0.008246211251235301,0.088,0.091,0.0893,0.089,0.0009539392014169465,0.461,0.465,0.46265,0.463,0.0011947803145348531,0.017,0.018000000000000002,0.017050000000000003,0.017,0.0002179449471770339,32,8,2048,8192,128256,True,1088,1
0.04,0.043000000000000003,0.04142857142857144,0.041,0.0009035079029052519,0.023,0.024,0.023700000000000006,0.024,0.0004582575694955844,0.192,0.246,0.21800000000000003,0.2175,0.02531995260659071,0.02,0.022,0.0205,0.02,0.0005916079783099616,0.126,0.128,0.12699999999999995,0.127,0.0005477225575051667,0.023,0.024,0.023500000000000004,0.0235,0.0005000000000000004,0.9590000000000001,0.97,0.96425,0.965,0.002527350391220013,0.08700000000000001,0.089,0.08764999999999999,0.08700000000000001,0.0007921489758877375,0.459,0.463,0.4609000000000001,0.461,0.001044030650891056,0.016,0.017,0.016750000000000004,0.017,0.0004330127018922198,32,8,2048,8192,128256,True,1072,1
0.039,0.042,0.04057142857142858,0.041,0.0007911070345636269,0.023,0.024,0.023150000000000004,0.023,0.00035707142142714284,0.192,0.246,0.21109999999999998,0.194,0.023851415052361147,0.02,0.022,0.0206,0.021,0.0005830951894845301,0.125,0.127,0.1258,0.126,0.0006000000000000005,0.023,0.024,0.023050000000000005,0.023,0.00021794494717703388,0.9580000000000001,0.966,0.9625999999999999,0.963,0.0024779023386727493,0.085,0.088,0.08680000000000002,0.08700000000000001,0.0008124038404635926,0.458,0.464,0.46080000000000004,0.4605,0.0016613247725836165,0.016,0.017,0.016550000000000002,0.017,0.0004974937185533104,32,8,2048,8192,128256,True,1056,1
0.039,0.042,0.04052380952380953,0.04,0.0007315376902732014,0.022,0.023,0.022950000000000005,0.023,0.00021794494717703385,0.192,0.243,0.20964999999999998,0.1935,0.02282602681151496,0.019,0.02,0.019800000000000005,0.02,0.0004000000000000003,0.124,0.126,0.12519999999999998,0.125,0.0005099019513592789,0.022,0.024,0.023100000000000002,0.023,0.0004358898943540678,0.9580000000000001,0.965,0.96175,0.9615,0.0020706279240848575,0.083,0.08700000000000001,0.08505,0.085,0.001023474474522937,0.458,0.462,0.46015000000000006,0.46,0.001061838029079766,0.016,0.017,0.016750000000000004,0.017,0.0004330127018922198,32,8,2048,8192,128256,True,1040,1
0.037,0.04,0.03900000000000001,0.039,0.0006900655593423548,0.022,0.023,0.022050000000000004,0.022,0.00021794494717703388,0.188,0.193,0.19005,0.19,0.0013219304066402298,0.019,0.02,0.019400000000000004,0.019,0.000489897948556636,0.125,0.128,0.12674999999999997,0.127,0.0006224949798994372,0.022,0.023,0.022300000000000004,0.022,0.00045825756949558437,0.8150000000000001,0.8250000000000001,0.8209500000000001,0.8220000000000001,0.0026358110706194426,0.084,0.09,0.08714999999999999,0.08700000000000001,0.001388344337691478,0.448,0.452,0.45045,0.45,0.001160818676624391,0.015,0.016,0.015300000000000003,0.015,0.0004582575694955844,32,8,2048,8192,128256,True,1024,1
0.038,0.04,0.03852380952380953,0.038,0.0006632565846278158,0.021,0.022,0.021550000000000003,0.022,0.0004974937185533088,0.185,0.23,0.191,0.187,0.012723993083933993,0.019,0.02,0.019200000000000002,0.019,0.00040000000000000034,0.124,0.127,0.12544999999999998,0.125,0.00086458082328953,0.021,0.023,0.021900000000000003,0.022,0.0004358898943540667,0.801,0.8190000000000001,0.8084000000000001,0.807,0.005063595560468869,0.085,0.09,0.08674999999999998,0.08700000000000001,0.0013369741957120903,0.44,0.447,0.44204999999999994,0.441,0.002246664193866099,0.015,0.016,0.015250000000000003,0.015,0.00043301270189221973,32,8,2048,8192,128256,True,1016,1
0.037,0.04,0.038904761904761914,0.039,0.0007499055118106493,0.021,0.022,0.021800000000000003,0.022,0.00039999999999999893,0.187,0.232,0.19,0.188,0.009664367542679658,0.019,0.019,0.019000000000000003,0.019,3.469446951953614e-18,0.125,0.127,0.12574999999999997,0.126,0.0006224949798994372,0.022,0.022,0.022000000000000002,0.022,3.469446951953614e-18,0.808,0.8260000000000001,0.8134999999999998,0.8135000000000001,0.003853569773599542,0.084,0.088,0.08605000000000002,0.08600000000000001,0.0011169153951844312,0.443,0.451,0.44565,0.445,0.0017965244223221695,0.014,0.015,0.014900000000000002,0.015,0.00029999999999999976,32,8,2048,8192,128256,True,1008,1
0.036000000000000004,0.04,0.03852380952380954,0.039,0.0008518354199999196,0.021,0.022,0.021650000000000003,0.022,0.0004769696007084717,0.186,0.189,0.18769999999999998,0.188,0.0008426149773176366,0.018000000000000002,0.02,0.019050000000000004,0.019,0.0003840572873934303,0.125,0.127,0.12579999999999997,0.126,0.0006000000000000006,0.021,0.022,0.021900000000000003,0.022,0.00029999999999999927,0.8150000000000001,0.8250000000000001,0.81925,0.8195000000000001,0.002321098877687034,0.083,0.08700000000000001,0.0849,0.085,0.0013747727084867532,0.446,0.452,0.4492,0.45,0.0014696938456699082,0.014,0.015,0.014650000000000002,0.015,0.0004769696007084724,32,8,2048,8192,128256,True,1000,1
0.036000000000000004,0.039,0.03785714285714287,0.038,0.000832993127835043,0.021,0.022,0.021400000000000002,0.021,0.0004898979485566344,0.185,0.232,0.18905,0.187,0.009896842930955309,0.018000000000000002,0.019,0.018950000000000005,0.019,0.0002179449471770331,0.124,0.126,0.1248,0.125,0.0005099019513592789,0.021,0.022,0.02185,0.022,0.0003570714214271416,0.8160000000000001,0.8230000000000001,0.8190500000000001,0.8190000000000001,0.0017168284713389413,0.081,0.08600000000000001,0.08445,0.085,0.0013592277219068199,0.447,0.451,0.44860000000000005,0.448,0.0010677078252031322,0.014,0.016,0.014750000000000003,0.015,0.0006224949798994365,32,8,2048,8192,128256,True,992,1
0.037,0.038,0.037666666666666675,0.038,0.0004714045207910321,0.021,0.021,0.021000000000000005,0.021,3.469446951953614e-18,0.185,0.23500000000000001,0.19985,0.186,0.02182492840767182,0.018000000000000002,0.02,0.018800000000000004,0.019,0.0005099019513592776,0.125,0.126,0.12525,0.125,0.0004330127018922198,0.021,0.022,0.02135,0.021,0.00047696960070847173,0.8140000000000001,0.8210000000000001,0.8179000000000002,0.8180000000000001,0.0019467922333931806,0.082,0.085,0.08315,0.083,0.000726291952316698,0.447,0.451,0.4484,0.448,0.0009165151389911689,0.014,0.015,0.014300000000000002,0.014,0.00045825756949558356,32,8,2048,8192,128256,True,984,1
0.036000000000000004,0.039,0.03738095238095239,0.037,0.0007221786137191946,0.02,0.021,0.020500000000000004,0.0205,0.0005000000000000004,0.184,0.231,0.20265000000000005,0.185,0.022541683610591296,0.018000000000000002,0.019,0.018550000000000004,0.019,0.0004974937185533088,0.123,0.125,0.1237,0.124,0.0007141428428542857,0.021,0.022,0.0211,0.021,0.00029999999999999927,0.81,0.8140000000000001,0.8119500000000001,0.812,0.0012031209415515976,0.081,0.085,0.08310000000000001,0.083,0.001135781669160056,0.441,0.449,0.44335,0.443,0.001620956507744734,0.014,0.015,0.014150000000000001,0.014,0.00035707142142714214,32,8,2048,8192,128256,True,976,1
0.036000000000000004,0.039,0.037238095238095244,0.037,0.000683461909257491,0.02,0.021,0.020200000000000003,0.02,0.00040000000000000034,0.182,0.231,0.20415,0.185,0.022994075323874198,0.018000000000000002,0.019,0.018600000000000005,0.019,0.0004898979485566344,0.122,0.124,0.12325,0.123,0.0005361902647381809,0.02,0.021,0.020600000000000004,0.021,0.0004898979485566361,0.806,0.8140000000000001,0.8093999999999999,0.809,0.0022891046284519217,0.079,0.084,0.0825,0.0825,0.0012449899597988744,0.441,0.449,0.44265,0.442,0.001739971264130533,0.014,0.015,0.014350000000000002,0.014,0.0004769696007084724,32,8,2048,8192,128256,True,968,1
0.036000000000000004,0.038,0.03700000000000001,0.037,0.0005345224838248474,0.02,0.021,0.020100000000000003,0.02,0.00030000000000000024,0.183,0.231,0.21545,0.229,0.021162407708009034,0.018000000000000002,0.019,0.018350000000000005,0.018000000000000002,0.0004769696007084716,0.121,0.123,0.12229999999999999,0.122,0.0005567764362830027,0.02,0.021,0.020100000000000003,0.02,0.00030000000000000024,0.805,0.8170000000000001,0.80895,0.8085,0.0027290108097990404,0.08,0.084,0.0819,0.082,0.000994987437106621,0.441,0.45,0.44349999999999995,0.443,0.0021563858652847846,0.014,0.016,0.014250000000000002,0.014,0.0005361902647381802,32,8,2048,8192,128256,True,960,1
0.034,0.038,0.036523809523809535,0.037,0.0007939681905015726,0.02,0.021,0.020050000000000005,0.02,0.00021794494717703388,0.183,0.234,0.22435000000000005,0.231,0.01712388682513407,0.018000000000000002,0.019,0.018200000000000004,0.018000000000000002,0.00039999999999999893,0.124,0.125,0.12445000000000002,0.124,0.0004974937185533104,0.02,0.02,0.020000000000000004,0.02,3.469446951953614e-18,0.8150000000000001,0.8230000000000001,0.8186500000000001,0.8180000000000001,0.002286372673034737,0.079,0.083,0.08135,0.081,0.0011521718621802922,0.446,0.451,0.4477499999999999,0.4475,0.0014097872179871698,0.013000000000000001,0.015,0.01395,0.014,0.0004974937185533095,32,8,2048,8192,128256,True,952,1
0.034,0.037,0.03614285714285716,0.036000000000000004,0.0007095078297976809,0.019,0.02,0.019600000000000003,0.02,0.0004898979485566361,0.226,0.231,0.22910000000000003,0.229,0.0010908712114635723,0.018000000000000002,0.019,0.018250000000000006,0.018000000000000002,0.0004330127018922182,0.12,0.122,0.12174999999999998,0.122,0.0005361902647381809,0.019,0.02,0.019700000000000002,0.02,0.0004582575694955844,0.807,0.8160000000000001,0.8107000000000001,0.811,0.002238302928559941,0.078,0.083,0.08085,0.081,0.0013143439428094925,0.439,0.445,0.4425,0.443,0.0015968719422671325,0.013000000000000001,0.015,0.013950000000000004,0.014,0.0004974937185533095,32,8,2048,8192,128256,True,944,1
0.034,0.037,0.035714285714285726,0.036000000000000004,0.0006998542122237645,0.019,0.02,0.019150000000000004,0.019,0.0003570714214271428,0.223,0.23,0.22740000000000005,0.227,0.001496662954709578,0.017,0.019,0.018000000000000006,0.018000000000000002,0.0004472135954999575,0.121,0.122,0.1212,0.121,0.0004000000000000003,0.019,0.02,0.019150000000000004,0.019,0.00035707142142714284,0.797,0.804,0.8005500000000001,0.8,0.0018296174463532007,0.077,0.082,0.07955000000000001,0.08,0.001160818676624391,0.435,0.439,0.43735,0.4375,0.0012359207094308285,0.013000000000000001,0.015,0.013700000000000004,0.014,0.0006403124237432844,32,8,2048,8192,128256,True,936,1
0.035,0.037,0.03590476190476192,0.036000000000000004,0.0006098213559459842,0.019,0.019,0.019000000000000003,0.019,3.469446951953614e-18,0.227,0.23,0.22915000000000005,0.229,0.0007921489758877438,0.017,0.018000000000000002,0.017900000000000006,0.018000000000000002,0.0003000000000000003,0.12,0.122,0.121,0.121,0.00044721359549995833,0.019,0.02,0.019100000000000002,0.019,0.00030000000000000024,0.804,0.811,0.8072000000000001,0.8075000000000001,0.0018055470085267802,0.077,0.081,0.07865000000000001,0.078,0.0012359207094308285,0.44,0.444,0.44195,0.442,0.0012835497652993449,0.013000000000000001,0.014,0.013450000000000004,0.013000000000000001,0.0004974937185533095,32,8,2048,8192,128256,True,928,1
0.034,0.037,0.03547619047619049,0.035,0.0007939681905015741,0.019,0.019,0.019000000000000003,0.019,3.469446951953614e-18,0.226,0.231,0.22750000000000004,0.227,0.0012449899597988744,0.017,0.018000000000000002,0.017750000000000005,0.018000000000000002,0.00043301270189221973,0.12,0.121,0.12055,0.121,0.0004974937185533104,0.019,0.019,0.019000000000000003,0.019,3.469446951953614e-18,0.796,0.803,0.8003499999999999,0.8,0.0020802644062714736,0.076,0.08,0.0784,0.078,0.001200000000000001,0.437,0.44,0.4377999999999999,0.438,0.0007483314773547889,0.013000000000000001,0.014,0.013550000000000003,0.014,0.0004974937185533095,32,8,2048,8192,128256,True,920,1
0.033,0.036000000000000004,0.034714285714285725,0.035,0.0007648751621051916,0.018000000000000002,0.019,0.018950000000000005,0.019,0.0002179449471770331,0.225,0.231,0.2272,0.227,0.0015033296378372922,0.017,0.018000000000000002,0.017650000000000006,0.018000000000000002,0.0004769696007084733,0.11900000000000001,0.12,0.11980000000000002,0.12,0.00039999999999999476,0.018000000000000002,0.019,0.018800000000000004,0.019,0.00039999999999999893,0.795,0.803,0.79945,0.7995000000000001,0.0020118399538730726,0.076,0.081,0.0776,0.077,0.0013928388277184133,0.435,0.441,0.43715000000000004,0.437,0.0012757350822173085,0.012,0.014,0.013050000000000003,0.013000000000000001,0.0003840572873934303,32,8,2048,8192,128256,True,912,1
0.033,0.035,0.03442857142857144,0.035,0.0006598288790738587,0.018000000000000002,0.019,0.018350000000000005,0.018000000000000002,0.00047696960070847157,0.226,0.229,0.22745,0.227,0.001023474474522937,0.017,0.018000000000000002,0.017450000000000004,0.017,0.0004974937185533104,0.12,0.121,0.12025000000000001,0.12,0.0004330127018922197,0.018000000000000002,0.019,0.018550000000000004,0.019,0.0004974937185533087,0.797,0.803,0.7998500000000001,0.8,0.0017965244223221697,0.074,0.08,0.07644999999999999,0.076,0.0014991664350564964,0.435,0.44,0.43660000000000004,0.436,0.0014966629547095778,0.013000000000000001,0.014,0.013200000000000003,0.013000000000000001,0.00039999999999999964,32,8,2048,8192,128256,True,904,1
0.033,0.036000000000000004,0.03490476190476192,0.035,0.000609821355945986,0.018000000000000002,0.019,0.018200000000000004,0.018000000000000002,0.00039999999999999893,0.182,0.184,0.18345,0.184,0.0006689544080129831,0.016,0.018000000000000002,0.016850000000000004,0.017,0.0006538348415311016,0.11900000000000001,0.121,0.11985000000000001,0.12,0.0004769696007084683,0.018000000000000002,0.019,0.018150000000000006,0.018000000000000002,0.0003570714214271416,0.6900000000000001,0.6980000000000001,0.6934000000000001,0.6930000000000001,0.0020099751242241798,0.07200000000000001,0.075,0.07405,0.074,0.0009205976319760979,0.443,0.448,0.44539999999999996,0.445,0.001280624847486571,0.013000000000000001,0.015,0.013800000000000003,0.014,0.000509901951359278,32,8,2048,8192,128256,True,896,1
0.032,0.036000000000000004,0.03442857142857144,0.034,0.0008491692619108107,0.018000000000000002,0.019,0.018150000000000006,0.018000000000000002,0.0003570714214271416,0.181,0.184,0.18274999999999997,0.183,0.0006224949798994371,0.016,0.017,0.016300000000000002,0.016,0.0004582575694955844,0.12,0.121,0.1203,0.12,0.0004582575694955844,0.017,0.018000000000000002,0.017900000000000006,0.018000000000000002,0.0003000000000000003,0.6880000000000001,0.6970000000000001,0.6926000000000001,0.6930000000000001,0.0024779023386727757,0.07200000000000001,0.075,0.07335,0.073,0.0008529361054615965,0.442,0.449,0.44575,0.446,0.0016992645467966442,0.013000000000000001,0.014,0.013650000000000004,0.014,0.00047696960070847243,32,8,2048,8192,128256,True,888,1
0.032,0.035,0.034047619047619056,0.034,0.0007853534524986026,0.018000000000000002,0.019,0.018100000000000005,0.018000000000000002,0.0002999999999999992,0.18,0.183,0.1818,0.182,0.0008124038404635969,0.016,0.017,0.016250000000000004,0.016,0.00043301270189221973,0.11900000000000001,0.12,0.11930000000000003,0.11900000000000001,0.00045825756949557803,0.017,0.019,0.017700000000000004,0.018000000000000002,0.0005567764362830024,0.6890000000000001,0.6960000000000001,0.6925000000000001,0.6920000000000001,0.0015968719422671325,0.07200000000000001,0.075,0.0733,0.073,0.0009539392014169427,0.441,0.45,0.4450000000000001,0.445,0.002167948338867882,0.012,0.014,0.012950000000000003,0.013000000000000001,0.0004974937185533101,32,8,2048,8192,128256,True,880,1
0.032,0.035,0.033619047619047625,0.034,0.0007221786137191959,0.018000000000000002,0.019,0.018100000000000005,0.018000000000000002,0.0002999999999999992,0.182,0.184,0.18345,0.1835,0.0005894913061275802,0.015,0.017,0.016150000000000005,0.016,0.0005722761571129803,0.12,0.122,0.12125,0.121,0.0005361902647381809,0.017,0.018000000000000002,0.017500000000000005,0.0175,0.0005000000000000003,0.6930000000000001,0.7010000000000001,0.6972500000000001,0.6980000000000001,0.0023848480035423667,0.07,0.074,0.07210000000000003,0.07200000000000001,0.0008888194417315548,0.445,0.454,0.44885,0.448,0.002151162476429897,0.013000000000000001,0.014,0.013300000000000003,0.013000000000000001,0.00045825756949558356,32,8,2048,8192,128256,True,872,1
0.032,0.035,0.03352380952380953,0.034,0.0006632565846278159,0.017,0.019,0.017650000000000006,0.018000000000000002,0.00057227615711298,0.181,0.183,0.18184999999999998,0.182,0.0005722761571129803,0.015,0.017,0.016000000000000004,0.016,0.00044721359549995833,0.12,0.121,0.12010000000000001,0.12,0.00030000000000000024,0.017,0.018000000000000002,0.017350000000000004,0.017,0.00047696960070847314,0.6880000000000001,0.6980000000000001,0.6942000000000002,0.6945000000000001,0.0023366642891095865,0.069,0.074,0.07145,0.07100000000000001,0.0010712142642814249,0.444,0.452,0.44794999999999996,0.448,0.002108909670896316,0.012,0.014,0.012600000000000004,0.013000000000000001,0.0005830951894845303,32,8,2048,8192,128256,True,864,1
0.031,0.035,0.03357142857142858,0.034,0.000791107034563627,0.017,0.018000000000000002,0.017150000000000006,0.017,0.00035707142142714284,0.18,0.182,0.18109999999999998,0.181,0.00043588989435406776,0.015,0.016,0.015900000000000004,0.016,0.0003000000000000003,0.12,0.122,0.12035000000000003,0.12,0.0005722761571129803,0.017,0.018000000000000002,0.017150000000000006,0.017,0.00035707142142714284,0.6900000000000001,0.6980000000000001,0.6931,0.6930000000000001,0.002118962010041711,0.069,0.07200000000000001,0.07045,0.07050000000000001,0.0009733961166965902,0.445,0.453,0.44849999999999995,0.448,0.0019104973174542818,0.012,0.013000000000000001,0.012450000000000003,0.012,0.0004974937185533104,32,8,2048,8192,128256,True,856,1
0.031,0.035,0.033476190476190486,0.034,0.0009571310115353238,0.017,0.017,0.017000000000000005,0.017,3.469446951953614e-18,0.18,0.183,0.18080000000000002,0.181,0.0008124038404635967,0.015,0.017,0.015750000000000004,0.016,0.0005361902647381809,0.11900000000000001,0.121,0.12000000000000002,0.12,0.00031622776601683604,0.016,0.017,0.016900000000000005,0.017,0.0003000000000000003,0.6910000000000001,0.7030000000000001,0.69425,0.6940000000000001,0.0028438530201119775,0.068,0.07100000000000001,0.0698,0.07,0.0009273618495495713,0.445,0.452,0.44825,0.448,0.0020463381929681146,0.012,0.013000000000000001,0.012500000000000002,0.0125,0.0005000000000000004,32,8,2048,8192,128256,True,848,1
0.032,0.035,0.033380952380952386,0.033,0.000722178613719196,0.017,0.017,0.017000000000000005,0.017,3.469446951953614e-18,0.181,0.184,0.18244999999999995,0.182,0.0006689544080129832,0.015,0.016,0.015600000000000003,0.016,0.0004898979485566361,0.122,0.123,0.12224999999999997,0.122,0.0004330127018922198,0.017,0.017,0.017000000000000005,0.017,3.469446951953614e-18,0.7000000000000001,0.706,0.7027000000000001,0.7030000000000001,0.0015842979517754505,0.068,0.07200000000000001,0.06965,0.0695,0.0009096702699330135,0.449,0.457,0.45309999999999995,0.453,0.002118962010041711,0.012,0.013000000000000001,0.012250000000000002,0.012,0.0004330127018922198,32,8,2048,8192,128256,True,840,1
0.03,0.034,0.03266666666666668,0.033,0.0007766431633476241,0.016,0.017,0.016950000000000003,0.017,0.00021794494717703385,0.181,0.184,0.18209999999999998,0.182,0.0007681145747868615,0.015,0.016,0.015300000000000003,0.015,0.0004582575694955843,0.12,0.122,0.12035,0.12,0.0005722761571129803,0.016,0.017,0.016950000000000003,0.017,0.00021794494717703385,0.6970000000000001,0.714,0.7010000000000002,0.7000000000000001,0.0036331804249169594,0.067,0.07100000000000001,0.0688,0.069,0.001029563014098701,0.355,0.366,0.35924999999999996,0.359,0.0021880356487041083,0.012,0.015,0.012800000000000002,0.013000000000000001,0.0006782329983125269,32,8,2048,8192,128256,True,832,1
0.03,0.034,0.03285714285714286,0.033,0.0008329931278350436,0.016,0.017,0.016800000000000002,0.017,0.00040000000000000034,0.182,0.185,0.18370000000000003,0.184,0.0008426149773176366,0.015,0.016,0.015050000000000003,0.015,0.00021794494717703385,0.123,0.124,0.12345000000000002,0.123,0.0004974937185533104,0.016,0.017,0.016900000000000005,0.017,0.0003000000000000003,0.704,0.712,0.7092500000000002,0.71,0.0018940696924875826,0.068,0.07200000000000001,0.06920000000000001,0.069,0.0010770329614269018,0.36,0.366,0.3629,0.363,0.001545962483374032,0.012,0.013000000000000001,0.012300000000000002,0.012,0.0004582575694955844,32,8,2048,8192,128256,True,824,1
0.03,0.034,0.032619047619047624,0.033,0.0007853534524986026,0.016,0.017,0.016200000000000003,0.016,0.00040000000000000034,0.182,0.184,0.18255,0.1825,0.0005894913061275802,0.014,0.016,0.015050000000000003,0.015,0.00038405728739343055,0.122,0.122,0.12199999999999997,0.122,2.7755575615628914e-17,0.016,0.017,0.016450000000000003,0.016,0.0004974937185533104,0.705,0.711,0.7073500000000001,0.707,0.001651514456491376,0.067,0.07100000000000001,0.06865,0.0685,0.0010136567466356656,0.358,0.366,0.36215,0.362,0.0018241436346954716,0.011,0.013000000000000001,0.012250000000000002,0.012,0.0005361902647381809,32,8,2048,8192,128256,True,816,1
0.03,0.034,0.03228571428571429,0.032,0.0008247860988423233,0.016,0.017,0.016050000000000002,0.016,0.0002179449471770339,0.181,0.183,0.18229999999999996,0.182,0.0005567764362830027,0.014,0.015,0.014850000000000002,0.015,0.0003570714214271422,0.122,0.123,0.12280000000000002,0.123,0.00040000000000000034,0.016,0.017,0.016700000000000003,0.017,0.0004582575694955845,0.7030000000000001,0.71,0.70625,0.706,0.0018131464364468661,0.067,0.069,0.06775,0.068,0.0006982120021884477,0.359,0.363,0.36085,0.361,0.001107925990308018,0.011,0.012,0.011500000000000002,0.0115,0.0005000000000000004,32,8,2048,8192,128256,True,808,1
0.03,0.033,0.032142857142857154,0.032,0.0007095078297976833,0.016,0.016,0.016000000000000004,0.016,3.469446951953614e-18,0.181,0.183,0.1816,0.1815,0.0006633249580710806,0.014,0.016,0.014700000000000001,0.015,0.0006403124237432847,0.122,0.123,0.12204999999999996,0.122,0.00021794494717703388,0.015,0.016,0.015150000000000002,0.015,0.0003570714214271428,0.7010000000000001,0.71,0.7057999999999999,0.706,0.002111871208194262,0.066,0.068,0.06720000000000001,0.067,0.0006782329983125274,0.359,0.362,0.36069999999999997,0.361,0.0008426149773176364,0.011,0.013000000000000001,0.011650000000000002,0.012,0.0005722761571129803,32,8,2048,8192,128256,True,800,1
0.029,0.032,0.03128571428571429,0.031,0.0007648751621051912,0.015,0.016,0.015700000000000002,0.016,0.0004582575694955844,0.181,0.183,0.1818,0.182,0.0006782329983125274,0.014,0.015,0.014350000000000002,0.014,0.0004769696007084724,0.121,0.123,0.12219999999999998,0.122,0.0006782329983125273,0.015,0.016,0.015050000000000003,0.015,0.00021794494717703385,0.7020000000000001,0.712,0.7053,0.705,0.0024310491562286097,0.065,0.07,0.06689999999999999,0.067,0.0013000000000000012,0.359,0.362,0.3607,0.361,0.0011445523142259606,0.011,0.012,0.011500000000000002,0.0115,0.0005000000000000004,32,8,2048,8192,128256,True,792,1
0.03,0.032,0.03095238095238096,0.031,0.000575383141599742,0.015,0.016,0.015500000000000003,0.0155,0.0005000000000000004,0.181,0.232,0.18464999999999998,0.182,0.01088703357209851,0.014,0.015,0.014450000000000001,0.014,0.0004974937185533096,0.121,0.123,0.12184999999999999,0.122,0.0005722761571129803,0.015,0.015,0.015000000000000003,0.015,3.469446951953614e-18,0.7030000000000001,0.708,0.7053499999999999,0.705,0.0014239030865897883,0.064,0.068,0.0654,0.066,0.0011135528725660054,0.358,0.362,0.36010000000000003,0.36,0.0011789826122551605,0.011,0.012,0.011200000000000002,0.011,0.00040000000000000034,32,8,2048,8192,128256,True,784,1
0.029,0.032,0.03052380952380953,0.03,0.0007315376902732011,0.015,0.016,0.015200000000000002,0.015,0.00040000000000000034,0.18,0.183,0.18125,0.181,0.0006224949798994372,0.014,0.015,0.014300000000000002,0.014,0.00045825756949558356,0.121,0.123,0.12245000000000002,0.123,0.0006689544080129831,0.014,0.015,0.014900000000000002,0.015,0.00029999999999999976,0.7030000000000001,0.71,0.7055499999999999,0.7055,0.0019615045245932688,0.063,0.067,0.0646,0.065,0.0009165151389911689,0.355,0.361,0.35885,0.359,0.0013883443376914834,0.01,0.012,0.011150000000000002,0.011,0.000653834841531101,32,8,2048,8192,128256,True,776,1
0.029,0.033,0.030476190476190483,0.03,0.000793968190501575,0.014,0.015,0.014900000000000002,0.015,0.00029999999999999976,0.11900000000000001,0.12,0.11955000000000002,0.12,0.0004974937185533036,0.012,0.012,0.012000000000000002,0.012,1.734723475976807e-18,0.107,0.109,0.10835000000000002,0.1085,0.000726291952316698,0.014,0.015,0.014250000000000002,0.014,0.00043301270189221897,0.586,0.595,0.5901,0.59,0.0019467922333931806,0.062,0.066,0.06365000000000001,0.064,0.0010618380290797658,0.34,0.34400000000000003,0.34154999999999996,0.342,0.0011169153951844347,0.01,0.011,0.0108,0.011,0.0003999999999999997,32,8,2048,8192,128256,True,768,1
0.028,0.031,0.030000000000000006,0.03,0.000755928946018454,0.014,0.015,0.014750000000000003,0.015,0.000433012701892219,0.11800000000000001,0.12,0.11895000000000003,0.11900000000000001,0.0005894913061275767,0.012,0.013000000000000001,0.012050000000000002,0.012,0.0002179449471770339,0.107,0.109,0.10810000000000002,0.108,0.0006244997998398404,0.014,0.015,0.014050000000000002,0.014,0.00021794494717703353,0.585,0.593,0.58915,0.589,0.001768473918382741,0.061,0.066,0.06294999999999999,0.063,0.001243985530462474,0.339,0.343,0.34075000000000005,0.341,0.0009937303457175904,0.01,0.012,0.010900000000000002,0.011,0.0004358898943540672,32,8,2048,8192,128256,True,760,1
0.027,0.031,0.02952380952380953,0.03,0.000793968190501574,0.014,0.015,0.014300000000000002,0.014,0.00045825756949558356,0.11800000000000001,0.12,0.1187,0.11900000000000001,0.0006403124237432826,0.011,0.012,0.011700000000000002,0.012,0.0004582575694955845,0.106,0.109,0.10750000000000001,0.108,0.0008660254037844395,0.014,0.014,0.014000000000000002,0.014,1.734723475976807e-18,0.584,0.592,0.5887999999999999,0.589,0.001964688270438852,0.061,0.065,0.06305000000000001,0.063,0.0010712142642814284,0.337,0.341,0.33895000000000003,0.339,0.0010712142642814284,0.01,0.011,0.010450000000000001,0.01,0.0004974937185533096,32,8,2048,8192,128256,True,752,1
0.028,0.031,0.02971428571428572,0.03,0.0006281383789653762,0.014,0.015,0.014600000000000002,0.015,0.0004898979485566352,0.11900000000000001,0.12,0.11925000000000004,0.11900000000000001,0.00043301270189221366,0.011,0.012,0.011750000000000002,0.012,0.0004330127018922198,0.107,0.109,0.10775000000000001,0.108,0.0006982120021884477,0.014,0.014,0.014000000000000002,0.014,1.734723475976807e-18,0.586,0.59,0.5877499999999999,0.588,0.0010897247358851695,0.061,0.064,0.06224999999999999,0.062,0.0008291561975888507,0.337,0.339,0.33790000000000003,0.338,0.0007000000000000008,0.01,0.011,0.0103,0.01,0.0004582575694955836,32,8,2048,8192,128256,True,744,1
0.027,0.03,0.0290952380952381,0.029,0.0006834619092574912,0.014,0.015,0.0142,0.014,0.0003999999999999996,0.11800000000000001,0.122,0.11910000000000003,0.11900000000000001,0.0009949874371066164,0.011,0.012,0.011450000000000002,0.011,0.0004974937185533103,0.105,0.108,0.1071,0.107,0.0007000000000000006,0.014,0.014,0.014000000000000002,0.014,1.734723475976807e-18,0.585,0.589,0.58695,0.587,0.0012031209415515976,0.06,0.063,0.06155000000000001,0.062,0.0008046738469715548,0.334,0.339,0.337,0.337,0.0010488088481701524,0.01,0.011,0.01055,0.011,0.0004974937185533095,32,8,2048,8192,128256,True,736,1
0.027,0.031,0.029142857142857147,0.029,0.0008883218145798868,0.014,0.014,0.014000000000000002,0.014,1.734723475976807e-18,0.11800000000000001,0.122,0.11935,0.11900000000000001,0.00101365674663566,0.011,0.012,0.011600000000000003,0.012,0.0004898979485566361,0.106,0.109,0.10705,0.107,0.00086458082328953,0.013000000000000001,0.014,0.013800000000000003,0.014,0.0003999999999999997,0.584,0.59,0.58715,0.587,0.0017399712641305333,0.06,0.062,0.0607,0.061,0.0006403124237432854,0.333,0.337,0.33515,0.335,0.001061838029079766,0.009000000000000001,0.011,0.0103,0.01,0.0005567764362830017,32,8,2048,8192,128256,True,728,1
0.027,0.03,0.02904761904761905,0.029,0.0008438116736509208,0.013000000000000001,0.014,0.013950000000000004,0.014,0.00021794494717703353,0.11800000000000001,0.12,0.11880000000000004,0.11900000000000001,0.0005099019513592774,0.011,0.012,0.011750000000000002,0.012,0.0004330127018922198,0.105,0.109,0.10705,0.107,0.0009733961166965901,0.013000000000000001,0.014,0.013350000000000004,0.013000000000000001,0.0004769696007084724,0.584,0.589,0.58715,0.587,0.0012359207094308285,0.059000000000000004,0.062,0.06039999999999999,0.061,0.0009695359714832644,0.332,0.335,0.3333,0.333,0.0008426149773176366,0.009000000000000001,0.011,0.010050000000000002,0.01,0.0004974937185533096,32,8,2048,8192,128256,True,720,1
0.028,0.031,0.02971428571428572,0.03,0.0006281383789653762,0.015,0.016,0.015050000000000003,0.015,0.00021794494717703385,0.129,0.133,0.12965,0.129,0.0011079259903080177,0.012,0.013000000000000001,0.012050000000000002,0.012,0.0002179449471770339,0.114,0.116,0.11515000000000002,0.115,0.0005722761571129803,0.014,0.015,0.014450000000000001,0.014,0.0004974937185533096,0.632,0.648,0.6354499999999998,0.634,0.0040432041749088096,0.059000000000000004,0.062,0.06050000000000001,0.06,0.0008660254037844383,0.356,0.363,0.35834999999999995,0.358,0.0015580436450882895,0.009000000000000001,0.012,0.0103,0.01,0.0006403124237432846,32,8,2048,8192,128256,True,712,1
0.028,0.03,0.029428571428571432,0.029,0.0005832118435198032,0.014,0.015,0.014250000000000002,0.014,0.00043301270189221897,0.128,0.131,0.1292,0.129,0.0006782329983125276,0.012,0.013000000000000001,0.012100000000000003,0.012,0.00030000000000000024,0.112,0.116,0.11405000000000001,0.114,0.0008645808232895299,0.014,0.015,0.014150000000000001,0.014,0.00035707142142714214,0.632,0.636,0.63335,0.633,0.0011521718621802922,0.059000000000000004,0.061,0.0598,0.06,0.000748331477354786,0.355,0.358,0.35609999999999997,0.356,0.0009433981132056611,0.009000000000000001,0.01,0.009750000000000003,0.01,0.00043301270189221897,32,8,2048,8192,128256,True,704,1
0.027,0.031,0.029571428571428575,0.03,0.0009035079029052508,0.014,0.015,0.014300000000000002,0.014,0.00045825756949558356,0.128,0.13,0.129,0.129,0.0006324555320336764,0.012,0.013000000000000001,0.012100000000000003,0.012,0.00030000000000000024,0.113,0.115,0.11405000000000001,0.114,0.0005894913061275804,0.014,0.015,0.014100000000000001,0.014,0.00029999999999999976,0.63,0.636,0.6327,0.633,0.0015198684153570677,0.058,0.061,0.0595,0.0595,0.0010246950765959576,0.352,0.355,0.35364999999999996,0.354,0.0008529361054615998,0.009000000000000001,0.011,0.009900000000000003,0.01,0.0005385164807134499,32,8,2048,8192,128256,True,696,1
0.027,0.031,0.029571428571428575,0.03,0.0008491692619108092,0.014,0.015,0.014400000000000001,0.014,0.0004898979485566351,0.128,0.131,0.1292,0.129,0.0006782329983125276,0.012,0.012,0.012000000000000002,0.012,1.734723475976807e-18,0.112,0.114,0.11320000000000001,0.113,0.0006782329983125274,0.014,0.015,0.014050000000000002,0.014,0.00021794494717703353,0.631,0.636,0.63335,0.633,0.0012757350822173083,0.056,0.06,0.058550000000000005,0.0585,0.0012031209415515952,0.35100000000000003,0.353,0.3521,0.352,0.0006244997998398257,0.009000000000000001,0.011,0.01005,0.01,0.0003840572873934301,32,8,2048,8192,128256,True,688,1
0.027,0.03,0.02895238095238096,0.029,0.0007853534524986016,0.014,0.014,0.014000000000000002,0.014,1.734723475976807e-18,0.128,0.131,0.12875,0.1285,0.0009420721840708395,0.012,0.013000000000000001,0.012050000000000002,0.012,0.0002179449471770339,0.112,0.114,0.11340000000000001,0.113,0.0005830951894845307,0.014,0.014,0.014000000000000002,0.014,1.734723475976807e-18,0.631,0.636,0.6327,0.6325000000000001,0.0012688577540449532,0.057,0.06,0.05825,0.058,0.0009420721840708374,0.34900000000000003,0.35100000000000003,0.35045000000000004,0.35100000000000003,0.0007399324293474377,0.009000000000000001,0.011,0.010100000000000001,0.01,0.00043588989435406706,32,8,2048,8192,128256,True,680,1
0.027,0.03,0.02842857142857143,0.028,0.0007284313590846835,0.014,0.015,0.014050000000000002,0.014,0.00021794494717703353,0.128,0.129,0.1288,0.129,0.0004000000000000003,0.011,0.012,0.011900000000000003,0.012,0.00030000000000000024,0.111,0.113,0.11255000000000001,0.113,0.0005894913061275802,0.014,0.014,0.014000000000000002,0.014,1.734723475976807e-18,0.63,0.635,0.6322,0.632,0.0012884098726725138,0.056,0.058,0.057050000000000003,0.057,0.0008046738469715548,0.34800000000000003,0.35100000000000003,0.34950000000000003,0.34950000000000003,0.0006708203932499376,0.009000000000000001,0.01,0.009250000000000003,0.009000000000000001,0.00043301270189221897,32,8,2048,8192,128256,True,672,1
0.026000000000000002,0.03,0.028238095238095243,0.028,0.0008109231602822096,0.014,0.014,0.014000000000000002,0.014,1.734723475976807e-18,0.128,0.13,0.1287,0.129,0.0006403124237432854,0.011,0.013000000000000001,0.011950000000000002,0.012,0.0005894913061275802,0.111,0.114,0.11250000000000002,0.112,0.000741619848709567,0.014,0.014,0.014000000000000002,0.014,1.734723475976807e-18,0.63,0.634,0.63215,0.632,0.0013143439428094927,0.055,0.058,0.05685,0.057,0.0007921489758877436,0.34700000000000003,0.35000000000000003,0.3486,0.34900000000000003,0.0006633249580710807,0.009000000000000001,0.011,0.009750000000000003,0.01,0.0005361902647381799,32,8,2048,8192,128256,True,664,1
0.026000000000000002,0.029,0.02795238095238096,0.028,0.0007221786137191955,0.014,0.014,0.014000000000000002,0.014,1.734723475976807e-18,0.128,0.133,0.12900000000000003,0.129,0.0010488088481701524,0.011,0.013000000000000001,0.011600000000000003,0.012,0.0005830951894845307,0.111,0.113,0.11205000000000002,0.112,0.0007399324293474378,0.014,0.014,0.014000000000000002,0.014,1.734723475976807e-18,0.629,0.635,0.63235,0.632,0.0013518505834595785,0.055,0.058,0.05685,0.057,0.0007262919523166982,0.34700000000000003,0.35000000000000003,0.3486,0.34900000000000003,0.0006633249580710807,0.009000000000000001,0.01,0.009650000000000002,0.01,0.0004769696007084724,32,8,2048,8192,128256,True,656,1
0.026000000000000002,0.029,0.027619047619047626,0.028,0.0006529194857524807,0.013000000000000001,0.014,0.013300000000000003,0.013000000000000001,0.00045825756949558356,0.128,0.13,0.12885,0.129,0.0004769696007084733,0.011,0.012,0.011400000000000002,0.011,0.000489897948556636,0.11,0.113,0.11185,0.112,0.0007921489758877437,0.013000000000000001,0.014,0.013750000000000004,0.014,0.00043301270189221897,0.629,0.635,0.63195,0.632,0.0014309088021254195,0.054,0.058,0.05565,0.056,0.0009630680142129119,0.34700000000000003,0.34900000000000003,0.34835,0.34800000000000003,0.0005722761571129803,0.009000000000000001,0.01,0.009650000000000002,0.01,0.0004769696007084724,32,8,2048,8192,128256,True,648,1
0.025,0.03,0.027761904761904765,0.028,0.0009209085526577958,0.013000000000000001,0.013000000000000001,0.013000000000000003,0.013000000000000001,1.734723475976807e-18,0.128,0.13,0.12890000000000001,0.129,0.000538516480713451,0.012,0.012,0.012000000000000002,0.012,1.734723475976807e-18,0.09,0.092,0.091,0.091,0.0005477225575051667,0.013000000000000001,0.013000000000000001,0.013000000000000003,0.013000000000000001,1.734723475976807e-18,0.509,0.516,0.5115,0.511,0.0018027756377319963,0.053,0.057,0.05545000000000001,0.056,0.0012031209415515973,0.251,0.257,0.25355,0.253,0.0012031209415515976,0.008,0.009000000000000001,0.008350000000000002,0.008,0.00047696960070847325,32,8,2048,8192,128256,True,640,1
0.025,0.028,0.027095238095238103,0.027,0.0006098213559459854,0.013000000000000001,0.013000000000000001,0.013000000000000003,0.013000000000000001,1.734723475976807e-18,0.128,0.13,0.12890000000000001,0.129,0.000538516480713451,0.011,0.012,0.011800000000000001,0.012,0.00040000000000000034,0.09,0.092,0.09080000000000002,0.091,0.0006782329983125273,0.013000000000000001,0.013000000000000001,0.013000000000000003,0.013000000000000001,1.734723475976807e-18,0.507,0.516,0.5105999999999999,0.5105,0.002353720459187966,0.053,0.057,0.05475,0.055,0.0009937303457175904,0.251,0.257,0.25310000000000005,0.253,0.001513274595042157,0.008,0.009000000000000001,0.008300000000000002,0.008,0.0004582575694955844,32,8,2048,8192,128256,True,632,1
0.024,0.029,0.027000000000000007,0.027,0.0009258200997725514,0.013000000000000001,0.013000000000000001,0.013000000000000003,0.013000000000000001,1.734723475976807e-18,0.128,0.13,0.12905,0.129,0.00038405728739343076,0.011,0.012,0.011800000000000001,0.012,0.0004000000000000004,0.089,0.092,0.09035000000000001,0.09,0.000726291952316698,0.013000000000000001,0.013000000000000001,0.013000000000000003,0.013000000000000001,1.734723475976807e-18,0.506,0.512,0.5096,0.51,0.001392838827718413,0.052000000000000005,0.056,0.0538,0.054,0.0011224972160321818,0.25,0.255,0.25320000000000004,0.253,0.001326649916142161,0.007,0.008,0.0079,0.008,0.00030000000000000003,32,8,2048,8192,128256,True,624,1
0.024,0.028,0.02695238095238096,0.027,0.0009988655696858584,0.012,0.013000000000000001,0.012700000000000003,0.013000000000000001,0.0004582575694955844,0.128,0.13,0.12905,0.129,0.0005894913061275802,0.011,0.012,0.011500000000000002,0.0115,0.0005000000000000004,0.089,0.09,0.08950000000000001,0.0895,0.0005000000000000004,0.013000000000000001,0.013000000000000001,0.013000000000000003,0.013000000000000001,1.734723475976807e-18,0.506,0.511,0.5079499999999999,0.508,0.0012835497652993449,0.052000000000000005,0.055,0.0536,0.054,0.0011575836902790212,0.25,0.256,0.25339999999999996,0.253,0.0015297058540778368,0.007,0.008,0.007800000000000001,0.008,0.0004,32,8,2048,8192,128256,True,616,1
0.023,0.028,0.026523809523809533,0.027,0.0009571310115353225,0.012,0.013000000000000001,0.012200000000000003,0.012,0.00040000000000000034,0.128,0.13,0.12869999999999998,0.129,0.0006403124237432852,0.011,0.012,0.011350000000000002,0.011,0.00047696960070847314,0.089,0.091,0.08945,0.089,0.0005894913061275804,0.012,0.013000000000000001,0.012800000000000002,0.013000000000000001,0.00040000000000000034,0.505,0.511,0.5076499999999999,0.507,0.0015580436450882897,0.05,0.054,0.052100000000000014,0.052000000000000005,0.0013379088160259634,0.251,0.256,0.25264999999999993,0.252,0.0011521718621802922,0.007,0.009000000000000001,0.007800000000000001,0.008,0.0006000000000000002,32,8,2048,8192,128256,True,608,1
0.023,0.027,0.026095238095238102,0.026000000000000002,0.0009712418121129108,0.012,0.013000000000000001,0.012050000000000002,0.012,0.00021794494717703388,0.128,0.13,0.12895,0.129,0.0006689544080129832,0.011,0.012,0.011300000000000001,0.011,0.0004582575694955844,0.088,0.089,0.08864999999999999,0.089,0.0004769696007084732,0.012,0.013000000000000001,0.012400000000000003,0.012,0.000489897948556636,0.504,0.51,0.5077,0.507,0.0015198684153570677,0.05,0.054,0.051900000000000016,0.052000000000000005,0.0010440306508910536,0.25,0.256,0.2526,0.252,0.0014282856857085714,0.007,0.009000000000000001,0.007750000000000002,0.008,0.0005361902647381805,32,8,2048,8192,128256,True,600,1
0.023,0.026000000000000002,0.02571428571428572,0.026000000000000002,0.0006998542122237657,0.012,0.013000000000000001,0.012100000000000003,0.012,0.00030000000000000024,0.128,0.131,0.12915000000000001,0.129,0.0007921489758877438,0.011,0.012,0.011150000000000002,0.011,0.0003570714214271428,0.088,0.09,0.08845,0.088,0.0005894913061275802,0.012,0.013000000000000001,0.012350000000000003,0.012,0.0004769696007084732,0.504,0.509,0.5074000000000001,0.5075000000000001,0.001356465996625055,0.049,0.052000000000000005,0.050850000000000006,0.051000000000000004,0.0007921489758877436,0.251,0.256,0.25275,0.252,0.001336974195712095,0.007,0.008,0.007700000000000001,0.008,0.000458257569495584,32,8,2048,8192,128256,True,592,1
0.022,0.027,0.02557142857142858,0.026000000000000002,0.0009547589359887351,0.012,0.013000000000000001,0.012200000000000003,0.012,0.00040000000000000034,0.128,0.13,0.12910000000000002,0.129,0.0006244997998398404,0.011,0.012,0.01105,0.011,0.0002179449471770339,0.08700000000000001,0.09,0.08825000000000001,0.088,0.0006982120021884451,0.012,0.013000000000000001,0.012150000000000003,0.012,0.0003570714214271428,0.505,0.509,0.50695,0.507,0.001023474474522937,0.049,0.053,0.05065000000000001,0.05,0.001013656746635664,0.249,0.255,0.25225,0.2525,0.0016085707942145426,0.007,0.009000000000000001,0.007450000000000001,0.007,0.00058949130612758,32,8,2048,8192,128256,True,584,1
0.022,0.026000000000000002,0.02533333333333334,0.025,0.0008908708063747488,0.012,0.013000000000000001,0.012050000000000002,0.012,0.0002179449471770339,0.128,0.13,0.12915,0.129,0.0006538348415311016,0.01,0.011,0.010850000000000002,0.011,0.00035707142142714224,0.08600000000000001,0.088,0.08715,0.08700000000000001,0.0005722761571129752,0.012,0.013000000000000001,0.012050000000000002,0.012,0.0002179449471770339,0.504,0.508,0.50615,0.506,0.0011521718621802922,0.048,0.052000000000000005,0.050050000000000004,0.05,0.0008645808232895299,0.25,0.255,0.2526,0.252,0.0013564659966250551,0.007,0.008,0.007350000000000001,0.007,0.00047696960070847287,32,8,2048,8192,128256,True,576,1
0.022,0.026000000000000002,0.025000000000000005,0.025,0.0009759000729485341,0.012,0.013000000000000001,0.012100000000000003,0.012,0.00030000000000000024,0.128,0.13,0.129,0.129,0.0005477225575051667,0.01,0.012,0.010900000000000002,0.011,0.0004358898943540672,0.08600000000000001,0.088,0.08675000000000001,0.08700000000000001,0.0005361902647381793,0.012,0.012,0.012000000000000002,0.012,1.734723475976807e-18,0.505,0.508,0.5059000000000001,0.506,0.0008306623862918082,0.048,0.051000000000000004,0.04910000000000001,0.049,0.0007681145747868615,0.25,0.255,0.25270000000000004,0.253,0.001452583904633396,0.007,0.008,0.007350000000000001,0.007,0.00047696960070847287,32,8,2048,8192,128256,True,568,1
0.022,0.026000000000000002,0.02471428571428572,0.025,0.0008806305718527116,0.012,0.012,0.012000000000000002,0.012,1.734723475976807e-18,0.128,0.13,0.12905000000000003,0.129,0.0004974937185533104,0.01,0.012,0.01055,0.010499999999999999,0.0005894913061275796,0.085,0.08700000000000001,0.08630000000000002,0.08600000000000001,0.0005567764362830027,0.012,0.012,0.012000000000000002,0.012,1.734723475976807e-18,0.504,0.509,0.506,0.506,0.0011832159566199242,0.047,0.05,0.04805000000000001,0.048,0.0009733961166965902,0.251,0.255,0.25270000000000004,0.253,0.0013076696830622032,0.007,0.008,0.007150000000000001,0.007,0.0003570714214271425,32,8,2048,8192,128256,True,560,1
0.021,0.025,0.024047619047619054,0.024,0.0008438116736509215,0.012,0.012,0.012000000000000002,0.012,1.734723475976807e-18,0.128,0.13,0.1289,0.129,0.0007000000000000006,0.01,0.011,0.01025,0.01,0.000433012701892219,0.08600000000000001,0.08700000000000001,0.08635000000000001,0.08600000000000001,0.00047696960070847314,0.012,0.012,0.012000000000000002,0.012,1.734723475976807e-18,0.505,0.509,0.5059000000000001,0.506,0.0009949874371066208,0.046,0.049,0.047700000000000006,0.0475,0.0009000000000000007,0.249,0.255,0.25229999999999997,0.252,0.0013820274961085263,0.007,0.007,0.007000000000000001,0.007,8.673617379884035e-19,32,8,2048,8192,128256,True,552,1
0.02,0.025,0.023666666666666673,0.024,0.00103892496329864,0.011,0.012,0.011750000000000002,0.012,0.00043301270189221973,0.128,0.13,0.1292,0.129,0.0005099019513592789,0.01,0.011,0.010100000000000001,0.01,0.00029999999999999976,0.085,0.08700000000000001,0.08600000000000001,0.08600000000000001,0.0005477225575051667,0.012,0.012,0.012000000000000002,0.012,1.734723475976807e-18,0.504,0.508,0.5056500000000002,0.506,0.0010136567466356656,0.046,0.05,0.04730000000000001,0.047,0.0011000000000000012,0.251,0.256,0.2529,0.2525,0.0012206555615733713,0.006,0.008,0.006850000000000002,0.007,0.0004769696007084728,32,8,2048,8192,128256,True,544,1
0.02,0.025,0.023666666666666673,0.024,0.0009920317455237937,0.011,0.012,0.011900000000000003,0.012,0.00030000000000000024,0.128,0.13,0.129,0.129,0.0005477225575051667,0.01,0.01,0.010000000000000002,0.01,1.734723475976807e-18,0.085,0.08700000000000001,0.08595000000000001,0.08600000000000001,0.0005894913061275804,0.011,0.012,0.011950000000000002,0.012,0.00021794494717703385,0.504,0.507,0.5054000000000001,0.505,0.0006633249580710806,0.045,0.049,0.04655000000000001,0.0465,0.0012031209415515976,0.25,0.255,0.25275,0.253,0.0010897247358851695,0.006,0.007,0.006700000000000002,0.007,0.00045825756949558405,32,8,2048,8192,128256,True,536,1
0.021,0.025,0.02352380952380953,0.024,0.0007939681905015748,0.011,0.012,0.011650000000000002,0.012,0.00047696960070847325,0.128,0.13,0.12905,0.129,0.0005894913061275802,0.01,0.011,0.01005,0.01,0.00021794494717703353,0.085,0.08600000000000001,0.08545,0.085,0.0004974937185533104,0.011,0.012,0.011550000000000001,0.012,0.0004974937185533105,0.504,0.507,0.50575,0.506,0.0008291561975888507,0.045,0.048,0.04580000000000001,0.046,0.0008717797887081354,0.25,0.255,0.25245,0.252,0.0012031209415515976,0.006,0.007,0.006550000000000002,0.007,0.00049749371855331,32,8,2048,8192,128256,True,528,1
0.02,0.024,0.02285714285714286,0.023,0.0007095078297976828,0.011,0.012,0.011250000000000001,0.011,0.0004330127018922198,0.128,0.13,0.1288,0.129,0.0005099019513592789,0.01,0.01,0.010000000000000002,0.01,1.734723475976807e-18,0.085,0.08700000000000001,0.08555000000000001,0.0855,0.0005894913061275802,0.011,0.012,0.011350000000000002,0.011,0.00047696960070847314,0.503,0.507,0.5051500000000001,0.505,0.001061838029079766,0.044,0.048,0.045750000000000006,0.046,0.0010428326807307114,0.25,0.255,0.2519,0.252,0.0013747727084867532,0.006,0.008,0.0065000000000000014,0.006,0.0005916079783099615,32,8,2048,8192,128256,True,520,1
0.02,0.023,0.02152380952380953,0.022,0.0006632565846278143,0.011,0.012,0.01105,0.011,0.0002179449471770339,0.128,0.13,0.12910000000000002,0.129,0.0006244997998398403,0.01,0.01,0.010000000000000002,0.01,1.734723475976807e-18,0.084,0.08600000000000001,0.08485000000000001,0.085,0.0006538348415311015,0.011,0.012,0.011100000000000002,0.011,0.0003000000000000003,0.46,0.509,0.4840000000000001,0.48450000000000004,0.021473239159474744,0.044,0.047,0.04505000000000001,0.045,0.0007399324293474377,0.272,0.275,0.27344999999999997,0.273,0.0006689544080129832,0.006,0.007,0.006250000000000001,0.006,0.00043301270189221935,32,8,2048,8192,128256,True,512,1
0.019,0.023,0.021380952380952382,0.021,0.0007853534524986013,0.011,0.011,0.011000000000000001,0.011,1.734723475976807e-18,0.128,0.13,0.12860000000000002,0.129,0.0005830951894845306,0.01,0.01,0.010000000000000002,0.01,1.734723475976807e-18,0.085,0.08600000000000001,0.08530000000000001,0.085,0.0004582575694955844,0.011,0.011,0.011000000000000001,0.011,1.734723475976807e-18,0.458,0.506,0.48310000000000003,0.502,0.022232633672149584,0.042,0.045,0.043800000000000006,0.044,0.0008717797887081326,0.271,0.274,0.27260000000000006,0.273,0.0007348469228349541,0.006,0.007,0.0065000000000000014,0.006500000000000001,0.0005,32,8,2048,8192,128256,True,504,1
0.02,0.022,0.021142857142857147,0.021,0.0005593971487843197,0.011,0.011,0.011000000000000001,0.011,1.734723475976807e-18,0.128,0.13,0.12890000000000001,0.129,0.0007000000000000006,0.009000000000000001,0.01,0.009950000000000004,0.01,0.00021794494717703353,0.084,0.08600000000000001,0.08480000000000001,0.085,0.000509901951359279,0.011,0.011,0.011000000000000001,0.011,1.734723475976807e-18,0.456,0.503,0.4861,0.501,0.021168136431911046,0.042,0.046,0.043800000000000006,0.044,0.0009797958971132692,0.271,0.273,0.27205,0.272,0.0005894913061275802,0.006,0.007,0.006650000000000001,0.007,0.00047696960070847287,32,8,2048,8192,128256,True,496,1
0.019,0.022,0.020809523809523812,0.021,0.0007315376902732007,0.01,0.011,0.010750000000000001,0.011,0.00043301270189221897,0.128,0.13,0.12855,0.1285,0.0005894913061275802,0.009000000000000001,0.01,0.009500000000000003,0.009500000000000001,0.0004999999999999995,0.085,0.08700000000000001,0.08575000000000002,0.08600000000000001,0.0006224949798994372,0.011,0.011,0.011000000000000001,0.011,1.734723475976807e-18,0.457,0.502,0.4814,0.499,0.02139252205795286,0.041,0.045,0.04275,0.043000000000000003,0.0008874119674649413,0.269,0.273,0.27120000000000005,0.271,0.000979795897113272,0.006,0.007,0.006250000000000001,0.006,0.00043301270189221935,32,8,2048,8192,128256,True,488,1
0.019,0.023,0.020476190476190478,0.02,0.000793968190501575,0.01,0.01,0.010000000000000002,0.01,1.734723475976807e-18,0.128,0.13,0.12845,0.128,0.0006689544080129832,0.009000000000000001,0.01,0.009100000000000002,0.009000000000000001,0.00029999999999999976,0.084,0.08600000000000001,0.08430000000000001,0.084,0.0005567764362830027,0.01,0.011,0.010050000000000002,0.01,0.00021794494717703353,0.458,0.502,0.49814999999999987,0.5,0.009302015910543257,0.04,0.044,0.04200000000000001,0.042,0.0008366600265340754,0.269,0.271,0.27010000000000006,0.27,0.0006244997998398403,0.006,0.006,0.006000000000000001,0.006,8.673617379884035e-19,32,8,2048,8192,128256,True,480,1
0.018000000000000002,0.022,0.020190476190476196,0.02,0.0007315376902732003,0.01,0.01,0.010000000000000002,0.01,1.734723475976807e-18,0.128,0.131,0.12875,0.129,0.0007664854858377951,0.009000000000000001,0.009000000000000001,0.009000000000000003,0.009000000000000001,1.734723475976807e-18,0.084,0.08600000000000001,0.08520000000000001,0.085,0.000748331477354789,0.01,0.01,0.010000000000000002,0.01,1.734723475976807e-18,0.456,0.502,0.4920000000000001,0.5,0.017300289014926883,0.04,0.043000000000000003,0.04085000000000001,0.041,0.0007262919523166982,0.268,0.271,0.26880000000000004,0.269,0.0007483314773547889,0.006,0.007,0.006150000000000001,0.006,0.0003570714214271425,32,8,2048,8192,128256,True,472,1
0.018000000000000002,0.021,0.019714285714285722,0.02,0.0007648751621051913,0.01,0.01,0.010000000000000002,0.01,1.734723475976807e-18,0.128,0.13,0.12865,0.129,0.0006538348415311015,0.008,0.009000000000000001,0.008900000000000002,0.009000000000000001,0.0003000000000000003,0.084,0.085,0.08449999999999999,0.0845,0.0005000000000000004,0.01,0.01,0.010000000000000002,0.01,1.734723475976807e-18,0.457,0.504,0.49799999999999994,0.5,0.009486832980505134,0.039,0.044,0.040150000000000005,0.04,0.0011521718621802911,0.266,0.269,0.26745,0.2675,0.0008645808232895299,0.006,0.007,0.0060500000000000016,0.006,0.0002179449471770337,32,8,2048,8192,128256,True,464,1
0.018000000000000002,0.021,0.019714285714285722,0.02,0.0006281383789653772,0.01,0.01,0.010000000000000002,0.01,1.734723475976807e-18,0.128,0.13,0.12835000000000002,0.128,0.0005722761571129804,0.008,0.009000000000000001,0.008850000000000002,0.009000000000000001,0.0003570714214271428,0.084,0.08600000000000001,0.08510000000000001,0.085,0.0007681145747868615,0.01,0.01,0.010000000000000002,0.01,1.734723475976807e-18,0.458,0.503,0.49800000000000005,0.5,0.0092736184954957,0.038,0.041,0.039700000000000006,0.04,0.0009000000000000007,0.265,0.268,0.26609999999999995,0.266,0.0009949874371066208,0.006,0.012,0.0063500000000000015,0.006,0.0013143439428094914,32,8,2048,8192,128256,True,456,1
0.017,0.02,0.019666666666666673,0.02,0.0007126966450997983,0.009000000000000001,0.01,0.009900000000000003,0.01,0.00029999999999999976,0.127,0.13,0.12825000000000003,0.128,0.0007664854858377951,0.008,0.009000000000000001,0.008800000000000002,0.009000000000000001,0.00040000000000000034,0.088,0.09,0.08929999999999999,0.089,0.0005567764362830027,0.01,0.01,0.010000000000000002,0.01,1.734723475976807e-18,0.457,0.502,0.49770000000000003,0.5,0.009407975340103732,0.037,0.041,0.03880000000000001,0.039,0.0009273618495495712,0.262,0.266,0.26415,0.264,0.0010136567466356656,0.006,0.006,0.006000000000000001,0.006,8.673617379884035e-19,32,8,2048,8192,128256,True,448,1
0.019,0.021,0.019380952380952384,0.019,0.000575383141599742,0.009000000000000001,0.01,0.009500000000000003,0.009500000000000001,0.0004999999999999995,0.11800000000000001,0.12,0.1193,0.11900000000000001,0.0006403124237432794,0.008,0.008,0.008000000000000002,0.008,1.734723475976807e-18,0.088,0.09,0.08895,0.089,0.0005894913061275802,0.01,0.01,0.010000000000000002,0.01,1.734723475976807e-18,0.456,0.502,0.4951499999999999,0.499,0.012654149517055655,0.037,0.04,0.038250000000000006,0.038,0.0008291561975888506,0.26,0.264,0.26295,0.263,0.0009733961166965902,0.006,0.006,0.006000000000000001,0.006,8.673617379884035e-19,32,8,2048,8192,128256,True,440,1
0.017,0.02,0.01871428571428572,0.019,0.0006998542122237642,0.009000000000000001,0.01,0.009350000000000002,0.009000000000000001,0.0004769696007084724,0.117,0.11900000000000001,0.11870000000000003,0.11900000000000001,0.0005567764362830027,0.008,0.008,0.008000000000000002,0.008,1.734723475976807e-18,0.088,0.09,0.0888,0.089,0.0006000000000000005,0.01,0.01,0.010000000000000002,0.01,1.734723475976807e-18,0.456,0.502,0.4936,0.4995,0.01531143363633856,0.037,0.04,0.03810000000000001,0.038,0.0007000000000000005,0.259,0.263,0.26105,0.261,0.0009733961166965902,0.005,0.007,0.0060500000000000016,0.006,0.0003840572873934304,32,8,2048,8192,128256,True,432,1
0.017,0.02,0.01871428571428572,0.019,0.0006281383789653762,0.009000000000000001,0.01,0.009150000000000002,0.009000000000000001,0.00035707142142714214,0.11900000000000001,0.121,0.12000000000000004,0.12,0.0007745966692414788,0.008,0.008,0.008000000000000002,0.008,1.734723475976807e-18,0.088,0.09,0.0888,0.089,0.000509901951359279,0.009000000000000001,0.01,0.009900000000000003,0.01,0.00029999999999999976,0.5,0.505,0.50185,0.5015000000000001,0.0011947803145348531,0.036000000000000004,0.039,0.03785000000000001,0.038,0.0007921489758877428,0.249,0.254,0.25139999999999996,0.251,0.001280624847486571,0.005,0.006,0.005950000000000001,0.006,0.00021794494717703366,32,8,2048,8192,128256,True,424,1
0.017,0.02,0.01866666666666667,0.019,0.0007126966450997974,0.009000000000000001,0.01,0.009050000000000002,0.009000000000000001,0.00021794494717703353,0.11900000000000001,0.121,0.11995000000000003,0.12,0.0005894913061275759,0.008,0.008,0.008000000000000002,0.008,1.734723475976807e-18,0.092,0.095,0.09340000000000001,0.093,0.0008602325267042635,0.009000000000000001,0.01,0.009600000000000003,0.01,0.0004898979485566352,0.46,0.506,0.5003499999999999,0.502,0.009360956147744733,0.036000000000000004,0.039,0.03720000000000001,0.037,0.0008717797887081331,0.25,0.257,0.25185,0.251,0.0014924811556599313,0.005,0.006,0.005550000000000001,0.006,0.00049749371855331,32,8,2048,8192,128256,True,416,1
0.017,0.019,0.018476190476190483,0.019,0.0005870870479018062,0.009000000000000001,0.01,0.009050000000000002,0.009000000000000001,0.00021794494717703353,0.11900000000000001,0.121,0.1199,0.12,0.0006244997998398355,0.008,0.008,0.008000000000000002,0.008,1.734723475976807e-18,0.093,0.096,0.0942,0.094,0.0009273618495495712,0.009000000000000001,0.01,0.009550000000000003,0.01,0.0004974937185533095,0.5,0.504,0.5019,0.502,0.0013747727084867532,0.035,0.038,0.03655000000000001,0.036000000000000004,0.0009205976319760962,0.249,0.254,0.25170000000000003,0.2515,0.0013453624047073721,0.005,0.006,0.005700000000000001,0.006,0.00045825756949558405,32,8,2048,8192,128256,True,408,1
0.017,0.019,0.018238095238095244,0.018000000000000002,0.0006098213559459847,0.009000000000000001,0.01,0.009050000000000002,0.009000000000000001,0.00021794494717703353,0.11800000000000001,0.121,0.11950000000000002,0.1195,0.0008062257748298496,0.007,0.008,0.007450000000000001,0.007,0.0004974937185533101,0.092,0.095,0.0935,0.094,0.000741619848709567,0.009000000000000001,0.01,0.009150000000000002,0.009000000000000001,0.00035707142142714214,0.498,0.504,0.50175,0.502,0.0017284386017443621,0.035,0.037,0.03610000000000001,0.036000000000000004,0.0006999999999999979,0.25,0.257,0.2519,0.251,0.0019209372712298564,0.005,0.006,0.0055000000000000005,0.0055,0.0005,32,8,2048,8192,128256,True,400,1
0.015,0.019,0.01790476190476191,0.018000000000000002,0.0008676603408708855,0.009000000000000001,0.01,0.009050000000000002,0.009000000000000001,0.00021794494717703353,0.11800000000000001,0.12,0.11890000000000003,0.11900000000000001,0.0005385164807134481,0.007,0.008,0.007250000000000001,0.007,0.00043301270189221935,0.091,0.094,0.093,0.093,0.0007745966692414842,0.009000000000000001,0.01,0.009200000000000003,0.009000000000000001,0.0003999999999999997,0.461,0.504,0.4991,0.5015000000000001,0.008865100112237873,0.033,0.039,0.03565000000000001,0.035500000000000004,0.0013518505834595764,0.25,0.253,0.25165000000000004,0.251,0.0010136567466356656,0.005,0.006,0.005300000000000001,0.005,0.0004582575694955841,32,8,2048,8192,128256,True,392,1
0.017,0.019,0.01771428571428572,0.018000000000000002,0.0006998542122237648,0.009000000000000001,0.009000000000000001,0.009000000000000003,0.009000000000000001,1.734723475976807e-18,0.08,0.083,0.08120000000000002,0.081,0.0008124038404635968,0.007,0.007,0.007000000000000001,0.007,8.673617379884035e-19,0.08,0.084,0.082,0.082,0.0010000000000000009,0.009000000000000001,0.009000000000000001,0.009000000000000003,0.009000000000000001,1.734723475976807e-18,0.378,0.381,0.37915,0.379,0.001107925990308018,0.034,0.036000000000000004,0.034850000000000006,0.035,0.0007921489758877436,0.194,0.199,0.19630000000000003,0.196,0.001100000000000001,0.005,0.006,0.0051,0.005,0.00030000000000000003,32,8,2048,8192,128256,True,384,1
0.017,0.018000000000000002,0.01728571428571429,0.017,0.00045175395145262605,0.009000000000000001,0.009000000000000001,0.009000000000000003,0.009000000000000001,1.734723475976807e-18,0.08,0.082,0.0811,0.081,0.0007000000000000005,0.007,0.008,0.007050000000000001,0.007,0.0002179449471770337,0.08,0.083,0.08165,0.082,0.0010136567466356656,0.009000000000000001,0.009000000000000001,0.009000000000000003,0.009000000000000001,1.734723475976807e-18,0.377,0.38,0.37829999999999997,0.378,0.0009000000000000008,0.032,0.035,0.03415000000000001,0.034,0.0008529361054615998,0.194,0.198,0.19585000000000002,0.196,0.0009630680142129119,0.005,0.006,0.0051,0.005,0.00030000000000000003,32,8,2048,8192,128256,True,376,1
0.016,0.018000000000000002,0.017238095238095243,0.017,0.0006098213559459861,0.008,0.009000000000000001,0.008600000000000002,0.009000000000000001,0.000489897948556636,0.079,0.082,0.0801,0.08,0.0007681145747868615,0.007,0.007,0.007000000000000001,0.007,8.673617379884035e-19,0.078,0.081,0.08005,0.08,0.0008645808232895299,0.009000000000000001,0.009000000000000001,0.009000000000000003,0.009000000000000001,1.734723475976807e-18,0.377,0.38,0.3782,0.378,0.0009273618495495713,0.032,0.035,0.033650000000000006,0.034,0.0009096702699330133,0.194,0.198,0.19590000000000002,0.196,0.0011357816691600557,0.005,0.006,0.005050000000000001,0.005,0.0002179449471770337,32,8,2048,8192,128256,True,368,1
0.016,0.017,0.016761904761904766,0.017,0.00042591770999996035,0.008,0.009000000000000001,0.008400000000000001,0.008,0.0004898979485566361,0.079,0.083,0.08065,0.081,0.0009630680142129119,0.007,0.007,0.007000000000000001,0.007,8.673617379884035e-19,0.079,0.083,0.08000000000000002,0.08,0.0010000000000000009,0.009000000000000001,0.009000000000000001,0.009000000000000003,0.009000000000000001,1.734723475976807e-18,0.377,0.38,0.37815000000000004,0.378,0.0008529361054615998,0.032,0.034,0.033100000000000004,0.033,0.0006244997998398403,0.193,0.197,0.19540000000000005,0.196,0.0010198039027185578,0.005,0.005,0.005000000000000001,0.005,8.673617379884035e-19,32,8,2048,8192,128256,True,360,1
0.014,0.017,0.015904761904761908,0.016,0.0006098213559459858,0.008,0.009000000000000001,0.008150000000000001,0.008,0.0003570714214271428,0.08,0.082,0.0809,0.081,0.0006244997998398403,0.007,0.008,0.007050000000000001,0.007,0.0002179449471770337,0.078,0.081,0.07945,0.08,0.0009205976319760994,0.008,0.009000000000000001,0.008550000000000002,0.009000000000000001,0.0004974937185533104,0.376,0.38,0.37770000000000004,0.378,0.0008426149773176366,0.032,0.034,0.03255000000000001,0.032,0.0006689544080129831,0.194,0.197,0.19525000000000003,0.195,0.0009937303457175904,0.005,0.005,0.005000000000000001,0.005,8.673617379884035e-19,32,8,2048,8192,128256,True,352,1
0.014,0.016,0.015619047619047623,0.016,0.0005753831415997418,0.008,0.009000000000000001,0.008100000000000001,0.008,0.0003000000000000003,0.08,0.082,0.08065000000000001,0.081,0.0006538348415311016,0.007,0.007,0.007000000000000001,0.007,8.673617379884035e-19,0.078,0.081,0.07955000000000001,0.08,0.0008046738469715547,0.008,0.008,0.008000000000000002,0.008,1.734723475976807e-18,0.376,0.379,0.3774,0.3775,0.001019803902718558,0.031,0.033,0.031700000000000006,0.032,0.0005567764362830027,0.192,0.197,0.19450000000000003,0.195,0.0013964240043768954,0.005,0.005,0.005000000000000001,0.005,8.673617379884035e-19,32,8,2048,8192,128256,True,344,1
0.014,0.016,0.015095238095238097,0.015,0.0004259177099999601,0.008,0.008,0.008000000000000002,0.008,1.734723475976807e-18,0.081,0.084,0.08215,0.082,0.0007921489758877436,0.007,0.007,0.007000000000000001,0.007,8.673617379884035e-19,0.076,0.079,0.0776,0.078,0.0007348469228349541,0.008,0.009000000000000001,0.008050000000000002,0.008,0.0002179449471770339,0.375,0.379,0.3772,0.377,0.0009797958971132722,0.03,0.033,0.031400000000000004,0.031,0.0007348469228349541,0.191,0.197,0.19444999999999996,0.195,0.0012835497652993447,0.005,0.005,0.005000000000000001,0.005,8.673617379884035e-19,32,8,2048,8192,128256,True,336,1
0.015,0.016,0.015047619047619051,0.015,0.00021295885499998017,0.008,0.009000000000000001,0.008050000000000002,0.008,0.0002179449471770339,0.081,0.084,0.08210000000000002,0.082,0.0007000000000000006,0.007,0.008,0.007050000000000001,0.007,0.0002179449471770337,0.077,0.079,0.0779,0.078,0.0007681145747868615,0.008,0.008,0.008000000000000002,0.008,1.734723475976807e-18,0.376,0.379,0.37695,0.377,0.0009205976319760994,0.03,0.033,0.030950000000000005,0.031,0.0007399324293474377,0.191,0.196,0.19415000000000002,0.195,0.001525614630239237,0.005,0.005,0.005000000000000001,0.005,8.673617379884035e-19,32,8,2048,8192,128256,True,328,1
0.014,0.015,0.014333333333333335,0.014,0.0004714045207910312,0.007,0.008,0.007150000000000001,0.007,0.0003570714214271425,0.081,0.083,0.08170000000000001,0.082,0.0006403124237432854,0.006,0.006,0.006000000000000001,0.006,8.673617379884035e-19,0.061,0.065,0.06289999999999998,0.063,0.0010440306508910562,0.008,0.008,0.008000000000000002,0.008,1.734723475976807e-18,0.374,0.378,0.3765,0.377,0.0012449899597988744,0.027,0.03,0.029300000000000003,0.029,0.0007810249675906647,0.191,0.195,0.19349999999999998,0.1935,0.0011618950038622263,0.005,0.005,0.005000000000000001,0.005,8.673617379884035e-19,32,8,2048,8192,128256,True,320,1
0.013000000000000001,0.015,0.013809523809523813,0.014,0.0004994327848429289,0.007,0.008,0.0071,0.007,0.00030000000000000003,0.081,0.083,0.0819,0.082,0.0004358898943540678,0.006,0.006,0.006000000000000001,0.006,8.673617379884035e-19,0.062,0.064,0.06295000000000002,0.063,0.0008046738469715548,0.007,0.008,0.007550000000000001,0.008,0.00049749371855331,0.374,0.379,0.37635,0.376,0.0012359207094308285,0.027,0.029,0.028300000000000002,0.028,0.0006403124237432854,0.189,0.195,0.1925,0.193,0.0014317821063276365,0.004,0.005,0.004650000000000001,0.005,0.00047696960070847287,32,8,2048,8192,128256,True,312,1
0.013000000000000001,0.014,0.013380952380952386,0.013000000000000001,0.00048562090605645526,0.007,0.008,0.007050000000000001,0.007,0.0002179449471770337,0.081,0.084,0.08200000000000002,0.082,0.0007745966692414841,0.006,0.006,0.006000000000000001,0.006,8.673617379884035e-19,0.061,0.064,0.0624,0.062,0.0008602325267042635,0.007,0.008,0.007350000000000001,0.007,0.00047696960070847287,0.375,0.378,0.37629999999999997,0.376,0.0008426149773176366,0.026000000000000002,0.029,0.02795000000000001,0.028,0.0008645808232895291,0.19,0.194,0.1923,0.192,0.001228820572744452,0.004,0.005,0.004550000000000001,0.005,0.00049749371855331,32,8,2048,8192,128256,True,304,1
0.012,0.014,0.013095238095238099,0.013000000000000001,0.00042591770999995975,0.007,0.008,0.0071,0.007,0.00030000000000000003,0.081,0.083,0.08190000000000001,0.082,0.000538516480713451,0.006,0.006,0.006000000000000001,0.006,8.673617379884035e-19,0.061,0.064,0.062450000000000006,0.062,0.0008645808232895299,0.007,0.008,0.007150000000000001,0.007,0.0003570714214271425,0.374,0.378,0.37635,0.3765,0.001107925990308018,0.026000000000000002,0.03,0.02755000000000001,0.027,0.000864580823289529,0.188,0.195,0.19245,0.192,0.0014991664350564962,0.004,0.005,0.0043500000000000014,0.004,0.0004769696007084728,32,8,2048,8192,128256,True,296,1
0.013000000000000001,0.014,0.013142857142857147,0.013000000000000001,0.00034992710611188234,0.007,0.008,0.007050000000000001,0.007,0.0002179449471770337,0.095,0.099,0.09655,0.097,0.0009733961166965902,0.006,0.007,0.0062000000000000015,0.006,0.0004,0.061,0.064,0.06219999999999999,0.062,0.0008717797887081355,0.007,0.008,0.0075000000000000015,0.0075,0.0005,0.375,0.379,0.37699999999999995,0.377,0.0010488088481701524,0.025,0.028,0.026850000000000006,0.027,0.0007262919523166969,0.191,0.195,0.19245,0.1925,0.0012031209415515976,0.004,0.005,0.004100000000000001,0.004,0.00030000000000000003,32,8,2048,8192,128256,True,288,1
0.012,0.014,0.013095238095238099,0.013000000000000001,0.0004259177099999598,0.007,0.008,0.007050000000000001,0.007,0.0002179449471770337,0.094,0.098,0.09605000000000001,0.096,0.0011169153951844349,0.006,0.007,0.0062000000000000015,0.006,0.0004,0.061,0.064,0.0622,0.062,0.0009273618495495712,0.007,0.008,0.007050000000000001,0.007,0.0002179449471770337,0.375,0.379,0.37675,0.377,0.0010897247358851695,0.025,0.027,0.025750000000000006,0.026000000000000002,0.0006224949798994365,0.189,0.194,0.19175000000000003,0.192,0.0014790199457749055,0.004,0.005,0.004250000000000001,0.004,0.00043301270189221935,32,8,2048,8192,128256,True,280,1
0.012,0.014,0.01266666666666667,0.013000000000000001,0.0006424160744396213,0.007,0.007,0.007000000000000001,0.007,8.673617379884035e-19,0.094,0.098,0.09630000000000001,0.096,0.001228820572744452,0.006,0.007,0.0060500000000000016,0.006,0.0002179449471770337,0.059000000000000004,0.064,0.06179999999999999,0.062,0.0010295630140987,0.007,0.008,0.007150000000000001,0.007,0.0003570714214271425,0.376,0.38,0.3782,0.3785,0.001029563014098701,0.024,0.027,0.025750000000000006,0.026000000000000002,0.0006224949798994368,0.19,0.194,0.1921,0.192,0.0012206555615733713,0.004,0.005,0.004250000000000001,0.004,0.00043301270189221935,32,8,2048,8192,128256,True,272,1
0.011,0.013000000000000001,0.011952380952380956,0.012,0.00037495275590532473,0.007,0.007,0.007000000000000001,0.007,8.673617379884035e-19,0.092,0.096,0.09420000000000002,0.094,0.0010770329614269018,0.006,0.006,0.006000000000000001,0.006,8.673617379884035e-19,0.059000000000000004,0.062,0.06074999999999999,0.061,0.0006224949798994362,0.007,0.007,0.007000000000000001,0.007,8.673617379884035e-19,0.375,0.379,0.3763,0.376,0.0009539392014169466,0.024,0.027,0.025100000000000004,0.025,0.0006244997998398398,0.188,0.195,0.19115,0.191,0.0017109938632268687,0.004,0.004,0.004000000000000001,0.004,8.673617379884035e-19,32,8,2048,8192,128256,True,264,1
0.01,0.013000000000000001,0.012000000000000002,0.012,0.0006900655593423547,0.007,0.007,0.007000000000000001,0.007,8.673617379884035e-19,0.085,0.089,0.0872,0.08700000000000001,0.0011661903789690552,0.006,0.006,0.006000000000000001,0.006,8.673617379884035e-19,0.053,0.056,0.054349999999999996,0.054,0.0009096702699330133,0.007,0.008,0.007150000000000001,0.007,0.0003570714214271425,0.261,0.266,0.26350000000000007,0.2635,0.0014662878298615193,0.023,0.026000000000000002,0.024400000000000005,0.024,0.0007348469228349541,0.158,0.16,0.15904999999999997,0.159,0.0005894913061275804,0.004,0.005,0.004050000000000001,0.004,0.0002179449471770337,32,8,2048,8192,128256,True,256,1
0.01,0.013000000000000001,0.01204761904761905,0.012,0.0005753831415997416,0.007,0.007,0.007000000000000001,0.007,8.673617379884035e-19,0.085,0.088,0.08620000000000001,0.08600000000000001,0.0008124038404635952,0.006,0.006,0.006000000000000001,0.006,8.673617379884035e-19,0.053,0.056,0.0539,0.054,0.0007000000000000006,0.007,0.007,0.007000000000000001,0.007,8.673617379884035e-19,0.261,0.264,0.2622000000000001,0.262,0.0009273618495495713,0.022,0.025,0.023750000000000004,0.024,0.0007664854858377954,0.156,0.159,0.1573,0.157,0.0007141428428542857,0.004,0.005,0.004100000000000001,0.004,0.00030000000000000003,32,8,2048,8192,128256,True,248,1
0.01,0.013000000000000001,0.011714285714285717,0.012,0.0006281383789653775,0.007,0.007,0.007000000000000001,0.007,8.673617379884035e-19,0.084,0.088,0.08565000000000002,0.08600000000000001,0.0010136567466356638,0.005,0.005,0.005000000000000001,0.005,8.673617379884035e-19,0.052000000000000005,0.055,0.05335000000000001,0.053,0.0007921489758877418,0.007,0.007,0.007000000000000001,0.007,8.673617379884035e-19,0.261,0.263,0.26175000000000004,0.262,0.0006982120021884477,0.022,0.025,0.023500000000000004,0.0235,0.0006708203932499376,0.155,0.157,0.15605,0.156,0.0006689544080129831,0.004,0.005,0.004200000000000001,0.004,0.0004,32,8,2048,8192,128256,True,240,1
0.01,0.012,0.01123809523809524,0.011,0.0005259695722470126,0.007,0.007,0.007000000000000001,0.007,8.673617379884035e-19,0.084,0.08700000000000001,0.08525,0.085,0.0009937303457175906,0.005,0.005,0.005000000000000001,0.005,8.673617379884035e-19,0.052000000000000005,0.054,0.052700000000000004,0.053,0.0005567764362829996,0.007,0.007,0.007000000000000001,0.007,8.673617379884035e-19,0.259,0.263,0.2611,0.261,0.001135781669160056,0.022,0.024,0.022650000000000003,0.0225,0.0007262919523166982,0.154,0.157,0.15544999999999998,0.1555,0.0008645808232895299,0.004,0.004,0.004000000000000001,0.004,8.673617379884035e-19,32,8,2048,8192,128256,True,232,1
0.009000000000000001,0.012,0.01080952380952381,0.011,0.000587087047901807,0.007,0.007,0.007000000000000001,0.007,8.673617379884035e-19,0.083,0.08700000000000001,0.08480000000000001,0.085,0.001166190378969061,0.005,0.005,0.005000000000000001,0.005,8.673617379884035e-19,0.051000000000000004,0.053,0.05215000000000001,0.052000000000000005,0.0006538348415310989,0.007,0.007,0.007000000000000001,0.007,8.673617379884035e-19,0.26,0.263,0.26084999999999997,0.261,0.0007921489758877438,0.021,0.023,0.02185,0.022,0.0007921489758877421,0.154,0.156,0.15464999999999995,0.155,0.0005722761571129803,0.004,0.004,0.004000000000000001,0.004,8.673617379884035e-19,32,8,2048,8192,128256,True,224,1
0.009000000000000001,0.011,0.01042857142857143,0.01,0.0005832118435198037,0.007,0.007,0.007000000000000001,0.007,8.673617379884035e-19,0.083,0.08600000000000001,0.0839,0.084,0.0009433981132056612,0.005,0.005,0.005000000000000001,0.005,8.673617379884035e-19,0.051000000000000004,0.054,0.051900000000000016,0.052000000000000005,0.000699999999999999,0.007,0.007,0.007000000000000001,0.007,8.673617379884035e-19,0.259,0.263,0.26075000000000004,0.261,0.0009937303457175904,0.02,0.022,0.021050000000000003,0.021,0.0004974937185533095,0.153,0.155,0.15350000000000003,0.153,0.0005916079783099621,0.004,0.004,0.004000000000000001,0.004,8.673617379884035e-19,32,8,2048,8192,128256,True,216,1
0.009000000000000001,0.012,0.01061904761904762,0.011,0.000722178613719195,0.007,0.007,0.007000000000000001,0.007,8.673617379884035e-19,0.08,0.084,0.08225,0.082,0.0010428326807307116,0.005,0.005,0.005000000000000001,0.005,8.673617379884035e-19,0.05,0.052000000000000005,0.051050000000000005,0.051000000000000004,0.0005894913061275804,0.007,0.007,0.007000000000000001,0.007,8.673617379884035e-19,0.258,0.262,0.26010000000000005,0.26,0.0010908712114635725,0.02,0.022,0.0206,0.021,0.0005830951894845301,0.151,0.153,0.15205000000000002,0.152,0.0007399324293474377,0.004,0.004,0.004000000000000001,0.004,8.673617379884035e-19,32,8,2048,8192,128256,True,208,1
0.008,0.011,0.010142857142857144,0.01,0.0006388765649999397,0.006,0.007,0.006800000000000002,0.007,0.0004,0.08,0.084,0.0819,0.082,0.000994987437106621,0.005,0.005,0.005000000000000001,0.005,8.673617379884035e-19,0.05,0.052000000000000005,0.05100000000000001,0.051000000000000004,0.0007745966692414841,0.007,0.007,0.007000000000000001,0.007,8.673617379884035e-19,0.258,0.262,0.25980000000000003,0.26,0.0008717797887081354,0.019,0.022,0.02025,0.02,0.0007664854858377944,0.15,0.153,0.15150000000000002,0.1515,0.0006708203932499374,0.004,0.01,0.004300000000000001,0.004,0.0013076696830622023,32,8,2048,8192,128256,True,200,1
0.008,0.01,0.008904761904761907,0.009000000000000001,0.00042591770999996013,0.006,0.007,0.006400000000000001,0.006,0.0004898979485566357,0.06,0.063,0.0619,0.062,0.0008888194417315596,0.005,0.005,0.005000000000000001,0.005,8.673617379884035e-19,0.043000000000000003,0.045,0.043750000000000004,0.044,0.000536190264738178,0.006,0.007,0.006600000000000002,0.007,0.0004898979485566356,0.254,0.258,0.25575,0.256,0.0010897247358851695,0.018000000000000002,0.02,0.019100000000000006,0.019,0.0005385164807134503,0.125,0.129,0.12705,0.127,0.0012031209415515976,0.004,0.004,0.004000000000000001,0.004,8.673617379884035e-19,32,8,2048,8192,128256,True,192,1
0.007,0.01,0.008619047619047622,0.009000000000000001,0.0006529194857524807,0.006,0.007,0.0062000000000000015,0.006,0.0004,0.06,0.063,0.06124999999999999,0.061,0.0009937303457175904,0.005,0.005,0.005000000000000001,0.005,8.673617379884035e-19,0.042,0.044,0.0432,0.043000000000000003,0.0005099019513592762,0.006,0.007,0.006250000000000001,0.006,0.00043301270189221935,0.254,0.258,0.2551,0.255,0.0012206555615733713,0.018000000000000002,0.02,0.018650000000000007,0.019,0.0005722761571129788,0.124,0.13,0.1267,0.1265,0.0016763054614240224,0.003,0.012,0.004100000000000001,0.004,0.00186815416922694,32,8,2048,8192,128256,True,184,1
0.008,0.01,0.00866666666666667,0.009000000000000001,0.0005634361698190112,0.006,0.007,0.006250000000000001,0.006,0.00043301270189221935,0.059000000000000004,0.062,0.06085,0.061,0.0008529361054615991,0.005,0.005,0.005000000000000001,0.005,8.673617379884035e-19,0.041,0.043000000000000003,0.04200000000000001,0.042,0.0006324555320336764,0.006,0.007,0.006100000000000001,0.006,0.00030000000000000003,0.253,0.256,0.255,0.255,0.0007745966692414841,0.018000000000000002,0.019,0.018700000000000005,0.019,0.0004582575694955828,0.123,0.131,0.12675,0.1265,0.001813146436446876,0.004,0.004,0.004000000000000001,0.004,8.673617379884035e-19,32,8,2048,8192,128256,True,176,1
0.007,0.009000000000000001,0.008142857142857144,0.008,0.0004665694748158437,0.006,0.007,0.006100000000000001,0.006,0.00030000000000000003,0.06,0.063,0.06104999999999999,0.061,0.0008046738469715547,0.005,0.005,0.005000000000000001,0.005,8.673617379884035e-19,0.04,0.049,0.04275,0.042,0.0020706279240848653,0.006,0.006,0.006000000000000001,0.006,8.673617379884035e-19,0.253,0.256,0.25460000000000005,0.255,0.0008000000000000007,0.017,0.019,0.017850000000000005,0.018000000000000002,0.00047696960070847287,0.124,0.129,0.1265,0.1265,0.0015329709716755903,0.003,0.004,0.003150000000000001,0.003,0.0003570714214271425,32,8,2048,8192,128256,True,168,1
0.007,0.009000000000000001,0.008000000000000002,0.008,0.000308606699924184,0.004,0.005,0.004150000000000001,0.004,0.0003570714214271425,0.059000000000000004,0.062,0.06015,0.06,0.0007262919523166965,0.004,0.005,0.004050000000000001,0.004,0.0002179449471770337,0.05,0.053,0.05130000000000001,0.051000000000000004,0.0007810249675906653,0.004,0.005,0.004250000000000001,0.004,0.00043301270189221935,0.27,0.273,0.2720000000000001,0.272,0.0010000000000000009,0.013000000000000001,0.015,0.014050000000000002,0.014,0.0007399324293474365,0.124,0.129,0.1264,0.126,0.001280624847486571,0.003,0.004,0.003150000000000001,0.003,0.0003570714214271425,32,8,2048,8192,128256,True,160,1
0.006,0.008,0.007619047619047621,0.008,0.0005753831415997416,0.004,0.005,0.004150000000000001,0.004,0.0003570714214271425,0.059000000000000004,0.062,0.059899999999999995,0.06,0.0008306623862918055,0.004,0.004,0.004000000000000001,0.004,8.673617379884035e-19,0.05,0.053,0.05110000000000001,0.051000000000000004,0.0006244997998398393,0.004,0.005,0.004050000000000001,0.004,0.0002179449471770337,0.269,0.273,0.27090000000000003,0.271,0.001044030650891056,0.013000000000000001,0.015,0.013850000000000001,0.014,0.0006538348415311005,0.123,0.129,0.12614999999999998,0.127,0.001651514456491376,0.003,0.004,0.0032500000000000007,0.003,0.00043301270189221935,32,8,2048,8192,128256,True,152,1
0.006,0.008,0.007285714285714287,0.007,0.0005471012044321933,0.004,0.004,0.004000000000000001,0.004,8.673617379884035e-19,0.058,0.061,0.0596,0.06,0.0007348469228349511,0.004,0.004,0.004000000000000001,0.004,8.673617379884035e-19,0.048,0.05,0.04950000000000001,0.05,0.0005916079783099621,0.004,0.005,0.004050000000000001,0.004,0.0002179449471770337,0.267,0.272,0.26895,0.269,0.0011169153951844349,0.013000000000000001,0.014,0.013300000000000003,0.013000000000000001,0.00045825756949558356,0.123,0.129,0.12564999999999998,0.126,0.0012757350822173083,0.003,0.004,0.0030500000000000006,0.003,0.0002179449471770337,32,8,2048,8192,128256,True,144,1
0.006,0.008,0.007047619047619048,0.007,0.0003749527559053243,0.004,0.005,0.004200000000000001,0.004,0.0004,0.059000000000000004,0.061,0.05939999999999999,0.059000000000000004,0.0005830951894845274,0.004,0.005,0.004050000000000001,0.004,0.0002179449471770337,0.048,0.051000000000000004,0.04960000000000001,0.05,0.000734846922834954,0.004,0.012,0.004450000000000001,0.004,0.0017457090250096092,0.265,0.27,0.26750000000000007,0.267,0.0013601470508735455,0.012,0.015,0.012950000000000003,0.013000000000000001,0.0006689544080129826,0.123,0.128,0.12585,0.126,0.0014585952145814835,0.003,0.004,0.003150000000000001,0.003,0.0003570714214271425,32,8,2048,8192,128256,True,136,1
0.006,0.008,0.007047619047619048,0.007,0.0003749527559053243,0.004,0.004,0.004000000000000001,0.004,8.673617379884035e-19,0.048,0.05,0.04945000000000001,0.05,0.0006689544080129831,0.004,0.004,0.004000000000000001,0.004,8.673617379884035e-19,0.039,0.042,0.039950000000000006,0.04,0.0007399324293474377,0.004,0.005,0.004200000000000001,0.004,0.0004,0.202,0.20600000000000002,0.20385000000000003,0.20400000000000001,0.0012757350822173085,0.012,0.014,0.013100000000000004,0.013000000000000001,0.00043588989435406727,0.121,0.125,0.12250000000000001,0.122,0.0010246950765959606,0.003,0.004,0.0031000000000000008,0.003,0.0003,32,8,2048,8192,128256,True,128,1
0.006,0.007,0.006714285714285716,0.007,0.0004517539514526256,0.004,0.005,0.004200000000000001,0.004,0.0004,0.047,0.05,0.04815000000000001,0.048,0.0005722761571129803,0.004,0.004,0.004000000000000001,0.004,8.673617379884035e-19,0.038,0.041,0.039150000000000004,0.039,0.0007921489758877436,0.004,0.005,0.004500000000000001,0.0045000000000000005,0.0005,0.199,0.20400000000000001,0.20165000000000002,0.2015,0.0013883443376914834,0.012,0.013000000000000001,0.012450000000000003,0.012,0.0004974937185533105,0.121,0.128,0.12300000000000003,0.123,0.001549193338482968,0.003,0.003,0.0030000000000000005,0.003,4.336808689942018e-19,32,8,2048,8192,128256,True,120,1
0.005,0.007,0.006000000000000001,0.006,0.00030860669992418383,0.004,0.005,0.004050000000000001,0.004,0.0002179449471770337,0.055,0.059000000000000004,0.05650000000000001,0.056,0.0010246950765959604,0.004,0.004,0.004000000000000001,0.004,8.673617379884035e-19,0.039,0.042,0.04000000000000001,0.04,0.0007071067811865482,0.004,0.005,0.004050000000000001,0.004,0.0002179449471770337,0.198,0.20700000000000002,0.20050000000000004,0.2,0.0023979157616563617,0.012,0.013000000000000001,0.012200000000000003,0.012,0.00040000000000000034,0.121,0.131,0.1232,0.123,0.0021354156504062643,0.003,0.003,0.0030000000000000005,0.003,4.336808689942018e-19,32,8,2048,8192,128256,True,112,1
0.005,0.006,0.005952380952380954,0.006,0.00021295885499997998,0.004,0.005,0.004150000000000001,0.004,0.0003570714214271425,0.053,0.058,0.05485000000000001,0.055,0.001107925990308018,0.004,0.004,0.004000000000000001,0.004,8.673617379884035e-19,0.038,0.041,0.039150000000000004,0.039,0.0006538348415311017,0.004,0.005,0.004150000000000001,0.004,0.0003570714214271425,0.196,0.20600000000000002,0.19875,0.1975,0.0029304436524185233,0.011,0.013000000000000001,0.011900000000000003,0.012,0.0006244997998398403,0.121,0.13,0.1243,0.124,0.002051828452868321,0.003,0.003,0.0030000000000000005,0.003,4.336808689942018e-19,32,8,2048,8192,128256,True,104,1
0.005,0.007,0.006000000000000001,0.006,0.00030860669992418383,0.004,0.005,0.004050000000000001,0.004,0.0002179449471770337,0.061,0.062,0.061950000000000005,0.062,0.00021794494717703385,0.004,0.004,0.004000000000000001,0.004,8.673617379884035e-19,0.036000000000000004,0.038,0.03680000000000001,0.037,0.0005999999999999978,0.004,0.005,0.004100000000000001,0.004,0.00030000000000000003,0.292,0.294,0.2931,0.293,0.0005385164807134509,0.011,0.013000000000000001,0.011600000000000003,0.012,0.0005830951894845307,0.12,0.129,0.12345000000000002,0.123,0.0018834808201837379,0.003,0.003,0.0030000000000000005,0.003,4.336808689942018e-19,32,8,2048,8192,128256,True,96,1
0.005,0.006,0.005714285714285715,0.006,0.0004517539514526256,0.004,0.005,0.004100000000000001,0.004,0.00030000000000000003,0.061,0.062,0.06139999999999999,0.061,0.000489897948556636,0.004,0.004,0.004000000000000001,0.004,8.673617379884035e-19,0.036000000000000004,0.037,0.03625000000000001,0.036000000000000004,0.00043301270189221675,0.004,0.005,0.004050000000000001,0.004,0.0002179449471770337,0.291,0.293,0.2919,0.292,0.0007000000000000008,0.011,0.012,0.01105,0.011,0.0002179449471770339,0.149,0.151,0.15004999999999996,0.15,0.0005894913061275804,0.003,0.003,0.0030000000000000005,0.003,4.336808689942018e-19,32,8,2048,8192,128256,True,88,1
0.004,0.006,0.005000000000000001,0.005,0.00030860669992418383,0.004,0.005,0.004050000000000001,0.004,0.0002179449471770337,0.06,0.062,0.061299999999999986,0.061,0.0005567764362830027,0.003,0.004,0.0037000000000000006,0.004,0.000458257569495584,0.04,0.042,0.04095000000000001,0.041,0.0004974937185533105,0.005,0.005,0.005000000000000001,0.005,8.673617379884035e-19,0.289,0.292,0.29035,0.29,0.0007262919523166982,0.01,0.011,0.010100000000000001,0.01,0.00029999999999999976,0.147,0.151,0.14865,0.1485,0.0011079259903080177,0.003,0.003,0.0030000000000000005,0.003,4.336808689942018e-19,32,8,2048,8192,128256,True,80,1
0.004,0.006,0.005000000000000001,0.005,0.00030860669992418383,0.004,0.004,0.004000000000000001,0.004,8.673617379884035e-19,0.06,0.061,0.06094999999999999,0.061,0.00021794494717703388,0.003,0.004,0.0037000000000000006,0.004,0.00045825756949558405,0.04,0.041,0.04070000000000001,0.041,0.0004582575694955844,0.004,0.005,0.0043500000000000014,0.004,0.0004769696007084728,0.28800000000000003,0.291,0.28934999999999994,0.289,0.0007921489758877343,0.009000000000000001,0.01,0.009350000000000002,0.009000000000000001,0.0004769696007084724,0.147,0.15,0.14819999999999997,0.148,0.0008124038404635967,0.003,0.003,0.0030000000000000005,0.003,4.336808689942018e-19,32,8,2048,8192,128256,True,72,1
0.004,0.005,0.004761904761904763,0.005,0.0004259177099999599,0.004,0.004,0.004000000000000001,0.004,8.673617379884035e-19,0.032,0.039,0.03400000000000001,0.034,0.0013784048752090222,0.003,0.004,0.003300000000000001,0.003,0.00045825756949558405,0.027,0.029,0.027600000000000003,0.028,0.0005830951894845307,0.004,0.004,0.004000000000000001,0.004,8.673617379884035e-19,0.193,0.20800000000000002,0.20505,0.20700000000000002,0.004821566135603663,0.008,0.009000000000000001,0.008500000000000002,0.0085,0.0005000000000000004,0.11900000000000001,0.122,0.12010000000000001,0.12,0.0007681145747868575,0.002,0.003,0.0026000000000000003,0.003,0.0004898979485566356,32,8,2048,8192,128256,True,64,1
0.004,0.005,0.00442857142857143,0.004,0.0004948716593053935,0.004,0.004,0.004000000000000001,0.004,8.673617379884035e-19,0.034,0.04,0.03550000000000001,0.035500000000000004,0.0012845232578665127,0.003,0.004,0.0031000000000000008,0.003,0.0003,0.026000000000000002,0.029,0.026850000000000006,0.027,0.0007921489758877424,0.004,0.004,0.004000000000000001,0.004,8.673617379884035e-19,0.193,0.20700000000000002,0.205,0.20550000000000002,0.0028982753492378904,0.008,0.009000000000000001,0.008250000000000002,0.008,0.0004330127018922198,0.11800000000000001,0.12,0.11905000000000003,0.11900000000000001,0.0004974937185533064,0.002,0.003,0.0021000000000000003,0.002,0.00030000000000000003,32,8,2048,8192,128256,True,56,1
0.004,0.005,0.004142857142857144,0.004,0.00034992710611188256,0.004,0.004,0.004000000000000001,0.004,8.673617379884035e-19,0.042,0.043000000000000003,0.04205000000000001,0.042,0.00021794494717703385,0.003,0.004,0.0032500000000000007,0.003,0.0004330127018922193,0.023,0.025,0.023950000000000006,0.024,0.00038405728739343076,0.004,0.004,0.004000000000000001,0.004,8.673617379884035e-19,0.191,0.20700000000000002,0.20139999999999997,0.2025,0.004247352116319064,0.008,0.008,0.008000000000000002,0.008,1.734723475976807e-18,0.11800000000000001,0.12,0.11880000000000002,0.11900000000000001,0.0005099019513592774,0.002,0.011,0.0026500000000000004,0.002,0.0019563997546513854,32,8,2048,8192,128256,True,48,1
0.004,0.004,0.004000000000000001,0.004,8.673617379884035e-19,0.003,0.004,0.003150000000000001,0.003,0.0003570714214271425,0.041,0.042,0.041400000000000006,0.041,0.000489897948556636,0.003,0.004,0.0030500000000000006,0.003,0.0002179449471770337,0.023,0.024,0.023300000000000005,0.023,0.0004582575694955844,0.003,0.004,0.0035000000000000005,0.0035,0.0005,0.19,0.20400000000000001,0.19970000000000002,0.201,0.0044170125650715595,0.008,0.008,0.008000000000000002,0.008,1.734723475976807e-18,0.11800000000000001,0.12,0.11885000000000004,0.11900000000000001,0.0005722761571129776,0.002,0.003,0.0021500000000000004,0.002,0.0003570714214271425,32,8,2048,8192,128256,True,40,1
0.003,0.004,0.0039047619047619057,0.004,0.00029354352395090366,0.003,0.004,0.0031000000000000008,0.003,0.0003,0.034,0.04,0.03465000000000001,0.034,0.0013143439428094912,0.003,0.004,0.0030500000000000006,0.003,0.0002179449471770337,0.027,0.028,0.0273,0.027,0.0004582575694955844,0.004,0.004,0.004000000000000001,0.004,8.673617379884035e-19,0.114,0.126,0.11830000000000003,0.115,0.004648655719667781,0.008,0.008,0.008000000000000002,0.008,1.734723475976807e-18,0.067,0.075,0.068,0.067,0.002213594362117863,0.002,0.006,0.0022,0.002,0.0008717797887081348,32,8,2048,8192,128256,True,32,1
0.003,0.004,0.003142857142857144,0.003,0.00034992710611188256,0.003,0.004,0.0030500000000000006,0.003,0.0002179449471770337,0.034,0.04,0.03445000000000001,0.034,0.001321930406640228,0.003,0.003,0.0030000000000000005,0.003,4.336808689942018e-19,0.027,0.028,0.02705,0.027,0.00021794494717703388,0.003,0.004,0.0039000000000000007,0.004,0.00030000000000000003,0.109,0.12,0.1112,0.11,0.003385262175962153,0.007,0.008,0.007950000000000002,0.008,0.00021794494717703366,0.065,0.075,0.06690000000000002,0.066,0.002426932219902318,0.002,0.002,0.0020000000000000005,0.002,4.336808689942018e-19,32,8,2048,8192,128256,True,24,1
0.009000000000000001,0.013000000000000001,0.012095238095238098,0.012,0.0008109231602822098,0.003,0.003,0.0030000000000000005,0.003,4.336808689942018e-19,0.028,0.03,0.028200000000000003,0.028,0.0005099019513592785,0.003,0.004,0.0031000000000000008,0.003,0.0003,0.022,0.023,0.022600000000000002,0.023,0.0004898979485566361,0.003,0.003,0.0030000000000000005,0.003,4.336808689942018e-19,0.111,0.13,0.124,0.1255,0.005196152422706634,0.007,0.008,0.007850000000000001,0.008,0.0003570714214271425,0.058,0.065,0.0608,0.061,0.0021354156504062613,0.002,0.002,0.0020000000000000005,0.002,4.336808689942018e-19,32,8,2048,8192,128256,True,16,1
0.005,0.008,0.006952380952380953,0.007,0.0004856209060564557,0.003,0.003,0.0030000000000000005,0.003,4.336808689942018e-19,0.025,0.03,0.025650000000000006,0.025,0.0011079259903080164,0.003,0.003,0.0030000000000000005,0.003,4.336808689942018e-19,0.022,0.022,0.022000000000000002,0.022,3.469446951953614e-18,0.003,0.003,0.0030000000000000005,0.003,4.336808689942018e-19,0.111,0.126,0.1203,0.121,0.004325505750776432,0.007,0.008,0.007700000000000001,0.008,0.000458257569495584,0.058,0.06,0.05845,0.058,0.0005894913061275794,0.002,0.002,0.0020000000000000005,0.002,4.336808689942018e-19,32,8,2048,8192,128256,True,8,1
0.004,0.005,0.00442857142857143,0.004,0.0004948716593053935,0.003,0.003,0.0030000000000000005,0.003,4.336808689942018e-19,0.025,0.029,0.025250000000000005,0.025,0.0008874119674649424,0.003,0.003,0.0030000000000000005,0.003,4.336808689942018e-19,0.021,0.022,0.02125,0.021,0.00043301270189221826,0.003,0.003,0.0030000000000000005,0.003,4.336808689942018e-19,0.107,0.124,0.12025000000000004,0.121,0.00376662979332984,0.007,0.008,0.007700000000000001,0.008,0.00045825756949558405,0.057,0.059000000000000004,0.057800000000000004,0.058,0.000509901951359279,0.002,0.002,0.0020000000000000005,0.002,4.336808689942018e-19,32,8,2048,8192,128256,True,4,1
0.003,0.003,0.0030000000000000005,0.003,4.336808689942018e-19,0.003,0.003,0.0030000000000000005,0.003,4.336808689942018e-19,0.025,0.029,0.025300000000000007,0.025,0.0009000000000000001,0.003,0.003,0.0030000000000000005,0.003,4.336808689942018e-19,0.021,0.021,0.021000000000000005,0.021,3.469446951953614e-18,0.003,0.003,0.0030000000000000005,0.003,4.336808689942018e-19,0.109,0.124,0.11920000000000001,0.121,0.0048228622207149964,0.007,0.008,0.007250000000000001,0.007,0.00043301270189221935,0.057,0.059000000000000004,0.05740000000000001,0.057,0.0005830951894845306,0.002,0.002,0.0020000000000000005,0.002,4.336808689942018e-19,32,8,2048,8192,128256,True,2,1
0.002,0.003,0.002952380952380953,0.003,0.00021295885499997998,0.003,0.003,0.0030000000000000005,0.003,4.336808689942018e-19,0.019,0.026000000000000002,0.0198,0.0195,0.0015033296378372913,0.003,0.003,0.0030000000000000005,0.003,4.336808689942018e-19,0.015,0.016,0.015500000000000003,0.0155,0.0005000000000000004,0.003,0.004,0.0032000000000000006,0.003,0.0004,0.115,0.123,0.12040000000000002,0.1215,0.0026343879744638947,0.007,0.008,0.007400000000000001,0.007,0.0004898979485566357,0.05,0.054,0.05180000000000001,0.052000000000000005,0.0009273618495495691,0.002,0.002,0.0020000000000000005,0.002,4.336808689942018e-19,32,8,2048,8192,128256,True,1,1
