time_stats.emb.min,time_stats.emb.max,time_stats.emb.mean,time_stats.emb.median,time_stats.emb.std,time_stats.input_layernorm.min,time_stats.input_layernorm.max,time_stats.input_layernorm.mean,time_stats.input_layernorm.median,time_stats.input_layernorm.std,time_stats.attn_pre_proj.min,time_stats.attn_pre_proj.max,time_stats.attn_pre_proj.mean,time_stats.attn_pre_proj.median,time_stats.attn_pre_proj.std,time_stats.attn_rope.min,time_stats.attn_rope.max,time_stats.attn_rope.mean,time_stats.attn_rope.median,time_stats.attn_rope.std,time_stats.attn_post_proj.min,time_stats.attn_post_proj.max,time_stats.attn_post_proj.mean,time_stats.attn_post_proj.median,time_stats.attn_post_proj.std,time_stats.post_attention_layernorm.min,time_stats.post_attention_layernorm.max,time_stats.post_attention_layernorm.mean,time_stats.post_attention_layernorm.median,time_stats.post_attention_layernorm.std,time_stats.mlp_up_proj.min,time_stats.mlp_up_proj.max,time_stats.mlp_up_proj.mean,time_stats.mlp_up_proj.median,time_stats.mlp_up_proj.std,time_stats.mlp_act.min,time_stats.mlp_act.max,time_stats.mlp_act.mean,time_stats.mlp_act.median,time_stats.mlp_act.std,time_stats.mlp_down_proj.min,time_stats.mlp_down_proj.max,time_stats.mlp_down_proj.mean,time_stats.mlp_down_proj.median,time_stats.mlp_down_proj.std,time_stats.add.min,time_stats.add.max,time_stats.add.mean,time_stats.add.median,time_stats.add.std,n_head,n_kv_head,n_embd,n_expanded_embd,vocab_size,use_gated_mlp,num_tokens,num_tensor_parallel_workers
0.186,0.203,0.197,0.199,0.00576524893114732,0.164,0.176,0.17235,0.17350000000000002,0.0034245437652335544,1.719,1.8880000000000001,1.8314499999999998,1.846,0.050709441921598784,0.151,0.153,0.1524,0.1525,0.0006633249580710807,1.172,1.286,1.24655,1.2610000000000001,0.03627461233424833,0.164,0.176,0.17250000000000004,0.17400000000000002,0.003612478373637689,8.311,8.8,8.60795,8.651,0.15060029050436785,0.627,0.636,0.6337499999999999,0.634,0.0023848480035423662,3.813,4.344,4.1928,4.2255,0.14152688790473697,0.171,0.17300000000000001,0.17195000000000002,0.17200000000000001,0.0006689544080129831,32,8,4096,14336,128256,True,4096,1
0.196,0.20400000000000001,0.20004761904761909,0.2,0.0021038782889880514,0.17200000000000001,0.176,0.1741,0.17400000000000002,0.001135781669160051,1.825,1.895,1.8626500000000004,1.863,0.022213228040966957,0.151,0.154,0.15265,0.153,0.0007262919523166982,1.238,1.288,1.26585,1.2675,0.016894599728907448,0.17200000000000001,0.176,0.17425000000000002,0.17450000000000002,0.001373863166403401,8.467,8.938,8.697399999999998,8.7045,0.10993243379458119,0.633,0.636,0.63475,0.6345000000000001,0.0010428326807307116,4.18,4.345,4.263,4.2575,0.055648899360185036,0.171,0.17300000000000001,0.17185,0.17200000000000001,0.00047696960070847325,32,8,4096,14336,128256,True,4096,1
0.194,0.201,0.19714285714285718,0.197,0.0023560603574958082,0.171,0.176,0.17350000000000004,0.17350000000000002,0.0015329709716755862,1.788,1.8980000000000001,1.8520500000000002,1.8515000000000001,0.029694233446916945,0.151,0.153,0.15129999999999996,0.151,0.0005567764362830027,1.228,1.285,1.2589,1.2600000000000002,0.01934399131513449,0.171,0.176,0.17355000000000004,0.17400000000000002,0.0015644487847161985,8.381,8.813,8.608450000000001,8.622,0.118746989435522,0.627,0.631,0.6294000000000001,0.629,0.001356465996625055,4.14,4.344,4.2408,4.248,0.06507119178253927,0.169,0.171,0.17015,0.17,0.0007262919523166982,32,8,4096,14336,128256,True,4064,1
0.191,0.201,0.1966666666666667,0.197,0.002588129188895467,0.167,0.17300000000000001,0.1708,0.171,0.0016911534525287778,1.784,1.8920000000000001,1.8455999999999997,1.854,0.03007224634110332,0.148,0.151,0.14945,0.1495,0.0007399324293474377,1.212,1.286,1.26155,1.266,0.02154408271428606,0.167,0.17300000000000001,0.17074999999999999,0.1705,0.0017571283390805594,8.28,8.855,8.6402,8.663499999999999,0.1352322446755953,0.621,0.627,0.6246000000000002,0.6245,0.0015620499351813321,4.101,4.344,4.251200000000001,4.2415,0.07029409648042995,0.168,0.171,0.16875,0.169,0.0008291561975888506,32,8,4096,14336,128256,True,4032,1
0.198,0.203,0.20080952380952383,0.201,0.0014013275209106832,0.17200000000000001,0.17500000000000002,0.17414999999999997,0.17400000000000002,0.0009630680142129122,1.874,1.941,1.9050500000000004,1.9105,0.020689308833308065,0.147,0.149,0.14840000000000003,0.148,0.0005830951894845306,1.308,1.334,1.3249000000000002,1.328,0.007313685801290622,0.17200000000000001,0.17500000000000002,0.1737,0.17400000000000002,0.0009000000000000008,8.65,9.052,8.814350000000001,8.832,0.10510721906700786,0.621,0.624,0.6228,0.623,0.0009273618495495713,4.371,4.703,4.475849999999999,4.4670000000000005,0.06223606269679985,0.167,0.169,0.1678,0.168,0.0007483314773547889,32,8,4096,14336,128256,True,4000,1
0.198,0.203,0.20033333333333334,0.2,0.0014584183648679587,0.17300000000000001,0.176,0.1741,0.17400000000000002,0.0009433981132056584,1.792,1.852,1.82665,1.8285,0.015281606590931454,0.149,0.151,0.14965,0.15,0.0005722761571129803,1.272,1.3,1.2866,1.2885,0.007870196947980378,0.17300000000000001,0.176,0.17425,0.17400000000000002,0.0009937303457175856,8.572000000000001,8.781,8.687199999999999,8.6955,0.05927613347714239,0.617,0.621,0.61875,0.619,0.0010428326807307116,4.273,4.593,4.3632,4.351,0.06041158829231357,0.167,0.17,0.1689,0.169,0.0008888194417315596,32,8,4096,14336,128256,True,3968,1
0.196,0.201,0.19857142857142857,0.199,0.0013997084244475315,0.169,0.17200000000000001,0.17075,0.171,0.0008874119674649433,1.782,1.856,1.8194000000000004,1.8185,0.016295398123396695,0.148,0.15,0.14850000000000002,0.148,0.0005916079783099622,1.2690000000000001,1.294,1.2808499999999998,1.278,0.0077218844850204535,0.169,0.17200000000000001,0.1707,0.1705,0.0009000000000000007,8.575000000000001,8.879,8.685750000000002,8.670000000000002,0.0722217938021479,0.612,0.616,0.6133,0.613,0.0009000000000000007,4.2780000000000005,5.212,4.47665,4.375,0.2316998651272805,0.166,0.169,0.16704999999999998,0.167,0.0008046738469715548,32,8,4096,14336,128256,True,3936,1
0.189,0.196,0.19338095238095238,0.193,0.0017313960916855106,0.166,0.171,0.16865000000000002,0.169,0.001061838029079766,1.614,1.691,1.6620500000000002,1.6600000000000001,0.017077690124838275,0.147,0.148,0.14755,0.148,0.0004974937185533104,1.076,1.123,1.1067500000000001,1.1055000000000001,0.01170416592500295,0.166,0.17,0.16870000000000002,0.169,0.0011445523142259606,7.4830000000000005,7.87,7.7214,7.7165,0.08924763302183425,0.604,0.608,0.6061499999999999,0.606,0.0010136567466356656,3.608,3.786,3.7137000000000002,3.713,0.045370805591261006,0.168,0.17,0.16860000000000003,0.169,0.0005830951894845306,32,8,4096,14336,128256,True,3904,1
0.188,0.195,0.19142857142857142,0.191,0.0015605685341118052,0.166,0.17,0.16799999999999998,0.168,0.0010000000000000009,1.629,1.69,1.6601,1.6635,0.017073078222745862,0.146,0.148,0.14654999999999996,0.1465,0.0005894913061275804,1.086,1.125,1.1030000000000002,1.1055000000000001,0.01138419957660616,0.166,0.17,0.16795,0.168,0.001023474474522937,7.501,7.853,7.70725,7.7225,0.090096545438768,0.599,0.602,0.6006,0.6,0.0010677078252031322,3.642,3.787,3.7056000000000004,3.7110000000000003,0.04164180591665064,0.167,0.169,0.16775,0.168,0.0006224949798994372,32,8,4096,14336,128256,True,3872,1
0.187,0.193,0.19004761904761902,0.19,0.0015576597365520135,0.163,0.167,0.16524999999999998,0.165,0.0009420721840708395,1.629,1.692,1.66085,1.6600000000000001,0.01573300670564908,0.14400000000000002,0.145,0.14455,0.145,0.0004974937185532966,1.082,1.122,1.1045000000000003,1.104,0.009478923989567584,0.164,0.167,0.16535000000000002,0.165,0.0007921489758877436,7.228,7.516,7.3660499999999995,7.367000000000001,0.0766057928618979,0.598,0.6,0.5988,0.599,0.0007483314773547889,3.642,3.787,3.71005,3.713,0.03451155603562374,0.164,0.167,0.16520000000000004,0.165,0.0008717797887081355,32,8,4096,14336,128256,True,3840,1
0.185,0.191,0.18857142857142858,0.188,0.001329927623216091,0.162,0.166,0.16495,0.165,0.0009205976319760993,1.613,1.691,1.6618,1.659,0.01686890630716762,0.14200000000000002,0.14400000000000002,0.14325000000000002,0.14300000000000002,0.0005361902647381809,1.078,1.122,1.1049000000000002,1.1035,0.010709341716464196,0.162,0.166,0.1648,0.165,0.0009797958971132722,7.098,7.509,7.36485,7.36,0.0915927262395874,0.59,0.595,0.59365,0.594,0.0013143439428094927,3.61,3.787,3.71675,3.714,0.04248632132816399,0.163,0.165,0.164,0.164,0.0006324555320336764,32,8,4096,14336,128256,True,3808,1
0.182,0.189,0.18614285714285714,0.186,0.001551825784457175,0.159,0.163,0.1614,0.161,0.0008602325267042634,1.599,1.69,1.6506999999999998,1.6505,0.017023806859806645,0.14100000000000001,0.14300000000000002,0.14220000000000002,0.14200000000000002,0.0005099019513592789,1.062,1.123,1.0976000000000004,1.101,0.01149086593777858,0.159,0.164,0.1617,0.162,0.001100000000000001,7.025,7.502,7.309699999999999,7.3235,0.09199570642154985,0.586,0.591,0.5881999999999998,0.588,0.0010770329614269018,3.701,3.92,3.820700000000001,3.8095,0.04398192810689401,0.158,0.16,0.15839999999999999,0.158,0.0005830951894845306,32,8,4096,14336,128256,True,3776,1
0.183,0.188,0.1858095238095238,0.186,0.0013669238185149844,0.16,0.163,0.16204999999999997,0.162,0.0009205976319760992,1.6260000000000001,1.692,1.6703000000000003,1.673,0.017064876208165082,0.14,0.14200000000000002,0.14085,0.14100000000000001,0.0007262919523166982,1.081,1.1260000000000001,1.1117,1.114,0.01206689686704915,0.16,0.164,0.16224999999999998,0.162,0.0009420721840708395,7.175,7.495,7.40035,7.423,0.07151172980707429,0.582,0.586,0.58415,0.584,0.0010136567466356656,3.9330000000000003,4.531,4.2171,4.232,0.18011243710527036,0.157,0.159,0.1577,0.158,0.0007141428428542857,32,8,4096,14336,128256,True,3744,1
0.18,0.184,0.182,0.182,0.001023532631438319,0.159,0.161,0.15995000000000004,0.16,0.0007399324293474378,1.612,1.6580000000000001,1.6339000000000001,1.6300000000000001,0.011193301568348834,0.137,0.139,0.13765,0.138,0.0005722761571129804,1.071,1.103,1.0867,1.089,0.007232565243397411,0.158,0.161,0.1597,0.16,0.0006403124237432854,6.968,7.176,7.062900000000001,7.096500000000001,0.06270478450644736,0.5760000000000001,0.579,0.57735,0.577,0.0007262919523166775,3.696,3.801,3.7400999999999995,3.731,0.026515844319953324,0.158,0.161,0.15924999999999997,0.159,0.0008874119674649432,32,8,4096,14336,128256,True,3712,1
0.18,0.185,0.18195238095238095,0.182,0.0010454523047666747,0.157,0.16,0.15844999999999998,0.1585,0.0008645808232895298,1.6420000000000001,1.69,1.6595000000000002,1.659,0.011015897603009897,0.136,0.138,0.13670000000000002,0.137,0.0006403124237432856,1.107,1.1400000000000001,1.1208,1.118,0.009330594836343506,0.157,0.16,0.1582,0.158,0.0008124038404635968,7.097,7.317,7.17665,7.176,0.055123747151295865,0.5720000000000001,0.5750000000000001,0.5734999999999999,0.5730000000000001,0.0007416198487095669,3.758,3.871,3.80115,3.8,0.028725032637057172,0.152,0.155,0.15325,0.153,0.0008874119674649434,32,8,4096,14336,128256,True,3680,1
0.179,0.183,0.1806666666666667,0.181,0.0010837911120705765,0.157,0.159,0.15775,0.158,0.0006224949798994372,1.653,1.72,1.6845999999999997,1.6835,0.014207040508142454,0.136,0.138,0.13720000000000002,0.137,0.0006000000000000005,1.089,1.123,1.1001,1.1,0.009517877914745492,0.157,0.159,0.1576,0.158,0.0005830951894845307,7.089,7.2620000000000005,7.156850000000001,7.157,0.045536002239985836,0.5680000000000001,0.5700000000000001,0.5681499999999999,0.5680000000000001,0.0004769696007084733,3.677,3.7880000000000003,3.7083999999999997,3.7125000000000004,0.030860006480880747,0.153,0.156,0.1538,0.154,0.000748331477354789,32,8,4096,14336,128256,True,3648,1
0.17500000000000002,0.181,0.17876190476190476,0.179,0.0012307474269828622,0.156,0.159,0.15745,0.157,0.0008046738469715547,1.6500000000000001,1.718,1.6824000000000001,1.6835,0.015054567413247033,0.135,0.136,0.13595000000000004,0.136,0.00021794494717703388,1.079,1.12,1.1011,1.1,0.008671216754296978,0.156,0.159,0.15735,0.157,0.0007262919523166982,7.03,7.307,7.159650000000001,7.1665,0.06998519486291364,0.561,0.5650000000000001,0.5634000000000001,0.5635000000000001,0.0008602325267042634,3.641,3.785,3.708799999999999,3.712,0.033961154279558904,0.152,0.153,0.15225000000000005,0.152,0.0004330127018922197,32,8,4096,14336,128256,True,3616,1
0.176,0.18,0.1775238095238095,0.177,0.001005652956282995,0.154,0.156,0.15464999999999995,0.155,0.0005722761571129803,1.465,1.506,1.4789,1.479,0.009596353474106716,0.135,0.138,0.13630000000000003,0.136,0.0006403124237432854,1.09,1.12,1.1007000000000002,1.1,0.006708949247087819,0.154,0.156,0.15439999999999998,0.154,0.0006633249580710806,6.833,7.13,6.981450000000001,6.984,0.0681919899988261,0.556,0.559,0.5571500000000001,0.557,0.0005722761571129803,3.676,3.785,3.7106000000000003,3.7115,0.025896717938765877,0.15,0.152,0.15084999999999998,0.151,0.0005722761571129803,32,8,4096,14336,128256,True,3584,1
0.17400000000000002,0.179,0.17619047619047618,0.176,0.0011388819755334583,0.153,0.155,0.15385,0.154,0.00047696960070847325,1.463,1.491,1.4748,1.477,0.006946941773183358,0.134,0.136,0.13499999999999998,0.135,0.0005477225575051667,1.088,1.108,1.0967500000000001,1.098,0.00493837017648536,0.153,0.155,0.15389999999999998,0.154,0.00043588989435406776,6.844,7.061,6.9631,6.9785,0.050872291082670905,0.55,0.553,0.5514500000000001,0.5515000000000001,0.0007399324293474377,3.674,3.747,3.703900000000001,3.7110000000000003,0.018118774793015113,0.148,0.151,0.14925,0.149,0.0006982120021884476,32,8,4096,14336,128256,True,3552,1
0.17200000000000001,0.176,0.17423809523809522,0.17400000000000002,0.001019092121858694,0.15,0.153,0.15119999999999997,0.151,0.0007483314773547889,1.46,1.5050000000000001,1.4785499999999998,1.477,0.010384965093826764,0.133,0.134,0.13345,0.133,0.0004974937185533104,1.086,1.12,1.1003500000000002,1.098,0.00837421638125026,0.15,0.153,0.15124999999999994,0.151,0.0007664854858377954,6.9,7.12,6.986500000000001,6.984,0.055468459506281556,0.546,0.549,0.54695,0.547,0.0008046738469715547,3.673,3.7840000000000003,3.7138999999999998,3.71,0.028142316891116136,0.147,0.149,0.14809999999999998,0.148,0.00043588989435406776,32,8,4096,14336,128256,True,3520,1
0.17300000000000001,0.176,0.17342857142857143,0.17300000000000001,0.0007911070345636226,0.15,0.152,0.15109999999999998,0.151,0.00043588989435406776,1.473,1.506,1.4801499999999999,1.476,0.008187032429397102,0.132,0.133,0.1326,0.133,0.0004898979485566361,1.092,1.118,1.1006500000000004,1.0975000000000001,0.005893004327166262,0.15,0.152,0.15099999999999997,0.151,0.0006324555320336764,6.871,7.066,6.990050000000001,6.978,0.047186306276291584,0.541,0.543,0.5416000000000001,0.542,0.0005830951894845307,3.681,3.747,3.7162999999999995,3.71,0.018984467335166375,0.146,0.147,0.14654999999999999,0.147,0.0004974937185533104,32,8,4096,14336,128256,True,3488,1
0.171,0.17400000000000002,0.17252380952380955,0.17200000000000001,0.0008518354199999206,0.15,0.153,0.15104999999999996,0.151,0.0006689544080129832,1.568,1.59,1.5801999999999998,1.58,0.00632139225171164,0.129,0.131,0.12965,0.13,0.0005722761571129804,0.963,0.981,0.9714,0.971,0.005122499389946283,0.15,0.151,0.15074999999999997,0.151,0.0004330127018922197,6.627,6.756,6.6836,6.692500000000001,0.029724400750898248,0.539,0.541,0.5398,0.54,0.0005099019513592789,3.248,3.313,3.2733000000000003,3.281,0.01651393351082654,0.148,0.15,0.14905,0.149,0.0008046738469715547,32,8,4096,14336,128256,True,3456,1
0.17,0.17400000000000002,0.1710952380952381,0.171,0.0011086139739831264,0.147,0.149,0.1482,0.148,0.0006000000000000005,1.561,1.595,1.5782999999999998,1.578,0.007497332859090646,0.128,0.129,0.12845,0.128,0.0004974937185533104,0.964,0.981,0.9719999999999999,0.973,0.005089204259999794,0.147,0.149,0.14835,0.148,0.0005722761571129804,6.605,6.755,6.679200000000002,6.679,0.03633125376311687,0.535,0.536,0.53535,0.535,0.00047696960070847325,3.248,3.313,3.27555,3.281,0.018451219471894004,0.147,0.15,0.14825000000000002,0.148,0.0007664854858377951,32,8,4096,14336,128256,True,3424,1
0.167,0.171,0.1690952380952381,0.169,0.0009712418121129123,0.147,0.149,0.14795000000000003,0.148,0.0006689544080129832,1.56,1.595,1.5787499999999999,1.578,0.008711343180015332,0.127,0.128,0.12725,0.127,0.00043301270189221973,0.962,0.981,0.9732,0.973,0.0047391982444291185,0.147,0.15,0.14830000000000002,0.148,0.0006403124237432853,6.57,6.7490000000000006,6.685849999999999,6.6825,0.04767103418219496,0.529,0.531,0.5301499999999999,0.53,0.00047696960070847325,3.247,3.3120000000000003,3.2805,3.2805,0.019873348988029234,0.146,0.148,0.14659999999999995,0.147,0.0005830951894845306,32,8,4096,14336,128256,True,3392,1
0.165,0.169,0.16776190476190478,0.168,0.0012688488185213559,0.14300000000000002,0.146,0.14495,0.145,0.0006689544080129751,1.553,1.595,1.5776500000000002,1.5785,0.011594287386467535,0.125,0.127,0.12599999999999997,0.126,0.00044721359549995833,0.9530000000000001,0.98,0.9707999999999999,0.9715,0.007619711280619477,0.14300000000000002,0.146,0.14495,0.145,0.0007399324293474287,6.5,6.745,6.678500000000001,6.6775,0.06292257146684327,0.524,0.527,0.52525,0.525,0.0006224949798994372,3.216,3.3120000000000003,3.2782999999999993,3.2800000000000002,0.025888414397177775,0.14400000000000002,0.147,0.1454,0.145,0.0007999999999999958,32,8,4096,14336,128256,True,3360,1
0.164,0.167,0.16557142857142854,0.166,0.0007911070345636268,0.14400000000000002,0.145,0.14435000000000003,0.14400000000000002,0.00047696960070846,1.489,1.52,1.5026000000000002,1.504,0.008230431337420878,0.125,0.127,0.12605,0.126,0.0004974937185533105,0.96,0.978,0.9662000000000001,0.969,0.00458911756223351,0.14400000000000002,0.145,0.14420000000000002,0.14400000000000002,0.00039999999999998923,6.393,6.566,6.4792000000000005,6.5040000000000004,0.04903121454746975,0.519,0.521,0.5198499999999999,0.52,0.0005722761571129803,3.246,3.311,3.26455,3.2645,0.0184457989797135,0.14300000000000002,0.145,0.1436,0.14400000000000002,0.0005830951894845273,32,8,4096,14336,128256,True,3328,1
0.163,0.167,0.16452380952380952,0.164,0.001005652956282995,0.14400000000000002,0.146,0.14430000000000004,0.14400000000000002,0.0005567764362829915,1.5070000000000001,1.553,1.5182000000000002,1.5210000000000001,0.011582745788456188,0.122,0.123,0.12204999999999996,0.122,0.00021794494717703388,0.9590000000000001,0.989,0.9678500000000001,0.9684999999999999,0.00777994215916801,0.14300000000000002,0.146,0.14415000000000006,0.14400000000000002,0.0006538348415310923,6.423,6.63,6.483200000000001,6.4575000000000005,0.05973072910989786,0.513,0.516,0.5146499999999999,0.515,0.0007921489758877436,3.244,3.345,3.2682,3.2615,0.026603759132874483,0.14100000000000001,0.14300000000000002,0.14204999999999998,0.14200000000000002,0.0004974937185533105,32,8,4096,14336,128256,True,3296,1
0.16,0.165,0.16304761904761902,0.163,0.0015576597365520133,0.139,0.14200000000000002,0.14105000000000004,0.14100000000000001,0.0008046738469715548,1.364,1.403,1.3877000000000002,1.3895,0.011180787092150533,0.123,0.124,0.12325,0.123,0.0004330127018922198,0.9540000000000001,0.982,0.9711500000000001,0.9724999999999999,0.008392109389182183,0.14,0.14200000000000002,0.14120000000000002,0.14100000000000001,0.0006000000000000005,6.359,6.562,6.49375,6.496,0.0563825105861739,0.509,0.511,0.5097,0.51,0.0006403124237432854,3.216,3.313,3.276,3.2805,0.025349556209133123,0.138,0.14,0.13920000000000005,0.139,0.0005099019513592789,32,8,4096,14336,128256,True,3264,1
0.159,0.163,0.16071428571428573,0.161,0.0008247860988423232,0.139,0.14200000000000002,0.14035000000000003,0.14,0.0006538348415311016,1.365,1.401,1.37785,1.3760000000000001,0.007643788327786169,0.121,0.123,0.12204999999999999,0.122,0.0004974937185533104,0.9540000000000001,0.98,0.9639499999999999,0.9624999999999999,0.005162121656838391,0.14,0.14100000000000001,0.14015000000000005,0.14,0.0003570714214271428,6.338,6.497,6.4293000000000005,6.428,0.03401190967881697,0.503,0.505,0.5041,0.504,0.00043588989435406776,3.216,3.279,3.2479,3.248,0.013999642852587302,0.137,0.139,0.13790000000000002,0.138,0.0005385164807134509,32,8,4096,14336,128256,True,3232,1
0.158,0.161,0.15928571428571425,0.159,0.0007648751621051916,0.139,0.14100000000000001,0.14000000000000004,0.14,0.00044721359549995833,1.373,1.387,1.37975,1.379,0.005038600996308405,0.12,0.121,0.1207,0.121,0.0004582575694955844,0.961,0.971,0.9658,0.966,0.004044749683231341,0.139,0.14100000000000001,0.13990000000000002,0.14,0.00043588989435406776,6.231,6.321,6.2810500000000005,6.29,0.033574506697790746,0.497,0.499,0.49804999999999994,0.498,0.00038405728739343076,3.246,3.279,3.2567,3.248,0.014293704908105484,0.136,0.138,0.13660000000000003,0.1365,0.0006633249580710806,32,8,4096,14336,128256,True,3200,1
0.157,0.16,0.15823809523809523,0.158,0.0009712418121129121,0.136,0.138,0.13705,0.137,0.00038405728739343076,1.372,1.3860000000000001,1.37835,1.3770000000000002,0.005479735395071561,0.11900000000000001,0.12,0.11965000000000003,0.12,0.00047696960070846663,0.9590000000000001,0.969,0.9647500000000001,0.9664999999999999,0.003935416115228473,0.137,0.138,0.1371,0.137,0.00030000000000000024,6.176,6.315,6.274699999999999,6.2835,0.04106714014878564,0.492,0.494,0.4931500000000001,0.493,0.0005722761571129803,3.245,3.278,3.2555500000000004,3.247,0.014274014852171115,0.134,0.137,0.13525,0.135,0.0007664854858377953,32,8,4096,14336,128256,True,3168,1
0.155,0.158,0.15604761904761905,0.156,0.0008438116736509222,0.136,0.138,0.13655,0.1365,0.0005894913061275802,1.371,1.385,1.375,1.372,0.005099019513592794,0.11800000000000001,0.11900000000000001,0.11839999999999999,0.11800000000000001,0.000489897948556636,0.9590000000000001,0.969,0.9622000000000002,0.96,0.003982461550347947,0.136,0.137,0.13670000000000002,0.137,0.0004582575694955844,6.2170000000000005,6.312,6.264900000000001,6.252,0.025930483990855166,0.487,0.488,0.4875999999999999,0.488,0.000489897948556636,3.244,3.277,3.2499000000000002,3.245,0.011396929411029986,0.133,0.135,0.13365,0.134,0.0005722761571129803,32,8,4096,14336,128256,True,3136,1
0.153,0.156,0.15466666666666665,0.155,0.0008357108940373457,0.133,0.135,0.13419999999999996,0.134,0.000509901951359279,1.37,1.3980000000000001,1.3796000000000002,1.375,0.009096153033013477,0.117,0.11800000000000001,0.11735,0.117,0.0004769696007084732,0.9590000000000001,0.979,0.9670500000000001,0.968,0.006931630399840988,0.133,0.136,0.13419999999999999,0.134,0.0006782329983125273,6.17,6.367,6.2885,6.305,0.05533217870281273,0.482,0.484,0.4830500000000001,0.483,0.0005894913061275804,3.244,3.309,3.2627500000000005,3.2465,0.023511433388885537,0.131,0.134,0.13205000000000003,0.132,0.0006689544080129831,32,8,4096,14336,128256,True,3104,1
0.15,0.154,0.15228571428571427,0.153,0.0010753895038701168,0.132,0.134,0.13304999999999997,0.133,0.0005894913061275802,1.2670000000000001,1.306,1.28905,1.2925,0.010037305415299446,0.116,0.11800000000000001,0.11700000000000002,0.117,0.0007071067811865482,0.9430000000000001,0.969,0.9581,0.9604999999999999,0.007168681887209072,0.132,0.134,0.133,0.133,0.0007071067811865482,5.782,5.958,5.8794,5.8855,0.045313794809086566,0.47900000000000004,0.481,0.4801500000000001,0.48,0.0006538348415310871,3.182,3.2760000000000002,3.23645,3.2445000000000004,0.024674835359126592,0.127,0.13,0.1282,0.128,0.0007483314773547889,32,8,4096,14336,128256,True,3072,1
0.15,0.154,0.15152380952380953,0.151,0.0010056529562829952,0.132,0.134,0.13305,0.133,0.00038405728739343076,1.2790000000000001,1.306,1.29305,1.292,0.007109676504595682,0.115,0.116,0.11565,0.116,0.00047696960070847314,0.9520000000000001,0.972,0.9616500000000002,0.9604999999999999,0.005246665607793182,0.132,0.134,0.13285,0.133,0.0004769696007084733,5.828,5.949,5.893150000000001,5.890499999999999,0.02687429068831397,0.47500000000000003,0.47600000000000003,0.47540000000000004,0.47500000000000003,0.0004898979485566361,3.214,3.277,3.2491999999999996,3.2445000000000004,0.01780337046741435,0.126,0.128,0.12665,0.127,0.0005722761571129803,32,8,4096,14336,128256,True,3040,1
0.149,0.154,0.14985714285714286,0.149,0.001206558043744756,0.129,0.131,0.12969999999999998,0.13,0.0006403124237432854,1.2770000000000001,1.316,1.2897,1.2905,0.011018620603324147,0.114,0.115,0.11440000000000003,0.114,0.000489897948556636,0.9500000000000001,0.979,0.9592499999999999,0.96,0.00789857582099453,0.129,0.131,0.12979999999999997,0.13,0.0005099019513592789,5.788,5.9990000000000006,5.88495,5.88,0.057170337588648215,0.46900000000000003,0.47200000000000003,0.47050000000000003,0.47100000000000003,0.0009746794344808972,3.211,3.309,3.2459000000000002,3.244,0.03190908961408962,0.124,0.126,0.1253,0.125,0.0005567764362830027,32,8,4096,14336,128256,True,3008,1
0.147,0.15,0.14780952380952378,0.148,0.0009060141709733555,0.128,0.131,0.1293,0.129,0.0006403124237432854,1.357,1.397,1.36865,1.3695,0.008475110618747114,0.109,0.11,0.1092,0.109,0.0004000000000000003,0.9500000000000001,0.978,0.9576500000000001,0.9580000000000001,0.005909949238360658,0.129,0.131,0.1294,0.129,0.0005830951894845306,5.783,5.9990000000000006,5.87365,5.8774999999999995,0.049214098589733385,0.465,0.467,0.46555,0.4655,0.0005894913061275802,3.211,3.307,3.2383499999999996,3.243,0.02115011820297936,0.123,0.125,0.12384999999999999,0.124,0.0005722761571129803,32,8,4096,14336,128256,True,2976,1
0.14400000000000002,0.149,0.14657142857142857,0.147,0.0010942024088643843,0.128,0.13,0.1288,0.129,0.0006000000000000005,1.357,1.3960000000000001,1.3752999999999997,1.372,0.009539916142189124,0.108,0.109,0.10805000000000001,0.108,0.00021794494717703385,0.837,0.861,0.8491499999999998,0.85,0.005893004327166243,0.128,0.13,0.12935,0.129,0.0005722761571129803,5.626,5.815,5.7273000000000005,5.73,0.044884407091995794,0.46,0.462,0.46065000000000006,0.461,0.0006538348415311016,3.21,3.3080000000000003,3.2574000000000005,3.2445000000000004,0.025068705590835842,0.121,0.124,0.12244999999999999,0.122,0.0008046738469715546,32,8,4096,14336,128256,True,2944,1
0.14300000000000002,0.146,0.1445714285714286,0.14400000000000002,0.0009035079029052398,0.126,0.127,0.12625,0.126,0.00043301270189221973,1.355,1.3820000000000001,1.36575,1.368,0.0071824438737800285,0.106,0.107,0.10675000000000001,0.107,0.0004330127018922197,0.836,0.853,0.84385,0.845,0.004198511641046149,0.125,0.127,0.12645,0.1265,0.0005894913061275802,5.644,5.765,5.694050000000001,5.6985,0.03185667120086454,0.454,0.456,0.4553000000000001,0.455,0.0005567764362830027,3.21,3.274,3.2350000000000003,3.242,0.01648939052845798,0.12,0.122,0.12105000000000002,0.121,0.0005894913061275802,32,8,4096,14336,128256,True,2912,1
0.14400000000000002,0.146,0.1448095238095238,0.145,0.0007939681905015632,0.125,0.127,0.1263,0.126,0.0005567764362830027,1.237,1.2610000000000001,1.24825,1.25,0.0071054556504139815,0.108,0.109,0.10845,0.108,0.0004974937185533104,0.845,0.86,0.85215,0.8534999999999999,0.004693346354148609,0.126,0.127,0.12655,0.127,0.0004974937185533104,5.662,5.814,5.7490000000000006,5.7495,0.0466261729074991,0.449,0.452,0.45065,0.451,0.0006538348415311015,2.783,2.839,2.8110000000000004,2.811,0.01865743819499336,0.124,0.127,0.12460000000000002,0.1245,0.0007348469228349541,32,8,4096,14336,128256,True,2880,1
0.14100000000000001,0.14400000000000002,0.14238095238095236,0.14300000000000002,0.0008438116736509222,0.122,0.124,0.12320000000000002,0.123,0.0006000000000000006,1.226,1.26,1.2427000000000004,1.247,0.009072485877641267,0.107,0.108,0.10725000000000003,0.107,0.0004330127018922197,0.836,0.86,0.8474499999999999,0.85,0.0066141892927251535,0.122,0.124,0.12335,0.123,0.0006538348415311016,5.605,5.808,5.721349999999999,5.746,0.05404005458916566,0.444,0.446,0.44555,0.446,0.0005894913061275802,2.7560000000000002,2.839,2.7994,2.81,0.022731915889339326,0.122,0.124,0.12275,0.123,0.0006224949798994372,32,8,4096,14336,128256,True,2848,1
0.139,0.14300000000000002,0.14100000000000004,0.14100000000000001,0.0010235326314383191,0.122,0.124,0.12284999999999999,0.123,0.0005722761571129803,1.235,1.2590000000000001,1.2408,1.2375,0.0072567210226107005,0.105,0.107,0.1058,0.106,0.000509901951359279,0.8220000000000001,0.84,0.8272,0.8250000000000001,0.004331281565541531,0.122,0.124,0.12295000000000003,0.123,0.00038405728739343076,5.489,5.634,5.553099999999999,5.547000000000001,0.03878259919087428,0.437,0.44,0.43875000000000003,0.439,0.0006982120021884477,2.781,2.838,2.7970499999999996,2.783,0.018434953213935797,0.12,0.123,0.12154999999999998,0.122,0.000668954408012983,32,8,4096,14336,128256,True,2816,1
0.137,0.14100000000000001,0.13928571428571432,0.139,0.0010301575072754266,0.122,0.124,0.1226,0.123,0.0005830951894845307,1.225,1.262,1.2460999999999998,1.2465000000000002,0.011121600604229584,0.10400000000000001,0.105,0.10450000000000001,0.10450000000000001,0.0004999999999999935,0.8190000000000001,0.842,0.8315999999999999,0.8310000000000001,0.007432361670424778,0.121,0.124,0.1226,0.123,0.0008000000000000007,5.422,5.599,5.5337499999999995,5.551,0.05227224406891295,0.433,0.435,0.4342999999999999,0.434,0.0006403124237432854,2.755,2.839,2.8022,2.8080000000000003,0.02573829831204851,0.11900000000000001,0.121,0.11995,0.12,0.0004974937185533064,32,8,4096,14336,128256,True,2784,1
0.137,0.14,0.13795238095238094,0.138,0.0007853534524986027,0.11900000000000001,0.12,0.11940000000000003,0.11900000000000001,0.0004898979485566293,1.232,1.2570000000000001,1.2378500000000001,1.235,0.006605111656891212,0.10300000000000001,0.105,0.10345000000000001,0.10300000000000001,0.0005894913061275785,0.8210000000000001,0.838,0.8260000000000002,0.8240000000000001,0.004415880433163912,0.11900000000000001,0.12,0.11940000000000003,0.11900000000000001,0.0004898979485566293,5.461,5.621,5.5344500000000005,5.517,0.03864385462140137,0.428,0.43,0.4288,0.429,0.0006000000000000005,2.7800000000000002,2.837,2.7929,2.7815000000000003,0.01803579773672349,0.11800000000000001,0.12,0.11875,0.11900000000000001,0.0006224949798994344,32,8,4096,14336,128256,True,2752,1
0.132,0.137,0.13552380952380957,0.136,0.0011799534946060836,0.117,0.12,0.11880000000000004,0.11900000000000001,0.0008124038404635937,1.2,1.2590000000000001,1.2305,1.233,0.015233187453714358,0.101,0.10400000000000001,0.10215,0.10200000000000001,0.0005722761571129804,0.801,0.841,0.8206,0.8220000000000001,0.010316976301223142,0.117,0.12,0.11895000000000004,0.11900000000000001,0.0008645808232895257,5.301,5.565,5.4892,5.5115,0.07144620353804677,0.421,0.424,0.4232,0.423,0.0007483314773547889,2.701,2.838,2.7807500000000003,2.781,0.03504693281872185,0.116,0.11900000000000001,0.11739999999999999,0.117,0.000734846922834954,32,8,4096,14336,128256,True,2720,1
0.132,0.136,0.13423809523809524,0.135,0.0010647942749999007,0.114,0.117,0.11580000000000001,0.116,0.0006782329983125273,1.079,1.11,1.0981,1.1,0.008590110593001717,0.10200000000000001,0.10300000000000001,0.1028,0.10300000000000001,0.0004000000000000003,0.805,0.8310000000000001,0.8214,0.8230000000000001,0.00701712191713954,0.114,0.117,0.11580000000000001,0.116,0.0007483314773547889,4.997,5.208,5.1357,5.146,0.05300103772568987,0.419,0.422,0.42095000000000005,0.421,0.0007399324293474377,2.703,2.81,2.7742500000000003,2.782,0.026583594565069663,0.112,0.114,0.11315,0.113,0.0005722761571129803,32,8,4096,14336,128256,True,2688,1
0.13,0.133,0.1319047619047619,0.132,0.0008109231602822103,0.114,0.116,0.11525000000000003,0.115,0.0005361902647381809,1.082,1.102,1.09175,1.0895000000000001,0.005717298313014645,0.101,0.10300000000000001,0.10135000000000001,0.101,0.0005722761571129803,0.81,0.8250000000000001,0.8172500000000001,0.8155000000000001,0.004264680527307999,0.114,0.116,0.1149,0.115,0.0004358898943540678,5.049,5.156,5.116300000000001,5.1075,0.02696868554453476,0.41500000000000004,0.417,0.41615,0.41600000000000004,0.0005722761571129597,2.729,2.782,2.7595,2.755,0.015173990905493552,0.111,0.113,0.11200000000000003,0.112,0.0007071067811865482,32,8,4096,14336,128256,True,2656,1
0.13,0.134,0.13142857142857145,0.131,0.0010497813183356487,0.115,0.116,0.11515000000000002,0.115,0.0003570714214271428,1.089,1.112,1.0980999999999999,1.099,0.005647123161398213,0.1,0.101,0.10035000000000001,0.1,0.0004769696007084732,0.8160000000000001,0.8310000000000001,0.8217500000000001,0.8225,0.004311322302959966,0.115,0.116,0.11530000000000003,0.115,0.0004582575694955844,5.083,5.202,5.139100000000001,5.1475,0.027047920437623323,0.41100000000000003,0.41200000000000003,0.41154999999999997,0.41200000000000003,0.0004974937185533104,2.755,2.809,2.7775999999999996,2.781,0.01530490117576725,0.11,0.111,0.11025,0.11,0.00043301270189221973,32,8,4096,14336,128256,True,2624,1
0.128,0.13,0.12933333333333336,0.129,0.0006424160744396216,0.112,0.113,0.11240000000000001,0.112,0.0004898979485566361,1.098,1.107,1.09925,1.099,0.0018131464364468646,0.099,0.1,0.09945000000000001,0.099,0.0004974937185533104,0.8220000000000001,0.8290000000000001,0.82255,0.8220000000000001,0.0015321553446044575,0.112,0.113,0.11215000000000001,0.112,0.00035707142142714273,5.312,5.383,5.322850000000001,5.317500000000001,0.016025838511603652,0.403,0.404,0.40315,0.403,0.0003570714214271428,2.7800000000000002,2.8080000000000003,2.7837,2.781,0.00810617048920146,0.108,0.111,0.10925,0.109,0.0006224949798994371,32,8,4096,14336,128256,True,2592,1
0.127,0.13,0.12814285714285717,0.128,0.0007737179432986636,0.111,0.113,0.11200000000000002,0.112,0.0003162277660168382,1.098,1.107,1.0993499999999998,1.0985,0.002612948526090759,0.098,0.1,0.09825000000000002,0.098,0.0005361902647381809,0.8210000000000001,0.8290000000000001,0.8226000000000001,0.8220000000000001,0.002177154105707726,0.111,0.112,0.11195000000000002,0.112,0.00021794494717703388,4.961,5.023,4.970249999999999,4.965,0.01583627165717985,0.4,0.402,0.40085000000000004,0.401,0.0005722761571129804,2.7800000000000002,2.807,2.7830500000000002,2.7800000000000002,0.007996718076811179,0.107,0.108,0.10755,0.108,0.0004974937185533104,32,8,4096,14336,128256,True,2560,1
0.124,0.128,0.12633333333333333,0.126,0.0012084359562332886,0.11,0.112,0.11125000000000003,0.111,0.0006224949798994372,1.074,1.106,1.0946500000000001,1.097,0.008469208935904231,0.096,0.098,0.0969,0.097,0.0006244997998398404,0.804,0.8280000000000001,0.8195500000000001,0.8210000000000001,0.006135755862157495,0.11,0.112,0.11170000000000002,0.112,0.0005567764362830026,4.872,5.015,4.953200000000001,4.9590000000000005,0.03424996350363019,0.395,0.397,0.39615000000000006,0.396,0.0006538348415311017,2.725,2.807,2.77565,2.7800000000000002,0.02159230186895321,0.105,0.107,0.10615,0.106,0.0006538348415311015,32,8,4096,14336,128256,True,2528,1
0.124,0.128,0.1258095238095238,0.126,0.001051939144494026,0.108,0.11,0.1091,0.109,0.0007000000000000006,1.09,1.121,1.11075,1.112,0.010328964130056772,0.093,0.094,0.09350000000000001,0.0935,0.0005000000000000004,0.682,0.7010000000000001,0.6946000000000001,0.6965000000000001,0.006216108107168027,0.108,0.11,0.10915,0.109,0.0006538348415311016,4.898,5.0600000000000005,5.0023,5.01,0.05227915454557396,0.39,0.392,0.39125000000000004,0.391,0.0006224949798994372,2.297,2.366,2.3439500000000004,2.344,0.022372918897631607,0.107,0.11,0.10855000000000001,0.109,0.0006689544080129831,32,8,4096,14336,128256,True,2496,1
0.121,0.126,0.12304761904761904,0.123,0.0012526615655205635,0.107,0.109,0.10825,0.108,0.0006224949798994371,1.08,1.121,1.0990499999999999,1.099,0.010851152012574502,0.092,0.093,0.09230000000000001,0.092,0.0004582575694955844,0.676,0.7010000000000001,0.6872,0.687,0.006622688275919384,0.107,0.109,0.1083,0.108,0.0006403124237432854,4.87,5.062,4.972849999999999,4.9725,0.05155024248245588,0.385,0.387,0.38580000000000003,0.386,0.0006000000000000005,2.274,2.366,2.3204000000000002,2.318,0.02618281879401072,0.106,0.108,0.10694999999999999,0.107,0.0004974937185533104,32,8,4096,14336,128256,True,2464,1
0.12,0.123,0.121,0.121,0.0006900655593423548,0.105,0.106,0.10505,0.105,0.00021794494717703388,1.086,1.098,1.0890499999999999,1.087,0.004043204174908835,0.09,0.092,0.09115,0.091,0.0004769696007084733,0.679,0.687,0.68135,0.68,0.0025154522456210557,0.10400000000000001,0.105,0.10485,0.105,0.0003570714214271379,4.734,4.789,4.7515,4.7465,0.01709824552402962,0.379,0.38,0.37944999999999995,0.379,0.0004974937185533104,2.295,2.319,2.29915,2.2955,0.008107249841962446,0.105,0.109,0.1058,0.106,0.0008717797887081354,32,8,4096,14336,128256,True,2432,1
0.11900000000000001,0.121,0.11961904761904764,0.12,0.0006529194857524748,0.10400000000000001,0.105,0.10450000000000001,0.10450000000000001,0.0004999999999999935,1.086,1.098,1.08825,1.087,0.003144439536706034,0.089,0.091,0.08990000000000001,0.09,0.0006244997998398404,0.679,0.686,0.6801999999999999,0.68,0.0018330302779823377,0.10400000000000001,0.105,0.10420000000000003,0.10400000000000001,0.00039999999999999476,4.73,4.785,4.74115,4.738,0.015117126049616661,0.373,0.375,0.3740499999999999,0.374,0.0004974937185533105,2.2880000000000003,2.312,2.29205,2.291,0.004684815898197023,0.10300000000000001,0.10400000000000001,0.10335000000000001,0.10300000000000001,0.0004769696007084732,32,8,4096,14336,128256,True,2400,1
0.116,0.12,0.11809523809523814,0.11900000000000001,0.001191428190780648,0.10300000000000001,0.105,0.10435000000000001,0.105,0.0007921489758877375,1.065,1.097,1.0896000000000003,1.096,0.011581882403132935,0.088,0.089,0.08859999999999998,0.089,0.0004898979485566361,0.666,0.686,0.6816000000000001,0.685,0.007262231062146131,0.10300000000000001,0.105,0.10450000000000001,0.105,0.0007416198487095607,4.642,4.783,4.749650000000001,4.7785,0.04877117488845223,0.368,0.37,0.3692,0.369,0.0006000000000000005,2.243,2.315,2.29825,2.312,0.02340913283314867,0.101,0.10300000000000001,0.10155,0.101,0.0006689544080129831,32,8,4096,14336,128256,True,2368,1
0.116,0.12,0.11738095238095238,0.11800000000000001,0.0010900498230723419,0.1,0.10200000000000001,0.10155000000000003,0.10200000000000001,0.0006689544080129831,1.074,1.107,1.0948499999999999,1.096,0.010757671681177106,0.08700000000000001,0.088,0.08750000000000001,0.0875,0.0004999999999999935,0.672,0.6930000000000001,0.6847000000000001,0.6855,0.006972087205421349,0.1,0.10300000000000001,0.10185000000000002,0.10200000000000001,0.0007262919523166982,4.684,4.823,4.774950000000001,4.7785,0.046832120387614265,0.363,0.365,0.364,0.364,0.0005477225575051667,2.2640000000000002,2.333,2.30915,2.309,0.022705230674890674,0.1,0.10200000000000001,0.10060000000000002,0.1005,0.0006633249580710806,32,8,4096,14336,128256,True,2336,1
0.114,0.117,0.11533333333333336,0.115,0.0008908708063747486,0.1,0.10200000000000001,0.10135000000000001,0.101,0.0005722761571129803,0.9530000000000001,0.973,0.96555,0.971,0.007857957749950012,0.088,0.09,0.08865,0.089,0.0006538348415311016,0.678,0.6950000000000001,0.6874,0.6895,0.005360970061472088,0.1,0.10200000000000001,0.10130000000000002,0.101,0.0006403124237432854,4.385,4.471,4.4394,4.454000000000001,0.033291740717481276,0.361,0.363,0.36219999999999997,0.362,0.0005099019513592789,2.286,2.332,2.3163500000000004,2.331,0.018358308745633337,0.098,0.101,0.09915,0.099,0.000726291952316698,32,8,4096,14336,128256,True,2304,1
0.113,0.116,0.11414285714285713,0.114,0.0007095078297976835,0.1,0.101,0.10090000000000002,0.101,0.00030000000000000024,0.9540000000000001,0.973,0.9644499999999999,0.963,0.005444951790420171,0.08700000000000001,0.089,0.08735000000000001,0.08700000000000001,0.0005722761571129745,0.68,0.6940000000000001,0.6875,0.687,0.003917907604831949,0.1,0.101,0.10055,0.101,0.0004974937185533104,4.372,4.463,4.4251,4.4175,0.025590818666076338,0.356,0.358,0.35719999999999996,0.357,0.0006000000000000005,2.2960000000000003,2.342,2.3230999999999997,2.3185000000000002,0.013667113813823312,0.097,0.099,0.0975,0.097,0.0005916079783099621,32,8,4096,14336,128256,True,2272,1
0.111,0.115,0.11223809523809525,0.112,0.0010647942749999007,0.097,0.099,0.09805000000000001,0.098,0.0004974937185533105,0.9530000000000001,0.97,0.96115,0.96,0.006551908119013843,0.08600000000000001,0.088,0.08645000000000001,0.08600000000000001,0.0005894913061275785,0.68,0.6920000000000001,0.6856000000000002,0.685,0.004431703961232071,0.097,0.099,0.09780000000000003,0.098,0.0005099019513592789,4.359,4.46,4.4149,4.4145,0.0351936073740673,0.35100000000000003,0.353,0.3517500000000001,0.352,0.0005361902647381576,2.295,2.341,2.3167,2.317,0.017886028066622185,0.095,0.098,0.09630000000000001,0.096,0.0007810249675906662,32,8,4096,14336,128256,True,2240,1
0.11,0.111,0.1105714285714286,0.111,0.0004948716593053939,0.097,0.098,0.0976,0.098,0.0004898979485566361,0.9540000000000001,0.969,0.9603999999999997,0.9590000000000001,0.003624913792078335,0.084,0.085,0.08495,0.085,0.00021794494717703385,0.68,0.6910000000000001,0.68495,0.684,0.002692118125194363,0.097,0.098,0.09785000000000002,0.098,0.00035707142142714284,4.375,4.49,4.43545,4.439,0.02480619882206865,0.34600000000000003,0.34800000000000003,0.3468500000000001,0.34700000000000003,0.0005722761571129803,2.295,2.34,2.317100000000001,2.317,0.009863569333664121,0.094,0.095,0.09455,0.095,0.0004974937185533104,32,8,4096,14336,128256,True,2208,1
0.108,0.11,0.10890476190476192,0.109,0.0007499055118106492,0.094,0.095,0.09420000000000002,0.094,0.00040000000000000034,0.9500000000000001,0.967,0.95615,0.9555,0.005256186830773779,0.083,0.084,0.08325,0.083,0.0004330127018922198,0.677,0.6900000000000001,0.6815499999999999,0.6815,0.0038919789310837777,0.094,0.095,0.09475,0.095,0.0004330127018922198,4.182,4.276,4.21705,4.215,0.028606773673380156,0.341,0.343,0.34155,0.3415,0.0005894913061275802,2.294,2.339,2.30655,2.3015,0.014267007394685094,0.093,0.094,0.0933,0.093,0.00045825756949558437,32,8,4096,14336,128256,True,2176,1
0.107,0.109,0.10780952380952383,0.108,0.0005870870479018079,0.094,0.095,0.09410000000000002,0.094,0.00030000000000000024,0.9590000000000001,0.967,0.9599500000000001,0.96,0.0017168284713389133,0.082,0.083,0.0824,0.082,0.0004898979485566361,0.684,0.6900000000000001,0.6843999999999999,0.684,0.001319090595827293,0.094,0.095,0.09445,0.094,0.0004974937185533104,4.202,4.24,4.224749999999999,4.226,0.0070276240650734905,0.336,0.337,0.33685,0.337,0.0003570714214271428,2.316,2.317,2.3161000000000005,2.316,0.0003000000000001002,0.091,0.093,0.092,0.092,0.0006324555320336764,32,8,4096,14336,128256,True,2144,1
0.105,0.106,0.1055238095238095,0.106,0.0004994327848429298,0.093,0.094,0.09345,0.093,0.0004974937185533104,0.9530000000000001,0.963,0.9553499999999999,0.9530000000000001,0.0036093628246547547,0.078,0.079,0.07825,0.078,0.00043301270189221973,0.679,0.687,0.68165,0.681,0.002242208732477868,0.093,0.094,0.0935,0.0935,0.0005000000000000004,4.1770000000000005,4.218,4.1852,4.182,0.009222797840135032,0.331,0.332,0.3319,0.332,0.00030000000000000024,2.295,2.318,2.2966,2.295,0.0050239426748322135,0.08700000000000001,0.088,0.0875,0.0875,0.0004999999999999935,32,8,4096,14336,128256,True,2112,1
0.10200000000000001,0.105,0.10342857142857145,0.10300000000000001,0.0006598288790738571,0.09,0.091,0.09020000000000002,0.09,0.0004000000000000003,0.937,0.9520000000000001,0.9474,0.9490000000000001,0.004543126676640223,0.077,0.078,0.0774,0.077,0.0004898979485566361,0.669,0.679,0.6760500000000002,0.677,0.0033387872049593123,0.09,0.091,0.09044999999999999,0.09,0.0004974937185533104,4.244,4.353,4.32025,4.344,0.03745246987850077,0.322,0.324,0.32285,0.323,0.0005722761571129803,2.251,2.295,2.2828499999999994,2.294,0.01419603817971761,0.085,0.08700000000000001,0.08610000000000001,0.08600000000000001,0.0005385164807134509,32,8,4096,14336,128256,True,2080,1
0.101,0.10300000000000001,0.1020952380952381,0.10200000000000001,0.0007499055118106493,0.089,0.091,0.09015000000000001,0.09,0.0004769696007084732,0.9420000000000001,0.961,0.94815,0.9465000000000001,0.006413072586521986,0.076,0.077,0.07625,0.076,0.00043301270189221973,0.671,0.686,0.67595,0.675,0.0047273142480694095,0.09,0.091,0.09020000000000002,0.09,0.0004000000000000003,3.968,4.056,3.9968000000000004,3.986,0.028988963417135236,0.319,0.321,0.3198500000000001,0.32,0.0004769696007084732,2.271,2.317,2.2875000000000005,2.294,0.014378803844548342,0.084,0.085,0.08455,0.085,0.0004974937185533104,32,8,4096,14336,128256,True,2048,1
0.10200000000000001,0.105,0.10300000000000001,0.10300000000000001,0.0006900655593423529,0.09,0.091,0.09035000000000001,0.09,0.00047696960070847325,0.9500000000000001,0.961,0.9563499999999999,0.9595,0.004114304315434095,0.076,0.077,0.0766,0.077,0.0004898979485566361,0.678,0.686,0.6820500000000002,0.684,0.0028543825952384192,0.09,0.091,0.09055,0.091,0.0004974937185533104,3.971,4.055,4.028999999999999,4.0440000000000005,0.027298351598585624,0.319,0.321,0.32005000000000006,0.32,0.0004974937185533104,2.294,2.317,2.3074499999999993,2.316,0.01071202595217175,0.084,0.085,0.0847,0.085,0.0004582575694955844,32,8,4096,14336,128256,True,2048,1
0.1,0.10300000000000001,0.10161904761904764,0.10200000000000001,0.0007221786137191959,0.089,0.09,0.08969999999999999,0.09,0.0004582575694955844,0.9380000000000001,0.9570000000000001,0.9476500000000001,0.9490000000000001,0.006150406490631336,0.075,0.076,0.07529999999999999,0.075,0.00045825756949558437,0.671,0.684,0.6773500000000001,0.678,0.00428106295211832,0.089,0.09,0.08969999999999999,0.09,0.0004582575694955844,3.902,4.013,3.981699999999999,3.9895,0.03344712244723004,0.317,0.318,0.3174,0.317,0.0004898979485566361,2.25,2.314,2.28545,2.293,0.015666764184093712,0.083,0.085,0.08395000000000001,0.084,0.00038405728739343076,32,8,4096,14336,128256,True,2032,1
0.1,0.10300000000000001,0.10080952380952383,0.101,0.0007315376902732014,0.08700000000000001,0.088,0.08725000000000001,0.08700000000000001,0.0004330127018922137,0.9410000000000001,0.9590000000000001,0.9471499999999999,0.9430000000000001,0.006350393688583415,0.074,0.076,0.07494999999999999,0.075,0.0005894913061275804,0.673,0.685,0.67715,0.675,0.004269367634673785,0.08600000000000001,0.088,0.08690000000000002,0.08700000000000001,0.0006244997998398367,3.93,4.05,3.9799999999999995,3.965,0.045036651740554504,0.314,0.316,0.31485,0.315,0.0005722761571129803,2.271,2.316,2.28595,2.2725,0.01734495603914858,0.083,0.084,0.0835,0.0835,0.0005000000000000004,32,8,4096,14336,128256,True,2016,1
0.099,0.10200000000000001,0.09990476190476191,0.1,0.0008676603408708863,0.08600000000000001,0.088,0.08685000000000001,0.08700000000000001,0.0005722761571129776,0.885,0.909,0.8984,0.898,0.007598684096605155,0.075,0.076,0.07535,0.075,0.0004769696007084732,0.668,0.684,0.6766,0.676,0.004923413450036472,0.08600000000000001,0.08700000000000001,0.08675,0.08700000000000001,0.0004330127018922197,3.9050000000000002,4.048,3.9813500000000004,3.9795,0.04561060731891201,0.311,0.313,0.31160000000000004,0.312,0.0005830951894845306,2.249,2.316,2.28705,2.2895000000000003,0.020713461806274633,0.082,0.084,0.08230000000000001,0.082,0.0005567764362830027,32,8,4096,14336,128256,True,2000,1
0.097,0.1,0.09876190476190477,0.099,0.0009712418121129123,0.085,0.08700000000000001,0.08654999999999999,0.08700000000000001,0.0005894913061275804,0.877,0.907,0.8964000000000001,0.9,0.008674099376880583,0.073,0.074,0.0738,0.074,0.00040000000000000034,0.661,0.68,0.6752000000000001,0.678,0.0063529520697074415,0.085,0.08700000000000001,0.0866,0.08700000000000001,0.0006633249580710806,3.862,4.008,3.9686,3.969,0.0398991227973749,0.308,0.31,0.30924999999999997,0.309,0.0006224949798994372,2.228,2.315,2.2844,2.293,0.021060389360123406,0.081,0.083,0.08190000000000001,0.082,0.00043588989435406776,32,8,4096,14336,128256,True,1984,1
0.096,0.099,0.09804761904761905,0.098,0.0007853534524986026,0.085,0.08700000000000001,0.08660000000000001,0.08700000000000001,0.0005830951894845307,0.883,0.903,0.8970499999999999,0.9,0.0057312738549121925,0.073,0.074,0.0731,0.073,0.00030000000000000024,0.666,0.679,0.6754000000000001,0.678,0.004247352116319064,0.085,0.08700000000000001,0.08645,0.08650000000000001,0.0005894913061275802,3.927,4.008,3.9846000000000004,4.0015,0.026822378716288398,0.306,0.308,0.3073,0.307,0.0005567764362830027,2.249,2.294,2.2841,2.293,0.014614718608307223,0.08,0.083,0.0814,0.081,0.0007348469228349541,32,8,4096,14336,128256,True,1968,1
0.096,0.099,0.09723809523809525,0.097,0.0006834619092574922,0.08600000000000001,0.08700000000000001,0.08605000000000003,0.08600000000000001,0.00021794494717703385,0.882,0.9,0.8908999999999999,0.891,0.0034044089061098432,0.07200000000000001,0.074,0.0731,0.073,0.0005385164807134481,0.665,0.678,0.6711,0.671,0.0025670995305986893,0.08600000000000001,0.08600000000000001,0.08600000000000002,0.08600000000000001,1.3877787807814457e-17,3.93,4.0040000000000004,3.9621000000000004,3.966,0.01587104281387967,0.305,0.306,0.3051,0.305,0.00030000000000000024,2.248,2.2920000000000003,2.2703000000000007,2.27,0.009737042672187503,0.08,0.081,0.08025,0.08,0.00043301270189221973,32,8,4096,14336,128256,True,1952,1
0.095,0.097,0.09652380952380953,0.097,0.0005870870479018079,0.085,0.08600000000000001,0.08570000000000003,0.08600000000000001,0.0004582575694955843,0.884,0.903,0.8956499999999998,0.8985000000000001,0.006190920771581565,0.07100000000000001,0.07200000000000001,0.07185000000000001,0.07200000000000001,0.00035707142142714284,0.666,0.679,0.67355,0.6755,0.0043298383341644564,0.085,0.08600000000000001,0.08570000000000003,0.08600000000000001,0.0004582575694955843,3.908,4.0040000000000004,3.97145,3.99,0.0352327617424465,0.302,0.303,0.30284999999999995,0.303,0.0003570714214271428,2.249,2.293,2.2783,2.2889999999999997,0.016697604618627234,0.079,0.08,0.07955000000000001,0.08,0.0004974937185533104,32,8,4096,14336,128256,True,1936,1
0.095,0.098,0.09680952380952383,0.097,0.0007315376902732014,0.083,0.084,0.08390000000000002,0.084,0.00030000000000000024,0.8170000000000001,0.834,0.8246999999999998,0.8240000000000001,0.0038353617821529993,0.073,0.074,0.0737,0.074,0.0004582575694955844,0.5660000000000001,0.578,0.5719000000000001,0.5710000000000001,0.0028792360097775727,0.083,0.084,0.08390000000000002,0.084,0.00030000000000000024,3.6550000000000002,3.728,3.6885499999999993,3.6895,0.016704714903284037,0.302,0.303,0.30229999999999996,0.302,0.0004582575694955844,1.9060000000000001,1.945,1.9264000000000003,1.925,0.009541488353501215,0.081,0.082,0.08145,0.081,0.0004974937185533104,32,8,4096,14336,128256,True,1920,1
0.094,0.097,0.09600000000000002,0.096,0.0008164965809277268,0.083,0.084,0.08375000000000002,0.084,0.0004330127018922197,0.811,0.833,0.8241000000000002,0.8250000000000001,0.006541406576570514,0.073,0.074,0.0735,0.0735,0.0005000000000000004,0.562,0.578,0.5714500000000001,0.5720000000000001,0.004587755442479446,0.083,0.084,0.08375000000000002,0.084,0.0004330127018922197,3.614,3.725,3.6782000000000004,3.6830000000000003,0.03333706645762346,0.299,0.301,0.29979999999999996,0.3,0.0005099019513592789,1.889,1.945,1.9239000000000002,1.926,0.017380736463107633,0.08,0.082,0.08085,0.081,0.0004769696007084733,32,8,4096,14336,128256,True,1904,1
0.094,0.097,0.09547619047619049,0.095,0.0007939681905015753,0.082,0.084,0.08335000000000001,0.083,0.0006538348415311016,0.806,0.8320000000000001,0.8219500000000002,0.8220000000000001,0.008027920029497062,0.07200000000000001,0.073,0.07210000000000003,0.07200000000000001,0.00029999999999999607,0.557,0.578,0.5699000000000001,0.5690000000000001,0.005699999999999969,0.082,0.084,0.08325000000000002,0.083,0.0006982120021884476,3.5700000000000003,3.724,3.6602000000000006,3.656,0.04519358361537618,0.296,0.299,0.29755,0.298,0.0006689544080129832,1.869,1.944,1.9175,1.916,0.02214384790410192,0.079,0.081,0.08010000000000002,0.08,0.00043588989435406776,32,8,4096,14336,128256,True,1888,1
0.094,0.096,0.09504761904761903,0.095,0.000652919485752481,0.083,0.084,0.0835,0.0835,0.0005000000000000004,0.8170000000000001,0.8310000000000001,0.8244999999999999,0.8250000000000001,0.004893873721296866,0.07100000000000001,0.07200000000000001,0.07180000000000002,0.07200000000000001,0.00040000000000000034,0.5660000000000001,0.577,0.5715499999999999,0.5720000000000001,0.003442019755899129,0.083,0.084,0.0834,0.083,0.0004898979485566361,3.633,3.721,3.678,3.6795,0.026319194516550123,0.295,0.297,0.29569999999999996,0.296,0.0005567764362830027,1.9060000000000001,1.944,1.9257499999999996,1.925,0.013604686692460045,0.079,0.08,0.07919999999999999,0.079,0.00040000000000000034,32,8,4096,14336,128256,True,1872,1
0.092,0.095,0.09371428571428572,0.094,0.0006281383789653776,0.083,0.084,0.08310000000000001,0.083,0.00030000000000000024,0.8240000000000001,0.8240000000000001,0.8240000000000001,0.8240000000000001,0.0,0.07200000000000001,0.074,0.07230000000000002,0.07200000000000001,0.0005567764362829971,0.5710000000000001,0.5720000000000001,0.57115,0.5710000000000001,0.00035707142142714284,0.083,0.084,0.08310000000000001,0.083,0.00030000000000000024,3.678,3.685,3.6818,3.682,0.0017492855684536183,0.292,0.294,0.29334999999999994,0.293,0.0005722761571129804,1.924,1.925,1.9244999999999997,1.9245,0.000500000000000056,0.078,0.08,0.07860000000000002,0.079,0.0005830951894845306,32,8,4096,14336,128256,True,1856,1
0.092,0.094,0.09328571428571429,0.093,0.0006281383789653776,0.08,0.081,0.08085,0.081,0.0003570714214271428,0.8230000000000001,0.8300000000000001,0.8248000000000001,0.8240000000000001,0.0022715633383201114,0.07,0.07100000000000001,0.07030000000000002,0.07,0.0004582575694955844,0.5710000000000001,0.5760000000000001,0.57205,0.5715000000000001,0.001596088969951238,0.08,0.081,0.08055000000000001,0.081,0.0004974937185533104,3.677,3.729,3.6875999999999998,3.684,0.013687220316777219,0.289,0.291,0.29015,0.29,0.0005722761571129804,1.922,1.942,1.9247500000000002,1.923,0.005593523040088413,0.077,0.078,0.07780000000000001,0.078,0.00040000000000000034,32,8,4096,14336,128256,True,1840,1
0.09,0.093,0.09171428571428572,0.092,0.0008806305718527116,0.079,0.081,0.07995000000000001,0.08,0.0004974937185533105,0.774,0.805,0.7922,0.796,0.008286132994346645,0.07,0.07100000000000001,0.07045000000000001,0.07,0.0004974937185533104,0.554,0.5750000000000001,0.5659500000000002,0.5690000000000001,0.005886212704277688,0.079,0.081,0.08,0.08,0.0005477225575051667,3.577,3.721,3.663700000000001,3.6845,0.04040928111214061,0.28600000000000003,0.28800000000000003,0.28720000000000007,0.28700000000000003,0.0006000000000000006,1.867,1.939,1.9125999999999999,1.922,0.017647662734764598,0.076,0.078,0.07694999999999999,0.077,0.0004974937185533105,32,8,4096,14336,128256,True,1824,1
0.09,0.092,0.0911904761904762,0.091,0.0007315376902732014,0.079,0.081,0.0801,0.08,0.0005385164807134509,0.784,0.808,0.7954500000000001,0.797,0.006399023362982829,0.07,0.07100000000000001,0.07015000000000002,0.07,0.0003570714214271428,0.558,0.5750000000000001,0.5681500000000002,0.5690000000000001,0.004829855070289381,0.079,0.081,0.08005000000000002,0.08,0.0003840572873934307,3.607,3.727,3.6720000000000006,3.681,0.029936599673309586,0.28400000000000003,0.28600000000000003,0.28485000000000005,0.28500000000000003,0.0004769696007084733,1.887,1.943,1.9195499999999999,1.924,0.016390469791924794,0.076,0.077,0.0764,0.076,0.0004898979485566361,32,8,4096,14336,128256,True,1808,1
0.09,0.092,0.0909047619047619,0.091,0.0006098213559459861,0.079,0.08,0.07990000000000001,0.08,0.00030000000000000024,0.729,0.743,0.73845,0.74,0.004030818775385471,0.07,0.07100000000000001,0.07005000000000002,0.07,0.00021794494717703385,0.56,0.5720000000000001,0.56805,0.5700000000000001,0.0036942522924131786,0.079,0.08,0.07975000000000002,0.08,0.0004330127018922197,3.415,3.5060000000000002,3.4868500000000004,3.503,0.02834656063793277,0.28200000000000003,0.28400000000000003,0.2828500000000001,0.28300000000000003,0.0005722761571129803,1.887,1.925,1.9175000000000004,1.923,0.011565033506220351,0.075,0.076,0.07565000000000001,0.076,0.0004769696007084732,32,8,4096,14336,128256,True,1792,1
0.088,0.091,0.0892857142857143,0.09,0.0009331389496316878,0.079,0.08,0.07955000000000001,0.08,0.0004974937185533104,0.725,0.75,0.7353,0.737,0.0085445889310136,0.069,0.07,0.06935,0.069,0.0004769696007084732,0.558,0.577,0.5659499999999998,0.5670000000000001,0.006406832290609764,0.079,0.08,0.07955000000000001,0.08,0.0004974937185533104,3.432,3.5060000000000002,3.4627499999999998,3.457,0.027813440995317375,0.28,0.28200000000000003,0.28049999999999997,0.28,0.0005916079783099622,1.887,1.939,1.9094000000000002,1.9095,0.02012312103029743,0.074,0.075,0.07485,0.075,0.0003570714214271428,32,8,4096,14336,128256,True,1776,1
0.088,0.09,0.08909523809523809,0.089,0.0006098213559459861,0.076,0.077,0.07675,0.077,0.00043301270189221973,0.786,0.796,0.7895500000000001,0.788,0.003442019755899147,0.065,0.066,0.06565000000000001,0.066,0.00047696960070847325,0.5630000000000001,0.5740000000000001,0.5648000000000002,0.5630000000000001,0.0029597297173897513,0.076,0.077,0.07694999999999999,0.077,0.00021794494717703388,3.44,3.484,3.4629,3.463,0.009710303805751943,0.276,0.278,0.2771,0.277,0.00043588989435406776,1.9040000000000001,1.924,1.9083000000000006,1.905,0.006701492371106574,0.07100000000000001,0.073,0.07210000000000001,0.07200000000000001,0.0005385164807134462,32,8,4096,14336,128256,True,1760,1
0.08700000000000001,0.089,0.08776190476190476,0.088,0.0006098213559459803,0.076,0.077,0.07610000000000001,0.076,0.00030000000000000024,0.778,0.789,0.7826000000000002,0.78,0.0038522720568516474,0.064,0.066,0.06475,0.065,0.0005361902647381809,0.556,0.5660000000000001,0.5598000000000002,0.558,0.003026549190084314,0.076,0.077,0.07605000000000002,0.076,0.00021794494717703385,3.4250000000000003,3.466,3.4409,3.428,0.01675380553784714,0.273,0.275,0.27415,0.274,0.00047696960070847325,1.885,1.925,1.8963999999999999,1.8925,0.010786102168995068,0.07,0.07200000000000001,0.07110000000000001,0.07100000000000001,0.0004358898943540678,32,8,4096,14336,128256,True,1744,1
0.08600000000000001,0.089,0.08742857142857144,0.088,0.0008491692619108046,0.075,0.077,0.07615,0.076,0.0005722761571129803,0.776,0.798,0.7915,0.791,0.007297259759663219,0.063,0.065,0.0639,0.064,0.00043588989435406776,0.5690000000000001,0.578,0.5746500000000001,0.5750000000000001,0.002495495942693535,0.075,0.077,0.0764,0.0765,0.0006633249580710806,3.388,3.492,3.46215,3.4595000000000002,0.033801294353914914,0.271,0.273,0.2721,0.272,0.0005385164807134509,1.851,1.905,1.8907000000000003,1.889,0.01536912489376024,0.073,0.074,0.07365,0.074,0.00047696960070847325,32,8,4096,14336,128256,True,1728,1
0.085,0.088,0.08685714285714285,0.08700000000000001,0.0007095078297976802,0.076,0.077,0.0762,0.076,0.00040000000000000034,0.793,0.802,0.79755,0.798,0.0029406631905065247,0.064,0.064,0.06400000000000002,0.064,1.3877787807814457e-17,0.626,0.636,0.63185,0.6315,0.0033357907608241887,0.076,0.077,0.07674999999999998,0.077,0.0004330127018922197,3.45,3.496,3.4793,3.4895,0.01683775519479954,0.27,0.271,0.2704,0.27,0.0004898979485566361,1.724,1.741,1.7332999999999998,1.735,0.005604462507680842,0.074,0.076,0.0751,0.075,0.00043588989435406776,32,8,4096,14336,128256,True,1712,1
0.084,0.08700000000000001,0.08547619047619048,0.08600000000000001,0.0007315376902732014,0.075,0.076,0.07585000000000001,0.076,0.00035707142142714284,0.783,0.79,0.7884,0.789,0.0021071307505705498,0.062,0.063,0.0625,0.0625,0.0005000000000000004,0.545,0.549,0.5483999999999999,0.549,0.001319090595827293,0.075,0.076,0.07595,0.076,0.00021794494717703385,3.414,3.457,3.44995,3.455,0.013147147979695005,0.267,0.268,0.2678,0.268,0.0004000000000000004,1.703,1.718,1.7151,1.717,0.004097560249709583,0.074,0.075,0.0745,0.0745,0.0005000000000000004,32,8,4096,14336,128256,True,1696,1
0.083,0.08600000000000001,0.0850952380952381,0.085,0.0008676603408708863,0.07200000000000001,0.074,0.0733,0.073,0.0006403124237432826,0.77,0.798,0.7914000000000001,0.797,0.009264987857520383,0.061,0.063,0.061950000000000005,0.062,0.00038405728739343076,0.535,0.555,0.5498500000000001,0.554,0.006799080820228576,0.07200000000000001,0.074,0.07360000000000001,0.074,0.0006633249580710772,3.376,3.513,3.47795,3.5065,0.046962192240141386,0.262,0.265,0.2639,0.264,0.0008888194417315596,1.67,1.734,1.7190499999999997,1.732,0.02219791656890352,0.073,0.074,0.0738,0.074,0.00040000000000000034,32,8,4096,14336,128256,True,1680,1
0.083,0.085,0.08409523809523811,0.084,0.0008109231602822103,0.07200000000000001,0.074,0.07295,0.073,0.0004974937185533064,0.8,0.8220000000000001,0.8139499999999998,0.8150000000000001,0.007632004979034021,0.061,0.062,0.0616,0.062,0.0004898979485566361,0.532,0.546,0.5406500000000001,0.542,0.004703987670051872,0.07200000000000001,0.074,0.07289999999999999,0.073,0.00043588989435406353,3.218,3.317,3.277799999999999,3.2775,0.03251245915030118,0.26,0.261,0.26025,0.26,0.0004330127018922197,1.663,1.711,1.6935000000000002,1.695,0.016629792542301892,0.07100000000000001,0.07200000000000001,0.07165000000000002,0.07200000000000001,0.0004769696007084732,32,8,4096,14336,128256,True,1664,1
0.082,0.084,0.08333333333333334,0.083,0.0005634361698190116,0.073,0.073,0.07299999999999998,0.073,1.3877787807814457e-17,0.8130000000000001,0.8220000000000001,0.8147000000000002,0.8140000000000001,0.0023895606290697063,0.06,0.061,0.0606,0.061,0.0004898979485566361,0.539,0.545,0.5410499999999998,0.54,0.0019615045245933048,0.07200000000000001,0.073,0.07294999999999999,0.073,0.00021794494717703084,3.258,3.315,3.2846,3.283,0.013580868897091975,0.258,0.259,0.25805,0.258,0.00021794494717703385,1.693,1.71,1.69545,1.694,0.004641928478552837,0.07,0.07200000000000001,0.07055,0.07050000000000001,0.0005894913061275802,32,8,4096,14336,128256,True,1648,1
0.082,0.084,0.08285714285714287,0.083,0.000559397148784321,0.07200000000000001,0.073,0.07294999999999999,0.073,0.00021794494717703084,0.8210000000000001,0.8220000000000001,0.8215000000000001,0.8215000000000001,0.0005000000000000004,0.059000000000000004,0.06,0.059649999999999995,0.06,0.00047696960070846994,0.5,0.502,0.50105,0.501,0.0005894913061275804,0.073,0.073,0.07299999999999998,0.073,1.3877787807814457e-17,3.3080000000000003,3.314,3.3106,3.31,0.0015297058540778325,0.256,0.257,0.2561,0.256,0.00030000000000000024,1.592,1.593,1.5923999999999998,1.592,0.0004898979485565817,0.07100000000000001,0.073,0.07210000000000001,0.07200000000000001,0.0005385164807134463,32,8,4096,14336,128256,True,1632,1
0.081,0.084,0.0822857142857143,0.082,0.0006998542122237659,0.07200000000000001,0.073,0.07255,0.073,0.0004974937185533034,0.806,0.8210000000000001,0.8153,0.8130000000000001,0.00530188645672463,0.06,0.061,0.060050000000000006,0.06,0.00021794494717703385,0.49,0.5,0.49590000000000006,0.495,0.0029137604568666956,0.07200000000000001,0.073,0.07264999999999999,0.073,0.0004769696007084665,3.232,3.31,3.2825500000000005,3.277,0.0249749374373591,0.253,0.254,0.25394999999999995,0.254,0.00021794494717703385,1.562,1.591,1.5800500000000002,1.576,0.010042285596416789,0.07100000000000001,0.07200000000000001,0.07135,0.07100000000000001,0.0004769696007084732,32,8,4096,14336,128256,True,1616,1
0.08,0.082,0.08142857142857145,0.081,0.0005832118435198048,0.07100000000000001,0.073,0.07210000000000001,0.07200000000000001,0.0005385164807134463,0.805,0.8280000000000001,0.8163,0.8140000000000001,0.006775691846593976,0.058,0.059000000000000004,0.058750000000000004,0.059000000000000004,0.0004330127018922198,0.491,0.503,0.49705000000000005,0.497,0.0033087006513131435,0.07100000000000001,0.073,0.07215,0.07200000000000001,0.0004769696007084683,3.223,3.341,3.2806000000000006,3.277,0.03489183285526863,0.251,0.252,0.25155,0.252,0.0004974937185533104,1.562,1.606,1.5827500000000003,1.578,0.013110587324754012,0.07,0.07200000000000001,0.07085,0.07100000000000001,0.0004769696007084733,32,8,4096,14336,128256,True,1600,1
0.079,0.082,0.08047619047619048,0.081,0.0007315376902732015,0.069,0.07,0.06945000000000001,0.069,0.0004974937185533104,0.804,0.8200000000000001,0.8145000000000001,0.8190000000000001,0.006621933252457328,0.058,0.058,0.05800000000000001,0.058,6.938893903907228e-18,0.489,0.498,0.4941999999999999,0.497,0.003802630668366312,0.069,0.07,0.06965000000000002,0.07,0.00047696960070847325,3.24,3.305,3.281,3.3045,0.02841126537132764,0.247,0.248,0.24765,0.248,0.00047696960070847325,1.56,1.59,1.5786000000000002,1.5885,0.013085870242364482,0.069,0.07100000000000001,0.06995000000000001,0.07,0.00038405728739343076,32,8,4096,14336,128256,True,1584,1
0.078,0.082,0.07976190476190477,0.08,0.0009209085526577968,0.069,0.07,0.06955000000000001,0.07,0.0004974937185533104,0.803,0.8200000000000001,0.8137500000000001,0.8190000000000001,0.006594505288495876,0.058,0.059000000000000004,0.058100000000000006,0.058,0.00030000000000000024,0.488,0.498,0.4937,0.497,0.0039382737335030464,0.069,0.07,0.06960000000000002,0.07,0.000489897948556636,3.239,3.305,3.2795,3.3005000000000004,0.02783792377315526,0.245,0.246,0.24545000000000003,0.245,0.0004974937185533104,1.559,1.59,1.5784999999999998,1.589,0.012878276282173782,0.069,0.07,0.06945000000000001,0.069,0.0004974937185533104,32,8,4096,14336,128256,True,1568,1
0.078,0.08,0.07899999999999999,0.079,0.00043643578047198515,0.069,0.069,0.06899999999999999,0.069,1.3877787807814457e-17,0.81,0.8130000000000001,0.81125,0.811,0.0007664854858377953,0.056,0.058,0.056999999999999995,0.057,0.0003162277660168382,0.491,0.494,0.4927,0.493,0.0006403124237432854,0.069,0.069,0.06899999999999999,0.069,1.3877787807814457e-17,3.255,3.27,3.2664500000000003,3.2680000000000002,0.0034565155865409255,0.242,0.243,0.24295000000000005,0.243,0.0002179449471770339,1.573,1.574,1.5738500000000002,1.574,0.00035707142142718247,0.068,0.07,0.06855,0.0685,0.0005894913061275802,32,8,4096,14336,128256,True,1552,1
0.078,0.08,0.07866666666666668,0.079,0.0005634361698190116,0.069,0.07,0.0691,0.069,0.00030000000000000024,0.685,0.6920000000000001,0.6868000000000001,0.686,0.0017776388834631193,0.059000000000000004,0.06,0.059399999999999994,0.059000000000000004,0.0004898979485566326,0.502,0.506,0.50325,0.503,0.0009937303457175904,0.069,0.07,0.06915,0.069,0.00035707142142714284,2.944,2.98,2.9509,2.95,0.006869497798238237,0.244,0.245,0.24404999999999996,0.244,0.00021794494717703388,1.593,1.598,1.5945999999999998,1.5945,0.001067707825203132,0.067,0.068,0.0673,0.067,0.0004582575694955844,32,8,4096,14336,128256,True,1536,1
0.076,0.079,0.07780952380952381,0.078,0.0007939681905015754,0.068,0.07,0.06904999999999999,0.069,0.0003840572873934307,0.679,0.6920000000000001,0.68645,0.6910000000000001,0.0058006465156911656,0.058,0.059000000000000004,0.05865,0.059000000000000004,0.0004769696007084732,0.497,0.507,0.5029000000000001,0.505,0.0034914180500192214,0.069,0.07,0.06915,0.069,0.0003570714214271428,2.915,2.979,2.9558500000000003,2.976,0.027170342287133574,0.241,0.242,0.24184999999999998,0.242,0.00035707142142714273,1.578,1.611,1.5979500000000002,1.608,0.01404804256827264,0.065,0.068,0.06640000000000001,0.066,0.000734846922834954,32,8,4096,14336,128256,True,1520,1
0.075,0.078,0.07685714285714285,0.077,0.000559397148784321,0.066,0.067,0.06634999999999999,0.066,0.00047696960070847325,0.684,0.685,0.6845500000000001,0.685,0.0004974937185533104,0.057,0.058,0.057499999999999996,0.0575,0.0005000000000000004,0.499,0.502,0.50075,0.501,0.0006224949798994372,0.066,0.067,0.06689999999999999,0.067,0.00030000000000000024,2.943,2.947,2.9456,2.946,0.001113552872566065,0.23800000000000002,0.23900000000000002,0.2380500000000001,0.23800000000000002,0.00021794494717703388,1.591,1.594,1.5926500000000001,1.593,0.0007921489758877399,0.065,0.067,0.06555,0.0655,0.0005894913061275802,32,8,4096,14336,128256,True,1504,1
0.075,0.077,0.07642857142857143,0.076,0.0005832118435198048,0.066,0.066,0.06600000000000002,0.066,1.3877787807814457e-17,0.684,0.687,0.6853500000000001,0.685,0.0009096702699330136,0.057,0.058,0.0571,0.057,0.0003000000000000003,0.499,0.502,0.501,0.501,0.0008366600265340764,0.066,0.066,0.06600000000000002,0.066,1.3877787807814457e-17,2.94,2.947,2.9425499999999998,2.9425,0.0018567444627626958,0.23500000000000001,0.23600000000000002,0.23564999999999997,0.23600000000000002,0.0004769696007084733,1.591,1.593,1.59225,1.592,0.0006224949798994126,0.064,0.066,0.06509999999999999,0.065,0.00043588989435406776,32,8,4096,14336,128256,True,1488,1
0.074,0.076,0.07514285714285715,0.075,0.000559397148784321,0.065,0.066,0.06595000000000002,0.066,0.00021794494717703388,0.677,0.681,0.67825,0.678,0.001219631091765048,0.056,0.057,0.05620000000000001,0.056,0.0004000000000000003,0.494,0.499,0.49615,0.496,0.0014924811556599313,0.065,0.066,0.06590000000000001,0.066,0.00030000000000000024,2.9130000000000003,2.9250000000000003,2.920699999999999,2.922,0.0039635842365213,0.233,0.234,0.23329999999999998,0.233,0.0004582575694955844,1.575,1.578,1.5765,1.5765,0.0009219544457292956,0.064,0.065,0.06425,0.064,0.00043301270189221973,32,8,4096,14336,128256,True,1472,1
0.074,0.075,0.07452380952380953,0.075,0.0004994327848429296,0.065,0.066,0.0659,0.066,0.0003000000000000003,0.68,0.6920000000000001,0.6866000000000001,0.686,0.0032000000000000028,0.055,0.057,0.05600000000000001,0.056,0.00044721359549995833,0.455,0.463,0.45975,0.46,0.0022776083947860766,0.066,0.066,0.06600000000000002,0.066,1.3877787807814457e-17,3.04,3.09,3.06715,3.0665000000000004,0.013803169925781532,0.23,0.231,0.23005000000000003,0.23,0.00021794494717703385,1.579,1.601,1.5887499999999999,1.5885,0.004887484015319148,0.061,0.063,0.062,0.062,0.00044721359549995833,32,8,4096,14336,128256,True,1456,1
0.07200000000000001,0.074,0.07323809523809524,0.073,0.0005259695722470113,0.065,0.066,0.0655,0.0655,0.0005000000000000004,0.675,0.682,0.6809000000000001,0.682,0.00236431808350738,0.052000000000000005,0.053,0.05235000000000001,0.052000000000000005,0.00047696960070846994,0.452,0.457,0.45620000000000005,0.457,0.001536229149573723,0.065,0.066,0.06555,0.066,0.0004974937185533104,2.702,2.733,2.7217,2.724,0.008240752392834066,0.228,0.23,0.22895,0.229,0.0003840572873934307,1.565,1.587,1.5811999999999997,1.5835,0.006021627686929844,0.06,0.062,0.06094999999999999,0.061,0.00038405728739343076,32,8,4096,14336,128256,True,1440,1
0.07200000000000001,0.074,0.07309523809523809,0.073,0.0004259177099999586,0.063,0.063,0.06299999999999999,0.063,1.3877787807814457e-17,0.678,0.6890000000000001,0.6821000000000002,0.6815,0.003080584360149875,0.052000000000000005,0.053,0.05230000000000001,0.052000000000000005,0.0004582575694955813,0.454,0.461,0.45699999999999996,0.457,0.0019493588689617944,0.062,0.063,0.06284999999999999,0.063,0.0003570714214271428,2.716,2.7680000000000002,2.73235,2.728,0.01499424889749402,0.224,0.226,0.225,0.225,0.0003162277660168382,1.57,1.589,1.57895,1.581,0.005589946332479422,0.06,0.061,0.06015,0.06,0.00035707142142714284,32,8,4096,14336,128256,True,1424,1
0.07200000000000001,0.074,0.0730952380952381,0.073,0.0007499055118106445,0.062,0.063,0.0628,0.063,0.0004000000000000003,0.674,0.6880000000000001,0.68285,0.687,0.005850427334819231,0.051000000000000004,0.052000000000000005,0.051600000000000014,0.052000000000000005,0.000489897948556636,0.453,0.47000000000000003,0.46255000000000007,0.464,0.003800986713999409,0.062,0.063,0.06269999999999999,0.063,0.0004582575694955844,2.703,2.748,2.7325499999999994,2.746,0.019259997403945826,0.222,0.224,0.22285,0.223,0.00047696960070847325,1.453,1.489,1.4748500000000004,1.481,0.012732929749276098,0.061,0.062,0.0615,0.0615,0.0005000000000000004,32,8,4096,14336,128256,True,1408,1
0.07100000000000001,0.07200000000000001,0.07161904761904762,0.07200000000000001,0.0004856209060564561,0.062,0.063,0.06259999999999999,0.063,0.0004898979485566361,0.668,0.687,0.6796999999999999,0.68,0.005604462507680826,0.05,0.052000000000000005,0.05075,0.051000000000000004,0.0005361902647381809,0.45,0.466,0.45974999999999994,0.461,0.004145780987944253,0.062,0.063,0.06219999999999999,0.062,0.0004000000000000003,2.678,2.75,2.7204999999999995,2.721,0.02130610241221988,0.22,0.221,0.22065,0.221,0.00047696960070847325,1.44,1.482,1.4672999999999998,1.4695,0.012008746812219842,0.06,0.061,0.06055000000000001,0.061,0.0004974937185533104,32,8,4096,14336,128256,True,1392,1
0.069,0.07200000000000001,0.07061904761904762,0.07100000000000001,0.000722178613719196,0.062,0.063,0.062150000000000004,0.062,0.00035707142142714284,0.674,0.6880000000000001,0.68205,0.681,0.004790354892907209,0.05,0.051000000000000004,0.05010000000000001,0.05,0.0003000000000000003,0.457,0.463,0.4607,0.462,0.002215851980616036,0.062,0.063,0.06230000000000001,0.062,0.0004582575694955844,2.698,2.767,2.7317,2.729,0.020647275849370542,0.218,0.219,0.2186,0.219,0.0004898979485566361,1.454,1.485,1.46875,1.47,0.009153551223432395,0.059000000000000004,0.06,0.0596,0.06,0.0004898979485566328,32,8,4096,14336,128256,True,1376,1
0.069,0.07100000000000001,0.0700952380952381,0.07,0.0005259695722470128,0.062,0.062,0.06200000000000001,0.062,1.3877787807814457e-17,0.679,0.68,0.67995,0.68,0.00021794494717703385,0.05,0.051000000000000004,0.050350000000000006,0.05,0.0004769696007084732,0.453,0.459,0.45660000000000006,0.457,0.0014628738838327808,0.062,0.062,0.06200000000000001,0.062,1.3877787807814457e-17,2.721,2.727,2.723,2.723,0.0016733200530681394,0.216,0.217,0.21675,0.217,0.0004330127018922198,1.46,1.477,1.46985,1.4705,0.004574658457196586,0.058,0.06,0.05870000000000001,0.059000000000000004,0.000556776436283002,32,8,4096,14336,128256,True,1360,1
0.069,0.07100000000000001,0.06957142857142859,0.07,0.0005832118435198048,0.059000000000000004,0.06,0.05965,0.06,0.00047696960070846994,0.673,0.68,0.6780000000000002,0.679,0.0025298221281347057,0.049,0.051000000000000004,0.05010000000000001,0.05,0.00043588989435406776,0.456,0.466,0.46065000000000006,0.46,0.002612948526090786,0.059000000000000004,0.06,0.05965,0.06,0.00047696960070846994,2.697,2.73,2.7155000000000005,2.717,0.00867467578644872,0.212,0.214,0.213,0.213,0.0006324555320336764,1.452,1.477,1.4675500000000001,1.469,0.0068372143450384825,0.057,0.058,0.05755000000000001,0.058,0.0004974937185533104,32,8,4096,14336,128256,True,1344,1
0.068,0.07,0.06871428571428573,0.069,0.0006998542122237658,0.059000000000000004,0.059000000000000004,0.059,0.059000000000000004,6.938893903907228e-18,0.676,0.681,0.6788000000000001,0.679,0.001326649916142161,0.049,0.05,0.04930000000000001,0.049,0.0004582575694955844,0.45,0.459,0.45570000000000005,0.4565,0.0025903667693977263,0.059000000000000004,0.06,0.05935,0.059000000000000004,0.00047696960070846994,2.713,2.735,2.7244500000000005,2.7255000000000003,0.007046098211066885,0.21,0.211,0.21014999999999998,0.21,0.00035707142142714284,1.454,1.473,1.4646000000000001,1.4665,0.006359245238233859,0.056,0.058,0.056600000000000004,0.057,0.0005830951894845307,32,8,4096,14336,128256,True,1328,1
0.066,0.068,0.06719047619047622,0.067,0.0007315376902732014,0.058,0.06,0.058750000000000004,0.059000000000000004,0.00053619026473818,0.66,0.679,0.6716500000000001,0.6745000000000001,0.007669908734789488,0.048,0.049,0.04870000000000001,0.049,0.00045825756949558437,0.441,0.458,0.4520500000000001,0.455,0.006152032184571213,0.058,0.059000000000000004,0.058699999999999995,0.059000000000000004,0.0004582575694955844,2.642,2.72,2.6908000000000003,2.7030000000000003,0.029692760060324522,0.20700000000000002,0.209,0.20765000000000003,0.20800000000000002,0.0005722761571129771,1.423,1.475,1.4509,1.454,0.016226213359869283,0.055,0.056,0.055700000000000006,0.056,0.0004582575694955844,32,8,4096,14336,128256,True,1312,1
0.066,0.068,0.06661904761904762,0.067,0.000575383141599742,0.058,0.059000000000000004,0.058750000000000004,0.059000000000000004,0.0004330127018922198,0.668,0.682,0.6753000000000001,0.6755,0.004112177038990422,0.048,0.049,0.04805000000000001,0.048,0.00021794494717703388,0.443,0.456,0.45155,0.452,0.003542245050811706,0.058,0.059000000000000004,0.058899999999999994,0.059000000000000004,0.0003000000000000003,2.6790000000000003,2.743,2.7124,2.7184999999999997,0.01731011265127979,0.20500000000000002,0.20600000000000002,0.20575000000000002,0.20600000000000002,0.0004330127018922198,1.432,1.465,1.4503,1.4515,0.0095869703243517,0.054,0.056,0.0551,0.055,0.0004358898943540678,32,8,4096,14336,128256,True,1296,1
0.066,0.067,0.06642857142857143,0.066,0.0004948716593053939,0.058,0.059000000000000004,0.058899999999999994,0.059000000000000004,0.0003000000000000003,0.55,0.556,0.5505000000000002,0.55,0.0013228756555322967,0.05,0.052000000000000005,0.05095000000000001,0.051000000000000004,0.00038405728739343076,0.38,0.385,0.38160000000000005,0.381,0.001319090595827293,0.058,0.059000000000000004,0.05894999999999999,0.059000000000000004,0.0002179449471770339,2.595,2.608,2.59735,2.597,0.0026129485260907677,0.203,0.20400000000000001,0.20370000000000005,0.20400000000000001,0.0004582575694955844,1.249,1.25,1.2492499999999997,1.249,0.0004330127018921717,0.056,0.057,0.05625000000000001,0.056,0.00043301270189221973,32,8,4096,14336,128256,True,1280,1
0.064,0.067,0.06533333333333334,0.065,0.000712696645099799,0.058,0.058,0.05800000000000001,0.058,6.938893903907228e-18,0.545,0.549,0.54705,0.548,0.00143090880212542,0.05,0.051000000000000004,0.05015000000000001,0.05,0.00035707142142714284,0.448,0.457,0.45330000000000004,0.4545,0.0030182776545573165,0.058,0.059000000000000004,0.058150000000000014,0.058,0.0003570714214271428,2.565,2.592,2.5833,2.591,0.010550355444249293,0.201,0.203,0.20140000000000002,0.201,0.0005830951894845307,1.236,1.248,1.2431500000000002,1.247,0.005579202451963915,0.055,0.056,0.055349999999999996,0.055,0.0004769696007084733,32,8,4096,14336,128256,True,1264,1
0.064,0.066,0.06457142857142857,0.065,0.0005832118435198048,0.055,0.056,0.055600000000000004,0.056,0.0004898979485566361,0.544,0.548,0.5451500000000001,0.545,0.001492481155659931,0.049,0.051000000000000004,0.04935000000000001,0.049,0.0005722761571129803,0.393,0.4,0.3961,0.396,0.0018947295321496437,0.055,0.056,0.0558,0.056,0.0004000000000000004,2.561,2.591,2.5699499999999995,2.568,0.008946926846688748,0.197,0.198,0.19705,0.197,0.00021794494717703385,1.235,1.247,1.23745,1.236,0.004030818775385497,0.054,0.056,0.0548,0.055,0.000509901951359279,32,8,4096,14336,128256,True,1248,1
0.063,0.064,0.06342857142857143,0.063,0.0004948716593053939,0.055,0.056,0.05505,0.055,0.0002179449471770339,0.537,0.548,0.5427,0.543,0.003318132004607415,0.048,0.049,0.04845000000000001,0.048,0.0004974937185533104,0.384,0.396,0.39165,0.393,0.003581549943809247,0.055,0.056,0.055400000000000005,0.055,0.000489897948556636,2.54,2.59,2.5640500000000004,2.566,0.012858751883444947,0.194,0.195,0.19485,0.195,0.0003570714214271428,1.223,1.247,1.234,1.235,0.006511528238439882,0.053,0.055,0.05405000000000001,0.054,0.00038405728739343076,32,8,4096,14336,128256,True,1232,1
0.062,0.064,0.06299999999999999,0.063,0.0003086066999241841,0.055,0.056,0.05505,0.055,0.0002179449471770339,0.537,0.552,0.54415,0.542,0.004114304315434145,0.047,0.048,0.047950000000000007,0.048,0.00021794494717703385,0.386,0.396,0.39155,0.391,0.0027290108097990404,0.055,0.055,0.05500000000000001,0.055,6.938893903907228e-18,2.435,2.495,2.46365,2.4575,0.01575841045283436,0.19,0.191,0.1909,0.191,0.00030000000000000024,1.227,1.2510000000000001,1.2372,1.236,0.007871467461661794,0.052000000000000005,0.054,0.05305,0.053,0.0003840572873934298,32,8,4096,14336,128256,True,1216,1
0.061,0.063,0.06228571428571429,0.062,0.0006281383789653776,0.054,0.055,0.054900000000000004,0.055,0.0003000000000000003,0.543,0.544,0.5434500000000001,0.543,0.0004974937185533104,0.047,0.048,0.04715000000000001,0.047,0.00035707142142714273,0.385,0.39,0.38794999999999996,0.388,0.0012835497652993447,0.055,0.055,0.05500000000000001,0.055,6.938893903907228e-18,2.459,2.461,2.46025,2.46,0.0005361902647381214,0.189,0.19,0.18905,0.189,0.00021794494717703385,1.236,1.237,1.2361500000000003,1.236,0.00035707142142718247,0.052000000000000005,0.053,0.05230000000000001,0.052000000000000005,0.0004582575694955813,32,8,4096,14336,128256,True,1200,1
0.06,0.062,0.06109523809523809,0.061,0.0004259177099999603,0.054,0.055,0.054900000000000004,0.055,0.0003000000000000003,0.543,0.544,0.5431499999999999,0.543,0.0003570714214271428,0.046,0.047,0.04675000000000001,0.047,0.0004330127018922197,0.386,0.391,0.3883,0.388,0.0015198684153570675,0.054,0.055,0.05495,0.055,0.0002179449471770339,2.459,2.461,2.4601,2.46,0.00043588989435401935,0.187,0.187,0.18699999999999997,0.187,2.7755575615628914e-17,1.236,1.236,1.2360000000000002,1.236,2.220446049250313e-16,0.051000000000000004,0.053,0.051550000000000006,0.051500000000000004,0.0005894913061275795,32,8,4096,14336,128256,True,1184,1
0.059000000000000004,0.061,0.060285714285714276,0.06,0.0006281383789653763,0.052000000000000005,0.052000000000000005,0.05200000000000001,0.052000000000000005,6.938893903907228e-18,0.539,0.548,0.5441499999999999,0.543,0.0032905166767545823,0.046,0.047,0.04610000000000001,0.046,0.0003000000000000003,0.382,0.389,0.38545,0.385,0.0022017038856304016,0.052000000000000005,0.052000000000000005,0.05200000000000001,0.052000000000000005,6.938893903907228e-18,2.438,2.483,2.46385,2.4585,0.015960184836022483,0.182,0.183,0.18279999999999996,0.183,0.0004000000000000004,1.225,1.25,1.23875,1.236,0.00870560164491804,0.05,0.051000000000000004,0.05095000000000001,0.051000000000000004,0.00021794494717703385,32,8,4096,14336,128256,True,1168,1
0.059000000000000004,0.06,0.05976190476190476,0.06,0.00042591770999995737,0.051000000000000004,0.053,0.05200000000000001,0.052000000000000005,0.0003162277660168371,0.544,0.551,0.5457500000000002,0.545,0.0023637893307145645,0.044,0.045,0.04410000000000001,0.044,0.0003000000000000003,0.379,0.387,0.38175000000000003,0.381,0.0027545417041678665,0.051000000000000004,0.052000000000000005,0.05195000000000001,0.052000000000000005,0.00021794494717703385,2.454,2.485,2.4623999999999997,2.459,0.011024518130058985,0.18,0.181,0.18040000000000003,0.18,0.0004898979485566361,1.196,1.21,1.20005,1.199,0.004341370751272003,0.05,0.051000000000000004,0.050050000000000004,0.05,0.0002179449471770339,32,8,4096,14336,128256,True,1152,1
0.058,0.06,0.059,0.059000000000000004,0.00043643578047198364,0.051000000000000004,0.052000000000000005,0.051550000000000006,0.052000000000000005,0.0004974937185533105,0.543,0.545,0.5442,0.544,0.0005099019513592789,0.043000000000000003,0.044,0.04315000000000001,0.043000000000000003,0.0003570714214271403,0.374,0.38,0.3777,0.3775,0.0014525839046333963,0.051000000000000004,0.052000000000000005,0.05145000000000001,0.051000000000000004,0.0004974937185533104,2.455,2.457,2.4566000000000003,2.457,0.0005830951894844659,0.178,0.179,0.17809999999999998,0.178,0.00030000000000000024,1.194,1.198,1.1965999999999999,1.197,0.000969535971483278,0.048,0.05,0.04905000000000001,0.049,0.00038405728739343076,32,8,4096,14336,128256,True,1136,1
0.057,0.059000000000000004,0.05804761904761905,0.058,0.0003749527559053247,0.051000000000000004,0.052000000000000005,0.05135000000000001,0.051000000000000004,0.00047696960070847325,0.544,0.549,0.5465,0.548,0.002012461179749813,0.043000000000000003,0.043000000000000003,0.04300000000000001,0.043000000000000003,6.938893903907228e-18,0.379,0.384,0.38130000000000003,0.381,0.0010535653752852749,0.051000000000000004,0.052000000000000005,0.051550000000000006,0.052000000000000005,0.0004974937185533105,2.134,2.153,2.1456500000000003,2.1510000000000002,0.007505164888261979,0.178,0.179,0.17839999999999998,0.178,0.000489897948556636,1.195,1.207,1.2018,1.2055,0.004905099387372301,0.048,0.049,0.04830000000000001,0.048,0.0004582575694955844,32,8,4096,14336,128256,True,1120,1
0.057,0.058,0.05738095238095239,0.057,0.0004856209060564561,0.051000000000000004,0.052000000000000005,0.05150000000000001,0.051500000000000004,0.0005000000000000004,0.544,0.548,0.54665,0.548,0.001681517172080025,0.042,0.043000000000000003,0.04230000000000001,0.042,0.0004582575694955844,0.375,0.38,0.37715,0.377,0.001589811309558466,0.051000000000000004,0.052000000000000005,0.05135000000000001,0.051000000000000004,0.00047696960070847325,2.134,2.1550000000000002,2.1456500000000007,2.1510000000000002,0.007254481373606313,0.176,0.177,0.17675000000000002,0.177,0.0004330127018922198,1.196,1.207,1.20175,1.2045,0.004205650960315187,0.047,0.048,0.04740000000000001,0.047,0.0004898979485566361,32,8,4096,14336,128256,True,1104,1
0.056,0.058,0.05695238095238095,0.057,0.00037495275590532473,0.048,0.049,0.04895000000000001,0.049,0.00021794494717703385,0.544,0.55,0.5475,0.548,0.0018841443681416792,0.041,0.042,0.04170000000000001,0.042,0.0004582575694955844,0.373,0.378,0.37585,0.376,0.0012359207094308285,0.049,0.049,0.04900000000000001,0.049,6.938893903907228e-18,2.138,2.16,2.1502499999999993,2.1510000000000002,0.006098155458825226,0.171,0.17300000000000001,0.17200000000000004,0.17200000000000001,0.0003162277660168382,1.194,1.208,1.2038,1.205,0.004007492981902765,0.046,0.048,0.04655000000000001,0.0465,0.0005894913061275802,32,8,4096,14336,128256,True,1088,1
0.055,0.056,0.055809523809523816,0.056,0.00039267672624930137,0.048,0.049,0.04845000000000001,0.048,0.0004974937185533104,0.543,0.543,0.5429999999999999,0.543,1.1102230246251565e-16,0.041,0.042,0.04105000000000001,0.041,0.00021794494717703385,0.368,0.372,0.3706,0.371,0.0012806248474865707,0.048,0.049,0.04815000000000001,0.048,0.00035707142142714273,2.13,2.134,2.1305500000000004,2.13,0.0009205976319761563,0.169,0.17,0.1694,0.169,0.000489897948556636,1.194,1.199,1.19595,1.196,0.0015644487847162154,0.045,0.046,0.04535000000000001,0.045,0.0004769696007084732,32,8,4096,14336,128256,True,1072,1
0.054,0.056,0.05533333333333334,0.055,0.0005634361698190116,0.048,0.049,0.04835000000000001,0.048,0.00047696960070847325,0.458,0.462,0.4591,0.4585,0.0013379088160259665,0.042,0.043000000000000003,0.04205000000000001,0.042,0.00021794494717703385,0.377,0.383,0.3798,0.3795,0.001720465053408527,0.048,0.049,0.04820000000000001,0.048,0.0004000000000000003,2.148,2.1590000000000003,2.15045,2.149,0.0036259481518631804,0.167,0.168,0.16734999999999997,0.167,0.0004769696007084733,1.203,1.209,1.20575,1.2055,0.0014097872179871707,0.044,0.045,0.04485000000000001,0.045,0.00035707142142714284,32,8,4096,14336,128256,True,1056,1
0.053,0.054,0.053904761904761914,0.054,0.00029354352395090394,0.048,0.048,0.04800000000000001,0.048,6.938893903907228e-18,0.454,0.455,0.45475000000000004,0.455,0.0004330127018922198,0.041,0.042,0.04180000000000001,0.042,0.00040000000000000034,0.372,0.375,0.37324999999999997,0.373,0.0008291561975888506,0.048,0.048,0.04800000000000001,0.048,6.938893903907228e-18,2.128,2.129,2.12845,2.128,0.0004974937185532551,0.165,0.166,0.16570000000000001,0.166,0.0004582575694955844,1.191,1.196,1.193,1.1925,0.0016124515496596977,0.043000000000000003,0.044,0.04365000000000001,0.044,0.00047696960070846994,32,8,4096,14336,128256,True,1040,1
0.052000000000000005,0.054,0.05357142857142857,0.054,0.000583211843519804,0.047,0.048,0.047950000000000007,0.048,0.00021794494717703385,0.454,0.458,0.4565500000000001,0.458,0.0018020821290940115,0.04,0.042,0.04105000000000001,0.041,0.0004974937185533105,0.372,0.375,0.37374999999999997,0.374,0.0010897247358851695,0.047,0.048,0.04780000000000001,0.048,0.00040000000000000034,2.157,2.1710000000000003,2.16485,2.1675000000000004,0.005396989901787842,0.164,0.166,0.16525,0.165,0.0005361902647381809,1.054,1.066,1.0604500000000001,1.061,0.0028013389655662884,0.044,0.045,0.0442,0.044,0.00040000000000000034,32,8,4096,14336,128256,True,1024,1
0.052000000000000005,0.054,0.05300000000000001,0.053,0.0005345224838248473,0.047,0.048,0.04760000000000001,0.048,0.000489897948556636,0.451,0.456,0.4532,0.454,0.0013266499161421613,0.04,0.041,0.04055000000000001,0.041,0.0004974937185533104,0.37,0.374,0.37249999999999994,0.373,0.001284523257866514,0.047,0.048,0.04735000000000001,0.047,0.0004769696007084732,2.138,2.1590000000000003,2.15045,2.156,0.008052794545994576,0.164,0.165,0.16445,0.164,0.0004974937185533104,1.049,1.064,1.0562,1.0565,0.0053441556863549795,0.043000000000000003,0.045,0.044000000000000004,0.044,0.0004472135954999568,32,8,4096,14336,128256,True,1016,1
0.052000000000000005,0.054,0.052904761904761906,0.053,0.00042591770999995823,0.045,0.045,0.045000000000000005,0.045,6.938893903907228e-18,0.455,0.461,0.45625,0.456,0.0016695807857064016,0.039,0.04,0.039950000000000006,0.04,0.00021794494717703385,0.373,0.378,0.37434999999999996,0.374,0.0010136567466356656,0.045,0.045,0.045000000000000005,0.045,6.938893903907228e-18,2.1550000000000002,2.182,2.1595500000000003,2.1590000000000003,0.005286539510870956,0.16,0.162,0.16104999999999997,0.161,0.0007399324293474377,1.057,1.073,1.0609499999999996,1.061,0.003499642838919416,0.043000000000000003,0.044,0.043500000000000004,0.0435,0.0004999999999999969,32,8,4096,14336,128256,True,1008,1
0.051000000000000004,0.053,0.051857142857142866,0.052000000000000005,0.00046656947481584307,0.044,0.045,0.044950000000000004,0.045,0.00021794494717703385,0.45,0.456,0.4537000000000001,0.454,0.0018466185312619409,0.039,0.04,0.03930000000000001,0.039,0.0004582575694955844,0.371,0.375,0.37275,0.373,0.0011346805717910226,0.044,0.045,0.044950000000000004,0.045,0.00021794494717703385,2.136,2.16,2.15255,2.156,0.008046583125774607,0.159,0.16,0.15945,0.159,0.0004974937185533104,1.05,1.065,1.05855,1.059,0.0046526873954737084,0.042,0.044,0.043000000000000003,0.043000000000000003,0.0004472135954999568,32,8,4096,14336,128256,True,1000,1
0.052000000000000005,0.053,0.05204761904761906,0.052000000000000005,0.00021295885499997866,0.044,0.045,0.044950000000000004,0.045,0.00021794494717703385,0.455,0.459,0.45620000000000005,0.456,0.001326649916142161,0.039,0.04,0.03925000000000001,0.039,0.0004330127018922198,0.373,0.377,0.3741499999999999,0.374,0.0011521718621802922,0.044,0.045,0.044950000000000004,0.045,0.00021794494717703385,2.156,2.174,2.1602500000000004,2.1585,0.005466946131068006,0.158,0.159,0.15824999999999997,0.158,0.0004330127018922197,1.053,1.067,1.05895,1.0585,0.0033237779709240456,0.042,0.043000000000000003,0.04260000000000001,0.043000000000000003,0.000489897948556636,32,8,4096,14336,128256,True,992,1
0.051000000000000004,0.052000000000000005,0.05138095238095239,0.051000000000000004,0.0004856209060564561,0.044,0.045,0.04460000000000001,0.045,0.000489897948556636,0.454,0.455,0.45430000000000004,0.454,0.0004582575694955844,0.039,0.04,0.03910000000000001,0.039,0.0003000000000000003,0.341,0.34600000000000003,0.34364999999999996,0.34400000000000003,0.0014924811556599315,0.045,0.045,0.045000000000000005,0.045,6.938893903907228e-18,2.124,2.126,2.1252999999999997,2.125,0.0006403124237432143,0.155,0.156,0.15585000000000002,0.156,0.00035707142142714284,1.055,1.064,1.0586,1.0585,0.002244994432064385,0.042,0.043000000000000003,0.04220000000000001,0.042,0.0004000000000000003,32,8,4096,14336,128256,True,984,1
0.05,0.051000000000000004,0.05085714285714286,0.051000000000000004,0.0003499271061118829,0.044,0.045,0.04465000000000001,0.045,0.0004769696007084732,0.454,0.458,0.45500000000000007,0.455,0.00122474487139159,0.038,0.039,0.03810000000000001,0.038,0.0003000000000000003,0.34,0.34700000000000003,0.34295,0.343,0.0020118399538730726,0.044,0.045,0.044800000000000006,0.045,0.00040000000000000034,2.124,2.1430000000000002,2.1285499999999997,2.126,0.005978921307393184,0.155,0.155,0.15499999999999997,0.155,2.7755575615628914e-17,1.051,1.063,1.05655,1.056,0.003169779172119097,0.042,0.043000000000000003,0.04210000000000001,0.042,0.0003000000000000003,32,8,4096,14336,128256,True,976,1
0.05,0.052000000000000005,0.05090476190476191,0.051000000000000004,0.0004259177099999603,0.044,0.045,0.044500000000000005,0.0445,0.0005000000000000004,0.454,0.458,0.4549,0.454,0.0012609520212918503,0.038,0.039,0.03830000000000001,0.038,0.0004582575694955844,0.361,0.368,0.36395000000000005,0.364,0.0020118399538730726,0.044,0.045,0.044550000000000006,0.045,0.0004974937185533104,2.125,2.1430000000000002,2.1285999999999996,2.1270000000000002,0.0050438080851674645,0.153,0.154,0.15389999999999998,0.154,0.00030000000000000024,1.051,1.065,1.0557999999999998,1.0554999999999999,0.0036276714294433995,0.041,0.042,0.04130000000000001,0.041,0.0004582575694955844,32,8,4096,14336,128256,True,968,1
0.049,0.051000000000000004,0.05033333333333334,0.05,0.0005634361698190116,0.044,0.045,0.044800000000000006,0.045,0.00040000000000000034,0.456,0.457,0.4567500000000001,0.457,0.0004330127018922197,0.036000000000000004,0.037,0.03635000000000001,0.036000000000000004,0.0004769696007084699,0.309,0.313,0.31084999999999996,0.311,0.0011521718621802922,0.044,0.045,0.044750000000000005,0.045,0.0004330127018922197,1.818,1.828,1.8238500000000002,1.824,0.0025937424698685937,0.154,0.155,0.15479999999999997,0.155,0.00040000000000000034,1.06,1.066,1.06345,1.063,0.0015960889699512446,0.041,0.042,0.04125000000000001,0.041,0.0004330127018922198,32,8,4096,14336,128256,True,960,1
0.05,0.051000000000000004,0.05023809523809525,0.05,0.00042591770999996035,0.044,0.045,0.044800000000000006,0.045,0.00040000000000000034,0.456,0.457,0.4567,0.457,0.0004582575694955844,0.036000000000000004,0.036000000000000004,0.03600000000000001,0.036000000000000004,6.938893903907228e-18,0.307,0.312,0.30924999999999997,0.309,0.00140978721798717,0.044,0.045,0.044950000000000004,0.045,0.00021794494717703385,1.819,1.824,1.8223000000000003,1.822,0.0010535653752852768,0.153,0.154,0.1537,0.154,0.0004582575694955844,1.056,1.064,1.0596,1.0594999999999999,0.0019078784028338895,0.04,0.041,0.04075000000000001,0.041,0.0004330127018922197,32,8,4096,14336,128256,True,952,1
0.048,0.051000000000000004,0.049952380952380956,0.05,0.000722178613719196,0.044,0.045,0.044800000000000006,0.045,0.00040000000000000034,0.452,0.457,0.45615000000000006,0.456,0.001061838029079766,0.036000000000000004,0.037,0.03625000000000001,0.036000000000000004,0.00043301270189221675,0.308,0.313,0.3113,0.311,0.001100000000000001,0.044,0.045,0.044800000000000006,0.045,0.00040000000000000034,1.802,1.833,1.82345,1.8245,0.006422421661647563,0.152,0.153,0.1529,0.153,0.00030000000000000024,1.049,1.061,1.0573000000000001,1.0575,0.0021931712199461505,0.039,0.041,0.04005000000000001,0.04,0.00038405728739343076,32,8,4096,14336,128256,True,944,1
0.048,0.05,0.04900000000000001,0.049,0.00043643578047198515,0.044,0.045,0.0442,0.044,0.00040000000000000034,0.447,0.457,0.4518,0.452,0.003140063693621519,0.035,0.036000000000000004,0.03520000000000001,0.035,0.0004000000000000003,0.3,0.31,0.30499999999999994,0.305,0.0029154759474226528,0.044,0.045,0.04410000000000001,0.044,0.0003000000000000003,1.788,1.824,1.8023999999999998,1.8005,0.011416654501210065,0.151,0.152,0.15185,0.152,0.00035707142142714284,1.036,1.056,1.0458500000000002,1.046,0.006279132105633695,0.039,0.041,0.04005000000000001,0.04,0.00038405728739343076,32,8,4096,14336,128256,True,936,1
0.048,0.05,0.04900000000000001,0.049,0.00043643578047198515,0.044,0.044,0.044000000000000004,0.044,6.938893903907228e-18,0.452,0.456,0.45305,0.452,0.001716828471338941,0.035,0.036000000000000004,0.03520000000000001,0.035,0.00040000000000000034,0.304,0.308,0.3052,0.305,0.0011224972160321833,0.044,0.045,0.04410000000000001,0.044,0.0003000000000000003,1.803,1.816,1.8081000000000003,1.8054999999999999,0.0048155996511338285,0.15,0.152,0.15075,0.151,0.0005361902647381809,1.045,1.056,1.0483499999999997,1.046,0.00408992664970904,0.039,0.04,0.03960000000000001,0.04,0.000489897948556636,32,8,4096,14336,128256,True,928,1
0.048,0.049,0.048476190476190485,0.048,0.0004994327848429299,0.041,0.042,0.04150000000000001,0.0415,0.0005000000000000004,0.451,0.456,0.4516000000000001,0.451,0.0013564659966250545,0.035,0.036000000000000004,0.03520000000000001,0.035,0.0004000000000000003,0.301,0.309,0.30434999999999995,0.304,0.0020068632240389495,0.041,0.042,0.04135000000000001,0.041,0.0004769696007084732,1.803,1.822,1.8056999999999999,1.804,0.005311308689955807,0.146,0.147,0.14669999999999997,0.147,0.0004582575694955844,1.044,1.055,1.0457500000000002,1.045,0.0022776083947860662,0.038,0.04,0.03905000000000001,0.039,0.0003840572873934307,32,8,4096,14336,128256,True,920,1
0.047,0.048,0.04780952380952382,0.048,0.00039267672624930137,0.041,0.042,0.04120000000000001,0.041,0.00040000000000000034,0.446,0.455,0.4508000000000001,0.451,0.002767670500619612,0.034,0.035,0.034100000000000005,0.034,0.00030000000000000024,0.299,0.305,0.30179999999999996,0.302,0.0018055470085267804,0.041,0.042,0.04110000000000001,0.041,0.0003000000000000003,1.7870000000000001,1.816,1.7986,1.799,0.00834505841801001,0.145,0.146,0.14594999999999997,0.146,0.00021794494717703385,1.034,1.054,1.0433999999999999,1.044,0.00564269439186636,0.038,0.039,0.03875000000000001,0.039,0.0004330127018922197,32,8,4096,14336,128256,True,912,1
0.047,0.049,0.047904761904761915,0.048,0.00042591770999996035,0.041,0.042,0.04145000000000001,0.041,0.0004974937185533104,0.447,0.456,0.4509,0.451,0.0028618176042508395,0.034,0.035,0.03425000000000001,0.034,0.0004330127018922197,0.296,0.306,0.30354999999999993,0.305,0.0034853263835686924,0.041,0.042,0.04120000000000001,0.041,0.0004000000000000003,1.784,1.823,1.7983999999999998,1.798,0.011324310133513614,0.14400000000000002,0.145,0.14475,0.145,0.00043301270189220775,1.033,1.054,1.0413000000000001,1.0425,0.00566656862660289,0.038,0.04,0.03860000000000001,0.039,0.0005830951894845307,32,8,4096,14336,128256,True,904,1
0.046,0.048,0.0471904761904762,0.047,0.0005870870479018078,0.041,0.042,0.04170000000000001,0.042,0.0004582575694955844,0.37,0.371,0.3708,0.371,0.00040000000000000034,0.035,0.037,0.03600000000000001,0.036000000000000004,0.0003162277660168371,0.302,0.307,0.30394999999999994,0.304,0.0014654350889752859,0.041,0.042,0.04125000000000001,0.041,0.00043301270189221973,1.9080000000000001,1.911,1.9091999999999998,1.909,0.0008124038404635968,0.14100000000000001,0.14200000000000002,0.14155,0.14200000000000002,0.0004974937185533104,0.9470000000000001,0.9520000000000001,0.9502000000000003,0.9500000000000001,0.0014352700094407336,0.04,0.041,0.04025000000000001,0.04,0.0004330127018922198,32,8,4096,14336,128256,True,896,1
0.046,0.048,0.04704761904761906,0.047,0.0003749527559053246,0.041,0.042,0.04105000000000001,0.041,0.00021794494717703385,0.367,0.372,0.3682500000000001,0.368,0.0011346805717910226,0.035,0.037,0.03575000000000001,0.036000000000000004,0.00053619026473818,0.3,0.307,0.30225,0.302,0.001577181029558752,0.041,0.041,0.04100000000000001,0.041,6.938893903907228e-18,1.801,1.821,1.80395,1.802,0.005580994535026896,0.14200000000000002,0.14300000000000002,0.14284999999999998,0.14300000000000002,0.0003570714214271428,0.9390000000000001,0.9530000000000001,0.94335,0.9430000000000001,0.0028332843133014405,0.039,0.04,0.039900000000000005,0.04,0.0003000000000000003,32,8,4096,14336,128256,True,888,1
0.046,0.048,0.04704761904761906,0.047,0.0005753831415997421,0.041,0.042,0.04125000000000001,0.041,0.00043301270189221973,0.372,0.373,0.3724,0.372,0.0004898979485566361,0.035,0.036000000000000004,0.035100000000000006,0.035,0.00030000000000000024,0.3,0.305,0.30245,0.3025,0.0014654350889752856,0.041,0.042,0.04105000000000001,0.041,0.00021794494717703385,1.823,1.83,1.8268499999999999,1.827,0.0019306734576308069,0.14200000000000002,0.14200000000000002,0.142,0.14200000000000002,2.7755575615628914e-17,0.9470000000000001,0.9530000000000001,0.9503500000000003,0.9500000000000001,0.001710993863226869,0.039,0.041,0.039650000000000005,0.04,0.0005722761571129804,32,8,4096,14336,128256,True,880,1
0.045,0.047,0.0461904761904762,0.046,0.0004994327848429298,0.041,0.042,0.04105000000000001,0.041,0.00021794494717703385,0.369,0.372,0.37065000000000003,0.37,0.0009096702699330135,0.034,0.036000000000000004,0.03520000000000001,0.035,0.0005099019513592789,0.3,0.304,0.30284999999999995,0.303,0.0010136567466356656,0.041,0.041,0.04100000000000001,0.041,6.938893903907228e-18,1.814,1.825,1.8196,1.8185,0.0031208973068654385,0.14100000000000001,0.14200000000000002,0.1411,0.14100000000000001,0.00030000000000000024,0.9400000000000001,0.9490000000000001,0.9440000000000003,0.9445000000000001,0.0031780497164141434,0.039,0.04,0.03910000000000001,0.039,0.0003000000000000003,32,8,4096,14336,128256,True,872,1
0.046,0.047,0.046238095238095245,0.046,0.00042591770999996035,0.041,0.041,0.04100000000000001,0.041,6.938893903907228e-18,0.367,0.372,0.3698,0.37,0.0014000000000000015,0.035,0.035,0.03500000000000001,0.035,6.938893903907228e-18,0.301,0.307,0.30435,0.3045,0.0018513508581573634,0.041,0.041,0.04100000000000001,0.041,6.938893903907228e-18,1.801,1.821,1.8108500000000003,1.812,0.0059268457040823974,0.14,0.14100000000000001,0.14005000000000004,0.14,0.00021794494717703385,0.937,0.9520000000000001,0.9455,0.9465000000000001,0.0042836899981207825,0.038,0.039,0.038650000000000004,0.039,0.0004769696007084733,32,8,4096,14336,128256,True,864,1
0.044,0.046,0.04557142857142858,0.046,0.0005832118435198047,0.04,0.041,0.040900000000000006,0.041,0.0003000000000000003,0.367,0.371,0.36865000000000003,0.368,0.0012359207094308285,0.034,0.035,0.034350000000000006,0.034,0.0004769696007084732,0.301,0.306,0.3034,0.303,0.0011575836902790234,0.04,0.041,0.04085000000000001,0.041,0.00035707142142714284,1.801,1.815,1.80795,1.808,0.004587755442479475,0.139,0.14,0.13930000000000003,0.139,0.0004582575694955844,0.937,0.9480000000000001,0.9427000000000001,0.9425000000000001,0.0038871583451153655,0.038,0.039,0.03815,0.038,0.00035707142142714284,32,8,4096,14336,128256,True,856,1
0.044,0.046,0.0451904761904762,0.045,0.0004994327848429298,0.04,0.041,0.040900000000000006,0.041,0.0003000000000000003,0.41100000000000003,0.41200000000000003,0.41125000000000006,0.41100000000000003,0.0004330127018922197,0.033,0.034,0.033600000000000005,0.034,0.0004898979485566361,0.301,0.305,0.30284999999999995,0.303,0.0012359207094308287,0.04,0.041,0.04095000000000001,0.041,0.00021794494717703385,1.81,1.816,1.8125999999999998,1.8125,0.0015297058540778513,0.138,0.139,0.13870000000000005,0.139,0.0004582575694955844,0.9400000000000001,0.9500000000000001,0.9449500000000001,0.9450000000000001,0.0022907422377910634,0.037,0.038,0.03780000000000001,0.038,0.00040000000000000034,32,8,4096,14336,128256,True,848,1
0.044,0.046,0.04490476190476191,0.045,0.00042591770999996035,0.038,0.038,0.038000000000000006,0.038,6.938893903907228e-18,0.406,0.41200000000000003,0.40905,0.40900000000000003,0.002201703885630401,0.033,0.034,0.033150000000000006,0.033,0.00035707142142714284,0.296,0.303,0.29979999999999996,0.2995,0.0022045407685048622,0.037,0.038,0.037950000000000005,0.038,0.00021794494717703385,1.79,1.821,1.8049500000000003,1.804,0.010384965093826734,0.134,0.136,0.13490000000000002,0.135,0.0007000000000000006,0.927,0.9420000000000001,0.9349999999999999,0.936,0.004347413023856835,0.037,0.038,0.037500000000000006,0.0375,0.0005000000000000004,32,8,4096,14336,128256,True,840,1
0.043000000000000003,0.045,0.044000000000000004,0.044,0.000308606699924183,0.038,0.038,0.038000000000000006,0.038,6.938893903907228e-18,0.40800000000000003,0.40800000000000003,0.4080000000000001,0.40800000000000003,5.551115123125783e-17,0.033,0.034,0.03305000000000001,0.033,0.00021794494717703385,0.295,0.301,0.29850000000000004,0.2985,0.002224859546128701,0.038,0.038,0.038000000000000006,0.038,6.938893903907228e-18,1.797,1.8,1.7984000000000002,1.798,0.000734846922834942,0.133,0.133,0.133,0.133,0.0,0.932,0.9400000000000001,0.93605,0.937,0.0024181604578687515,0.037,0.038,0.03715,0.037,0.00035707142142714284,32,8,4096,14336,128256,True,832,1
0.043000000000000003,0.045,0.044000000000000004,0.044,0.000308606699924183,0.038,0.039,0.03805000000000001,0.038,0.00021794494717703385,0.41000000000000003,0.41100000000000003,0.41050000000000003,0.41050000000000003,0.0005000000000000004,0.032,0.034,0.03295000000000001,0.033,0.0004974937185533105,0.296,0.301,0.29894999999999994,0.299,0.0019868316486305543,0.038,0.038,0.038000000000000006,0.038,6.938893903907228e-18,1.811,1.819,1.8135999999999999,1.8125,0.0022891046284519182,0.132,0.132,0.13200000000000003,0.132,2.7755575615628914e-17,0.93,0.937,0.9337500000000001,0.934,0.0017284386017443621,0.036000000000000004,0.037,0.03650000000000001,0.036500000000000005,0.000499999999999997,32,8,4096,14336,128256,True,824,1
0.043000000000000003,0.045,0.04395238095238096,0.044,0.0004856209060564542,0.038,0.038,0.038000000000000006,0.038,6.938893903907228e-18,0.40700000000000003,0.41200000000000003,0.41114999999999996,0.41100000000000003,0.001061838029079766,0.032,0.033,0.03275000000000001,0.033,0.00043301270189221973,0.302,0.303,0.30244999999999994,0.302,0.0004974937185533104,0.037,0.038,0.0379,0.038,0.0003000000000000003,1.805,1.821,1.8145,1.815,0.004224926034855518,0.131,0.132,0.13105000000000003,0.131,0.00021794494717703385,0.9380000000000001,0.9450000000000001,0.9418500000000002,0.9420000000000001,0.0017109938632268687,0.036000000000000004,0.037,0.03610000000000001,0.036000000000000004,0.0002999999999999982,32,8,4096,14336,128256,True,816,1
0.042,0.044,0.04300000000000001,0.043000000000000003,0.00043643578047198364,0.037,0.038,0.0374,0.037,0.000489897948556636,0.403,0.40700000000000003,0.4053000000000001,0.404,0.001552417469626004,0.032,0.033,0.03205000000000001,0.032,0.00021794494717703385,0.296,0.301,0.2975,0.297,0.001284523257866514,0.037,0.038,0.0374,0.037,0.000489897948556636,1.7810000000000001,1.794,1.7872500000000002,1.7850000000000001,0.0053279921171112245,0.129,0.13,0.12969999999999998,0.13,0.0004582575694955844,0.92,0.933,0.9266500000000001,0.926,0.004162631379308049,0.035,0.037,0.03555000000000001,0.035500000000000004,0.0005894913061275794,32,8,4096,14336,128256,True,808,1
0.042,0.044,0.042952380952380964,0.043000000000000003,0.0003749527559053237,0.037,0.038,0.03785000000000001,0.038,0.00035707142142714284,0.41100000000000003,0.41300000000000003,0.4123,0.41200000000000003,0.0005567764362830027,0.032,0.033,0.03205000000000001,0.032,0.00021794494717703385,0.296,0.299,0.2974,0.297,0.0006633249580710806,0.037,0.038,0.0379,0.038,0.0003000000000000003,1.584,1.595,1.5898999999999999,1.59,0.002071231517720797,0.126,0.127,0.12694999999999998,0.127,0.00021794494717703385,0.937,0.9410000000000001,0.9394000000000002,0.9400000000000001,0.0011575836902790234,0.035,0.036000000000000004,0.035100000000000006,0.035,0.00030000000000000024,32,8,4096,14336,128256,True,800,1
0.041,0.043000000000000003,0.04200000000000001,0.042,0.0005345224838248493,0.037,0.038,0.03730000000000001,0.037,0.0004582575694955844,0.399,0.40800000000000003,0.40560000000000007,0.40800000000000003,0.0038262252939418005,0.031,0.033,0.03180000000000001,0.032,0.000509901951359279,0.28800000000000003,0.298,0.29494999999999993,0.297,0.0034709508783617184,0.037,0.038,0.037200000000000004,0.037,0.00040000000000000034,1.539,1.573,1.56235,1.5715,0.014537107690321363,0.125,0.126,0.12579999999999997,0.126,0.00040000000000000034,0.91,0.931,0.9246999999999999,0.929,0.007616429609731853,0.034,0.035,0.03475000000000001,0.035,0.00043301270189221973,32,8,4096,14336,128256,True,792,1
0.041,0.043000000000000003,0.042142857142857156,0.042,0.000559397148784321,0.037,0.038,0.03705000000000001,0.037,0.00021794494717703385,0.406,0.40900000000000003,0.40804999999999997,0.40850000000000003,0.001160818676624391,0.031,0.032,0.031450000000000006,0.031,0.0004974937185533104,0.291,0.295,0.29369999999999996,0.294,0.0015524174696260036,0.037,0.038,0.03710000000000001,0.037,0.0003000000000000003,1.567,1.577,1.57295,1.5745,0.003470950878361742,0.124,0.126,0.12505,0.125,0.00038405728739343076,0.923,0.93,0.92705,0.928,0.002036541185441632,0.034,0.035,0.03415000000000001,0.034,0.00035707142142714284,32,8,4096,14336,128256,True,784,1
0.04,0.042,0.04152380952380953,0.042,0.0005870870479018079,0.037,0.037,0.037000000000000005,0.037,6.938893903907228e-18,0.404,0.40900000000000003,0.4056,0.404,0.002244994432064367,0.031,0.032,0.031050000000000005,0.031,0.00021794494717703388,0.28800000000000003,0.293,0.2905,0.29,0.0017175564037317603,0.037,0.037,0.037000000000000005,0.037,6.938893903907228e-18,1.558,1.578,1.5644500000000001,1.5594999999999999,0.008351496871818836,0.124,0.125,0.12425000000000001,0.124,0.0004330127018922197,0.918,0.929,0.9219999999999999,0.9195,0.004123105625617665,0.033,0.035,0.03400000000000001,0.034,0.0003162277660168382,32,8,4096,14336,128256,True,776,1
0.04,0.042,0.04123809523809525,0.041,0.000525969572247013,0.037,0.038,0.03735000000000001,0.037,0.0004769696007084732,0.343,0.34900000000000003,0.3458500000000001,0.34600000000000003,0.0010136567466356653,0.03,0.031,0.030600000000000006,0.031,0.000489897948556636,0.273,0.276,0.2755,0.276,0.0007416198487095671,0.037,0.038,0.037200000000000004,0.037,0.00040000000000000034,1.496,1.51,1.50765,1.508,0.0028508770580297094,0.125,0.127,0.12599999999999997,0.126,0.0003162277660168382,0.8220000000000001,0.8250000000000001,0.8233,0.8230000000000001,0.0007810249675906662,0.034,0.035,0.03420000000000001,0.034,0.0004000000000000003,32,8,4096,14336,128256,True,768,1
0.04,0.042,0.04100000000000001,0.041,0.0003086066999241841,0.037,0.037,0.037000000000000005,0.037,6.938893903907228e-18,0.34400000000000003,0.34500000000000003,0.34485,0.34500000000000003,0.0003570714214271428,0.03,0.031,0.030200000000000005,0.03,0.0004000000000000003,0.273,0.274,0.2730499999999999,0.273,0.00021794494717703385,0.037,0.037,0.037000000000000005,0.037,6.938893903907228e-18,1.499,1.5030000000000001,1.5009500000000002,1.5010000000000001,0.0009733961166966052,0.124,0.125,0.12465,0.125,0.00047696960070847314,0.8140000000000001,0.8200000000000001,0.8167500000000001,0.8170000000000001,0.0010897247358851692,0.033,0.034,0.03370000000000001,0.034,0.0004582575694955844,32,8,4096,14336,128256,True,760,1
0.039,0.041,0.040238095238095246,0.04,0.0006098213559459862,0.034,0.035,0.03450000000000001,0.0345,0.0005000000000000004,0.341,0.342,0.34140000000000004,0.341,0.0004898979485566361,0.029,0.03,0.029200000000000004,0.029,0.000399999999999999,0.272,0.273,0.27205,0.272,0.00021794494717703385,0.034,0.035,0.03415000000000001,0.034,0.00035707142142714284,1.488,1.491,1.4898999999999998,1.49,0.0007000000000000054,0.12,0.121,0.12045000000000002,0.12,0.0004974937185533104,0.812,0.8150000000000001,0.8138,0.8140000000000001,0.0009797958971132722,0.033,0.034,0.033100000000000004,0.033,0.00030000000000000024,32,8,4096,14336,128256,True,752,1
0.038,0.04,0.03985714285714287,0.04,0.00046656947481584394,0.034,0.034,0.03400000000000001,0.034,6.938893903907228e-18,0.336,0.34500000000000003,0.34184999999999993,0.342,0.0014924811556599313,0.029,0.029,0.029000000000000005,0.029,3.469446951953614e-18,0.267,0.272,0.2715000000000001,0.272,0.001118033988749896,0.034,0.035,0.03405000000000001,0.034,0.00021794494717703385,1.49,1.492,1.4907499999999998,1.491,0.0005361902647382145,0.11900000000000001,0.12,0.11905000000000006,0.11900000000000001,0.00021794494717703082,0.811,0.8160000000000001,0.8135,0.8140000000000001,0.001118033988749896,0.032,0.033,0.03250000000000001,0.0325,0.0005000000000000004,32,8,4096,14336,128256,True,744,1
0.039,0.041,0.03985714285714287,0.04,0.00046656947481584394,0.034,0.035,0.03405000000000001,0.034,0.00021794494717703385,0.339,0.34500000000000003,0.34105,0.341,0.0017457090250096105,0.028,0.029,0.028750000000000005,0.029,0.0004330127018922197,0.269,0.272,0.2707,0.271,0.0010049875621120899,0.034,0.034,0.03400000000000001,0.034,6.938893903907228e-18,1.476,1.491,1.4848000000000003,1.487,0.005104899607240123,0.11800000000000001,0.11800000000000001,0.118,0.11800000000000001,1.3877787807814457e-17,0.805,0.8130000000000001,0.80985,0.811,0.00277983812478353,0.032,0.033,0.03205000000000001,0.032,0.00021794494717703385,32,8,4096,14336,128256,True,736,1
0.038,0.04,0.03895238095238096,0.039,0.0003749527559053246,0.034,0.034,0.03400000000000001,0.034,6.938893903907228e-18,0.34,0.343,0.34014999999999995,0.34,0.0006538348415311016,0.028,0.029,0.028200000000000003,0.028,0.00040000000000000034,0.271,0.272,0.27145,0.271,0.0004974937185533104,0.034,0.034,0.03400000000000001,0.034,6.938893903907228e-18,1.567,1.569,1.5678500000000004,1.568,0.00047696960070849943,0.114,0.115,0.11495000000000002,0.115,0.00021794494717703388,0.81,0.8140000000000001,0.8119500000000001,0.812,0.0009205976319760994,0.031,0.032,0.03185,0.032,0.00035707142142714284,32,8,4096,14336,128256,True,728,1
0.037,0.039,0.03852380952380953,0.039,0.0005870870479018079,0.033,0.034,0.033900000000000007,0.034,0.0003000000000000003,0.331,0.342,0.33705000000000007,0.336,0.002438749679651442,0.027,0.029,0.028000000000000004,0.028,0.0003162277660168382,0.265,0.272,0.26980000000000004,0.269,0.0017204650534085267,0.033,0.034,0.03395000000000001,0.034,0.00021794494717703385,1.55,1.567,1.5548499999999996,1.551,0.007101232287427276,0.113,0.114,0.11395,0.114,0.00021794494717703385,0.802,0.8130000000000001,0.806,0.804,0.0035916569992135976,0.031,0.032,0.031400000000000004,0.031,0.000489897948556636,32,8,4096,14336,128256,True,720,1
0.037,0.039,0.03847619047619048,0.039,0.0006632565846278158,0.033,0.034,0.03395000000000001,0.034,0.00021794494717703385,0.333,0.342,0.3383500000000001,0.339,0.0021041625412500826,0.027,0.028,0.027950000000000003,0.028,0.00021794494717703385,0.266,0.272,0.27015,0.271,0.001710993863226869,0.033,0.034,0.03395000000000001,0.034,0.00021794494717703385,1.5350000000000001,1.571,1.5602,1.565,0.009780593029055007,0.113,0.114,0.11320000000000001,0.113,0.0004000000000000003,0.798,0.811,0.8074000000000001,0.81,0.004103656905736641,0.031,0.032,0.031050000000000005,0.031,0.00021794494717703388,32,8,4096,14336,128256,True,712,1
0.036000000000000004,0.039,0.03795238095238096,0.038,0.0005753831415997409,0.033,0.034,0.03395000000000001,0.034,0.00021794494717703385,0.336,0.342,0.3409,0.341,0.0012206555615733713,0.027,0.028,0.027100000000000003,0.027,0.00030000000000000024,0.267,0.272,0.27160000000000006,0.272,0.0011135528725660054,0.033,0.034,0.03395000000000001,0.034,0.00021794494717703385,1.547,1.573,1.5695999999999999,1.5705,0.005351635264103879,0.112,0.113,0.11225000000000003,0.112,0.0004330127018922196,0.805,0.812,0.8104000000000001,0.811,0.0014628738838327808,0.03,0.031,0.030350000000000005,0.03,0.0004769696007084732,32,8,4096,14336,128256,True,704,1
0.036000000000000004,0.039,0.03757142857142858,0.038,0.0007284313590846829,0.033,0.034,0.033850000000000005,0.034,0.0003570714214271428,0.335,0.343,0.3373500000000001,0.336,0.0021742814905158915,0.027,0.028,0.02705,0.027,0.0002179449471770339,0.268,0.271,0.26894999999999997,0.268,0.0013592277219068199,0.033,0.034,0.033650000000000006,0.034,0.0004769696007084733,1.549,1.568,1.5550000000000002,1.55,0.00830662386291809,0.111,0.112,0.11150000000000002,0.1115,0.0005000000000000004,0.8,0.809,0.8034500000000001,0.802,0.0034996428389194264,0.03,0.03,0.030000000000000006,0.03,6.938893903907228e-18,32,8,4096,14336,128256,True,696,1
0.036000000000000004,0.038,0.037428571428571436,0.038,0.0006598288790738572,0.033,0.034,0.03370000000000001,0.034,0.0004582575694955844,0.336,0.343,0.33930000000000005,0.338,0.002238302928559941,0.026000000000000002,0.027,0.026850000000000006,0.027,0.0003570714214271416,0.267,0.272,0.26985000000000003,0.269,0.0014239030865898158,0.033,0.034,0.03355000000000001,0.034,0.0004974937185533104,1.551,1.577,1.56215,1.558,0.008332316604642462,0.111,0.112,0.11105000000000002,0.111,0.00021794494717703385,0.799,0.81,0.8039000000000002,0.803,0.003374907406137244,0.029,0.03,0.029700000000000004,0.03,0.0004582575694955828,32,8,4096,14336,128256,True,688,1
0.035,0.037,0.03647619047619049,0.037,0.0005870870479018046,0.033,0.034,0.03320000000000001,0.033,0.0004000000000000003,0.329,0.336,0.33560000000000006,0.336,0.0015297058540778368,0.026000000000000002,0.027,0.026050000000000007,0.026000000000000002,0.00021794494717703312,0.267,0.268,0.26795,0.268,0.00021794494717703385,0.033,0.034,0.03320000000000001,0.033,0.0004000000000000003,1.549,1.553,1.54945,1.549,0.0009205976319761159,0.109,0.11,0.1099,0.11,0.00030000000000000024,0.798,0.802,0.7997,0.7995000000000001,0.0011445523142259606,0.029,0.029,0.029000000000000005,0.029,3.469446951953614e-18,32,8,4096,14336,128256,True,680,1
0.035,0.037,0.036285714285714296,0.036000000000000004,0.0006281383789653747,0.03,0.031,0.030950000000000005,0.031,0.00021794494717703385,0.332,0.336,0.33345000000000014,0.333,0.0016271140095272996,0.025,0.026000000000000002,0.025900000000000006,0.026000000000000002,0.0003000000000000003,0.265,0.268,0.26615,0.266,0.0011521718621802922,0.03,0.031,0.030650000000000004,0.031,0.0004769696007084733,1.534,1.55,1.53875,1.5345,0.006832825184358176,0.105,0.106,0.10569999999999999,0.106,0.0004582575694955844,0.792,0.801,0.79505,0.7935000000000001,0.0032476914878109987,0.028,0.029,0.028650000000000002,0.029,0.00047696960070847325,32,8,4096,14336,128256,True,672,1
0.035,0.036000000000000004,0.03561904761904763,0.036000000000000004,0.0004856209060564561,0.03,0.031,0.030350000000000005,0.03,0.0004769696007084733,0.333,0.336,0.33415000000000006,0.333,0.0013143439428094927,0.025,0.026000000000000002,0.025900000000000006,0.026000000000000002,0.0003000000000000003,0.266,0.268,0.2668,0.266,0.000979795897113272,0.03,0.031,0.030450000000000005,0.03,0.0004974937185533104,1.5350000000000001,1.548,1.5409000000000002,1.5375,0.00537494186015069,0.10400000000000001,0.105,0.10405000000000002,0.10400000000000001,0.00021794494717703084,0.789,0.8,0.7948999999999999,0.793,0.003207802986469091,0.028,0.029,0.028050000000000002,0.028,0.0002179449471770339,32,8,4096,14336,128256,True,664,1
0.035,0.036000000000000004,0.03538095238095239,0.035,0.0004856209060564561,0.03,0.031,0.030150000000000003,0.03,0.00035707142142714284,0.335,0.337,0.33530000000000004,0.335,0.0006403124237432853,0.025,0.026000000000000002,0.025350000000000004,0.025,0.00047696960070847314,0.266,0.267,0.26630000000000004,0.266,0.0004582575694955844,0.03,0.031,0.030400000000000003,0.03,0.000489897948556636,1.541,1.543,1.5422,1.542,0.000678232998312511,0.10300000000000001,0.10400000000000001,0.10310000000000001,0.10300000000000001,0.00030000000000000024,0.791,0.794,0.7927,0.793,0.0009000000000000008,0.027,0.029,0.027800000000000002,0.028,0.0005099019513592789,32,8,4096,14336,128256,True,656,1
0.034,0.036000000000000004,0.03504761904761906,0.035,0.00037495275590532473,0.03,0.031,0.030050000000000004,0.03,0.00021794494717703388,0.334,0.338,0.3344,0.334,0.0009165151389911689,0.025,0.026000000000000002,0.025100000000000004,0.025,0.00030000000000000024,0.266,0.266,0.266,0.266,0.0,0.03,0.031,0.030300000000000004,0.03,0.0004582575694955844,1.538,1.54,1.5392499999999998,1.539,0.0006982120021884656,0.10200000000000001,0.10300000000000001,0.10205000000000002,0.10200000000000001,0.00021794494717703385,0.791,0.794,0.7923,0.792,0.0008426149773176366,0.027,0.028,0.027250000000000003,0.027,0.00043301270189221973,32,8,4096,14336,128256,True,648,1
0.033,0.035,0.03423809523809525,0.034,0.0006098213559459862,0.03,0.03,0.030000000000000006,0.03,6.938893903907228e-18,0.395,0.398,0.39709999999999995,0.398,0.0013000000000000012,0.024,0.024,0.024000000000000004,0.024,3.469446951953614e-18,0.211,0.212,0.2113,0.211,0.0004582575694955844,0.03,0.031,0.030050000000000004,0.03,0.00021794494717703388,1.442,1.453,1.4490999999999996,1.452,0.003935733730830877,0.10200000000000001,0.10300000000000001,0.10295000000000001,0.10300000000000001,0.00021794494717703385,0.658,0.664,0.6617000000000001,0.663,0.0022158519806160354,0.027,0.028,0.027750000000000004,0.028,0.0004330127018922198,32,8,4096,14336,128256,True,640,1
0.033,0.035,0.034714285714285725,0.035,0.0005471012044321938,0.03,0.031,0.030200000000000005,0.03,0.0004000000000000003,0.401,0.402,0.4013,0.401,0.0004582575694955845,0.023,0.024,0.023750000000000004,0.024,0.00043301270189221973,0.20400000000000001,0.22,0.20945000000000005,0.209,0.00390480473263388,0.03,0.03,0.030000000000000006,0.03,6.938893903907228e-18,1.464,1.466,1.46495,1.465,0.00038405728739344307,0.10200000000000001,0.10300000000000001,0.10205000000000002,0.10200000000000001,0.00021794494717703385,0.666,0.668,0.6672,0.667,0.0006000000000000005,0.027,0.027,0.027000000000000003,0.027,3.469446951953614e-18,32,8,4096,14336,128256,True,632,1
0.032,0.034,0.033476190476190486,0.034,0.0005870870479018079,0.03,0.03,0.030000000000000006,0.03,6.938893903907228e-18,0.397,0.402,0.39925,0.398,0.001971674415313037,0.023,0.024,0.023200000000000005,0.023,0.0004000000000000003,0.201,0.217,0.20625,0.20450000000000002,0.003960744879438708,0.03,0.031,0.030050000000000004,0.03,0.00021794494717703388,1.45,1.466,1.45735,1.4525000000000001,0.006672892925860586,0.101,0.10200000000000001,0.10135000000000001,0.101,0.0004769696007084732,0.661,0.668,0.6643,0.6635,0.002666458325194679,0.026000000000000002,0.027,0.026850000000000006,0.027,0.0003570714214271416,32,8,4096,14336,128256,True,624,1
0.033,0.034,0.03357142857142858,0.034,0.0004948716593053939,0.029,0.03,0.029900000000000003,0.03,0.00029999999999999927,0.395,0.404,0.39965,0.4005,0.0031980462785894796,0.022,0.023,0.022950000000000005,0.023,0.00021794494717703385,0.202,0.212,0.2056,0.20500000000000002,0.00237486841740758,0.029,0.03,0.029950000000000004,0.03,0.0002179449471770331,1.447,1.475,1.4619000000000002,1.465,0.010261091559868292,0.1,0.101,0.10090000000000002,0.101,0.00030000000000000024,0.657,0.67,0.6639,0.666,0.005038849074937653,0.026000000000000002,0.027,0.026050000000000007,0.026000000000000002,0.00021794494717703312,32,8,4096,14336,128256,True,616,1
0.032,0.034,0.033142857142857154,0.033,0.000559397148784321,0.03,0.03,0.030000000000000006,0.03,6.938893903907228e-18,0.397,0.401,0.39875,0.398,0.0018674849396983116,0.022,0.023,0.022900000000000004,0.023,0.0003000000000000003,0.201,0.209,0.2032,0.2025,0.0022045407685048588,0.029,0.03,0.029950000000000004,0.03,0.0002179449471770331,1.448,1.465,1.4554999999999996,1.4515,0.006917369442208498,0.1,0.1,0.10000000000000002,0.1,1.3877787807814457e-17,0.658,0.666,0.6615999999999999,0.66,0.0028000000000000026,0.025,0.026000000000000002,0.025900000000000006,0.026000000000000002,0.0003000000000000003,32,8,4096,14336,128256,True,608,1
0.031,0.033,0.03266666666666668,0.033,0.0005634361698190116,0.029,0.03,0.029900000000000003,0.03,0.00029999999999999927,0.39,0.401,0.39985,0.401,0.003290516676754582,0.022,0.024,0.022550000000000004,0.0225,0.0005894913061275802,0.201,0.212,0.20415,0.203,0.003290516676754574,0.029,0.03,0.029900000000000003,0.03,0.00029999999999999927,1.423,1.464,1.4605000000000001,1.463,0.009319334740205435,0.099,0.1,0.09940000000000002,0.099,0.0004898979485566361,0.648,0.664,0.66285,0.664,0.0034391132578035317,0.025,0.027,0.025400000000000006,0.025,0.0005830951894845301,32,8,4096,14336,128256,True,600,1
0.031,0.033,0.0321904761904762,0.032,0.0005870870479018078,0.029,0.03,0.029500000000000005,0.0295,0.0004999999999999987,0.39,0.4,0.3983,0.3985,0.0021931712199461328,0.022,0.022,0.022000000000000002,0.022,3.469446951953614e-18,0.2,0.203,0.20135000000000006,0.201,0.0009630680142129121,0.029,0.03,0.029050000000000003,0.029,0.00021794494717703315,1.446,1.466,1.4586999999999999,1.4605000000000001,0.005541660400998957,0.097,0.099,0.09805000000000001,0.098,0.00038405728739343076,0.658,0.663,0.65965,0.66,0.0016515144564913761,0.024,0.025,0.024850000000000004,0.025,0.0003570714214271428,32,8,4096,14336,128256,True,592,1
0.031,0.033,0.0320952380952381,0.032,0.000525969572247013,0.026000000000000002,0.027,0.026900000000000007,0.027,0.0002999999999999992,0.394,0.406,0.3990000000000001,0.394,0.005531726674375737,0.021,0.023,0.022050000000000004,0.022,0.0003840572873934303,0.199,0.20700000000000002,0.20185000000000003,0.2015,0.002151162476429897,0.027,0.027,0.027000000000000003,0.027,3.469446951953614e-18,1.203,1.237,1.2198,1.213,0.01551966494483694,0.093,0.094,0.09325000000000001,0.093,0.0004330127018922197,0.65,0.668,0.6592499999999999,0.659,0.008560811877386405,0.024,0.025,0.024500000000000004,0.0245,0.0005000000000000004,32,8,4096,14336,128256,True,584,1
0.03,0.032,0.031809523809523815,0.032,0.0005870870479018078,0.026000000000000002,0.027,0.02695000000000001,0.027,0.00021794494717703315,0.274,0.275,0.2749000000000001,0.275,0.0003000000000000003,0.022,0.023,0.022250000000000002,0.022,0.00043301270189221973,0.243,0.245,0.24435,0.244,0.0006538348415311017,0.026000000000000002,0.027,0.02695000000000001,0.027,0.00021794494717703315,1.236,1.239,1.2372500000000002,1.237,0.0006224949798994216,0.092,0.093,0.09225000000000001,0.092,0.0004330127018922197,0.666,0.668,0.6667000000000001,0.667,0.0005567764362830027,0.024,0.024,0.024000000000000004,0.024,3.469446951953614e-18,32,8,4096,14336,128256,True,576,1
0.031,0.032,0.03171428571428572,0.032,0.000451753951452626,0.027,0.027,0.027000000000000003,0.027,3.469446951953614e-18,0.273,0.275,0.27345,0.273,0.0005894913061275802,0.021,0.022,0.02135,0.021,0.0004769696007084717,0.242,0.245,0.24335,0.243,0.0007262919523166982,0.026000000000000002,0.027,0.026800000000000008,0.027,0.00039999999999999893,1.232,1.24,1.2349999999999999,1.233,0.0029832867780352694,0.091,0.091,0.091,0.091,0.0,0.662,0.667,0.66425,0.664,0.0015771810295587517,0.023,0.024,0.023950000000000006,0.024,0.00021794494717703385,32,8,4096,14336,128256,True,568,1
0.03,0.032,0.03090476190476191,0.031,0.0004259177099999603,0.026000000000000002,0.027,0.026350000000000005,0.026000000000000002,0.0004769696007084716,0.271,0.277,0.27330000000000004,0.272,0.0019000000000000017,0.021,0.022,0.02125,0.021,0.00043301270189221826,0.241,0.244,0.24205000000000002,0.242,0.001023474474522937,0.026000000000000002,0.027,0.02695000000000001,0.027,0.00021794494717703315,1.224,1.25,1.2328999999999999,1.227,0.009202716990106788,0.09,0.091,0.0903,0.09,0.0004582575694955844,0.655,0.669,0.6604500000000001,0.6575,0.004883390215823434,0.023,0.024,0.023250000000000003,0.023,0.00043301270189221973,32,8,4096,14336,128256,True,560,1
0.03,0.032,0.030714285714285722,0.031,0.0005471012044321936,0.026000000000000002,0.027,0.026300000000000007,0.026000000000000002,0.0004582575694955828,0.269,0.276,0.27215,0.27,0.0031823733281939152,0.021,0.022,0.02125,0.021,0.00043301270189221826,0.23800000000000002,0.243,0.24074999999999996,0.24,0.0014790199457748979,0.026000000000000002,0.027,0.02670000000000001,0.027,0.0004582575694955828,1.213,1.249,1.22955,1.217,0.01594200426546176,0.089,0.09,0.0893,0.089,0.0004582575694955844,0.649,0.667,0.6573,0.651,0.007994373021069263,0.022,0.024,0.022900000000000004,0.023,0.00043588989435406776,32,8,4096,14336,128256,True,552,1
0.029,0.031,0.029761904761904767,0.03,0.0006834619092574907,0.026000000000000002,0.027,0.026200000000000008,0.026000000000000002,0.00039999999999999893,0.257,0.274,0.26370000000000005,0.264,0.006550572494064933,0.02,0.021,0.020350000000000004,0.02,0.00047696960070847314,0.23500000000000001,0.242,0.23765000000000006,0.23750000000000002,0.0019563997546513793,0.025,0.027,0.025850000000000005,0.026000000000000002,0.0005722761571129797,1.164,1.237,1.1902,1.191,0.026162186452970672,0.08700000000000001,0.089,0.08810000000000001,0.088,0.0005385164807134481,0.622,0.662,0.6376499999999999,0.639,0.01503088487082515,0.022,0.023,0.022200000000000004,0.022,0.0004000000000000003,32,8,4096,14336,128256,True,544,1
0.027,0.03,0.02928571428571429,0.029,0.0007648751621051904,0.025,0.027,0.025800000000000007,0.026000000000000002,0.0005099019513592785,0.264,0.274,0.26875,0.266,0.0043459751494917724,0.02,0.021,0.020100000000000003,0.02,0.00030000000000000024,0.23500000000000001,0.24,0.23805,0.23750000000000002,0.001687453703068611,0.026000000000000002,0.027,0.026550000000000008,0.027,0.0004974937185533087,1.19,1.238,1.21395,1.198,0.020402144495126024,0.08700000000000001,0.088,0.08775000000000002,0.088,0.0004330127018922137,0.638,0.662,0.6500999999999999,0.643,0.01007422453591343,0.021,0.022,0.02185,0.022,0.0003570714214271416,32,8,4096,14336,128256,True,536,1
0.028,0.03,0.029476190476190482,0.03,0.0005870870479018062,0.026000000000000002,0.026000000000000002,0.026000000000000006,0.026000000000000002,3.469446951953614e-18,0.269,0.273,0.2707,0.27,0.0012288205727444517,0.02,0.02,0.020000000000000004,0.02,3.469446951953614e-18,0.23600000000000002,0.23900000000000002,0.23790000000000006,0.23800000000000002,0.0007000000000000005,0.026000000000000002,0.027,0.026400000000000007,0.026000000000000002,0.0004898979485566343,1.22,1.234,1.2235999999999998,1.2205,0.005571355310873679,0.08700000000000001,0.088,0.0871,0.08700000000000001,0.00029999999999999607,0.653,0.66,0.655,0.654,0.002738612787525833,0.021,0.022,0.0211,0.021,0.00029999999999999927,32,8,4096,14336,128256,True,528,1
0.028,0.03,0.029142857142857147,0.029,0.0005593971487843197,0.025,0.026000000000000002,0.025300000000000007,0.025,0.0004582575694955844,0.27,0.272,0.271,0.271,0.00044721359549995833,0.019,0.02,0.019850000000000003,0.02,0.0003570714214271428,0.23500000000000001,0.23800000000000002,0.23645000000000005,0.23650000000000002,0.0007399324293474377,0.026000000000000002,0.027,0.026050000000000007,0.026000000000000002,0.00021794494717703312,1.223,1.227,1.2252500000000002,1.225,0.0011346805717910168,0.08600000000000001,0.08700000000000001,0.08625000000000001,0.08600000000000001,0.00043301270189221973,0.649,0.654,0.65195,0.652,0.001564448784716203,0.02,0.021,0.020850000000000004,0.021,0.00035707142142714284,32,8,4096,14336,128256,True,520,1
0.026000000000000002,0.029,0.028095238095238104,0.028,0.0006834619092574917,0.024,0.025,0.024950000000000007,0.025,0.00021794494717703385,0.266,0.271,0.2686,0.269,0.0014628738838327808,0.02,0.021,0.020950000000000003,0.021,0.00021794494717703385,0.17200000000000001,0.178,0.17555,0.176,0.001243985530462464,0.025,0.026000000000000002,0.025050000000000006,0.025,0.00021794494717703388,1.054,1.081,1.06965,1.072,0.00658236279765858,0.085,0.08600000000000001,0.0855,0.0855,0.0005000000000000004,0.594,0.606,0.5984999999999999,0.6,0.004006245124802029,0.019,0.02,0.019700000000000002,0.02,0.0004582575694955845,32,8,4096,14336,128256,True,512,1
0.027,0.028,0.02771428571428572,0.028,0.00045175395145262594,0.022,0.023,0.022150000000000003,0.022,0.00035707142142714284,0.264,0.27,0.26585000000000003,0.2655,0.0016209565077447343,0.019,0.02,0.019250000000000003,0.019,0.00043301270189221973,0.171,0.178,0.17404999999999998,0.17400000000000002,0.0023973944189473627,0.022,0.023,0.022250000000000002,0.022,0.00043301270189221973,1.048,1.08,1.06205,1.062,0.01079108428286982,0.08,0.081,0.08015000000000001,0.08,0.0003570714214271428,0.584,0.606,0.5945499999999999,0.594,0.008089962917096724,0.019,0.02,0.019300000000000005,0.019,0.0004582575694955844,32,8,4096,14336,128256,True,504,1
0.026000000000000002,0.028,0.027238095238095245,0.027,0.0005259695722470125,0.022,0.023,0.022050000000000004,0.022,0.00021794494717703388,0.263,0.268,0.2649,0.265,0.001300000000000001,0.019,0.019,0.019000000000000003,0.019,3.469446951953614e-18,0.17400000000000002,0.178,0.175,0.17500000000000002,0.0012247448713915811,0.021,0.022,0.021950000000000004,0.022,0.0002179449471770331,1.061,1.078,1.0642,1.062,0.005344155686354987,0.079,0.079,0.07899999999999999,0.079,1.3877787807814457e-17,0.594,0.605,0.5963,0.594,0.004360045871318332,0.018000000000000002,0.019,0.018650000000000007,0.019,0.0004769696007084716,32,8,4096,14336,128256,True,496,1
0.025,0.028,0.027142857142857153,0.027,0.0007095078297976827,0.021,0.023,0.022000000000000002,0.022,0.0003162277660168377,0.262,0.267,0.2649,0.265,0.00126095202129185,0.018000000000000002,0.019,0.018550000000000004,0.019,0.0004974937185533087,0.171,0.178,0.177,0.1775,0.001581138830084186,0.021,0.022,0.02185,0.022,0.0003570714214271416,1.07,1.077,1.0728000000000002,1.073,0.0023151673805580433,0.078,0.079,0.07805000000000002,0.078,0.00021794494717703385,0.6,0.606,0.6028,0.6034999999999999,0.0022045407685048622,0.018000000000000002,0.019,0.018400000000000007,0.018000000000000002,0.0004898979485566343,32,8,4096,14336,128256,True,488,1
0.025,0.027,0.026523809523809533,0.027,0.0005870870479018062,0.021,0.022,0.0216,0.022,0.0004898979485566344,0.259,0.263,0.26070000000000004,0.261,0.0011000000000000012,0.018000000000000002,0.019,0.018050000000000004,0.018000000000000002,0.00021794494717703312,0.171,0.176,0.17295000000000002,0.17200000000000001,0.002268810260907675,0.021,0.022,0.021500000000000002,0.0215,0.0004999999999999987,1.043,1.069,1.0523,1.045,0.010858637115218466,0.076,0.077,0.0768,0.077,0.0004000000000000003,0.583,0.6,0.5892999999999999,0.584,0.007868290792796115,0.017,0.018000000000000002,0.017700000000000004,0.018000000000000002,0.0004582575694955844,32,8,4096,14336,128256,True,480,1
0.025,0.027,0.026000000000000006,0.026000000000000002,0.0004364357804719844,0.021,0.022,0.021700000000000004,0.022,0.0004582575694955828,0.258,0.263,0.26105,0.261,0.0012835497652993449,0.018000000000000002,0.019,0.018050000000000004,0.018000000000000002,0.00021794494717703315,0.171,0.176,0.17525000000000002,0.176,0.0017853571071357037,0.021,0.022,0.021050000000000003,0.021,0.00021794494717703315,1.04,1.067,1.0623500000000001,1.065,0.00737071909653324,0.076,0.077,0.07605000000000002,0.076,0.00021794494717703385,0.583,0.6,0.59825,0.6,0.004928234978164093,0.017,0.018000000000000002,0.017550000000000003,0.018000000000000002,0.0004974937185533104,32,8,4096,14336,128256,True,472,1
0.024,0.027,0.026047619047619056,0.026000000000000002,0.0006529194857524799,0.021,0.021,0.021000000000000005,0.021,3.469446951953614e-18,0.256,0.262,0.25985,0.26,0.001525614630239237,0.017,0.018000000000000002,0.017350000000000004,0.017,0.00047696960070847314,0.17200000000000001,0.177,0.17615,0.176,0.0010618380290797606,0.02,0.021,0.020950000000000003,0.021,0.00021794494717703385,1.049,1.069,1.0655500000000002,1.066,0.004153010955921025,0.075,0.076,0.0753,0.075,0.0004582575694955844,0.6,0.604,0.6013,0.6,0.0016155494421403527,0.016,0.018000000000000002,0.017000000000000005,0.017,0.0003162277660168382,32,8,4096,14336,128256,True,464,1
0.023,0.026000000000000002,0.024857142857142862,0.025,0.000559397148784321,0.02,0.021,0.020050000000000005,0.02,0.00021794494717703388,0.253,0.259,0.25525000000000003,0.255,0.0018131464364468763,0.017,0.018000000000000002,0.017100000000000004,0.017,0.00030000000000000024,0.171,0.177,0.1733,0.17300000000000001,0.0023043437243605736,0.02,0.021,0.020300000000000006,0.02,0.0004582575694955844,1.037,1.071,1.0504000000000002,1.047,0.011905460931858134,0.074,0.075,0.07435,0.074,0.00047696960070847325,0.583,0.605,0.59155,0.589,0.008417095698636207,0.016,0.017,0.016750000000000004,0.017,0.00043301270189221973,32,8,4096,14336,128256,True,456,1
0.022,0.025,0.0240952380952381,0.024,0.0006098213559459862,0.02,0.02,0.020000000000000004,0.02,3.469446951953614e-18,0.252,0.256,0.25379999999999997,0.254,0.0010770329614269018,0.016,0.017,0.016900000000000005,0.017,0.0003000000000000003,0.171,0.17300000000000001,0.17175,0.171,0.0009420721840708396,0.019,0.02,0.019200000000000002,0.019,0.00040000000000000034,1.036,1.047,1.04085,1.039,0.003677974986320602,0.073,0.074,0.0736,0.074,0.0004898979485566361,0.583,0.589,0.58575,0.584,0.0027726341266023566,0.015,0.016,0.015950000000000002,0.016,0.00021794494717703385,32,8,4096,14336,128256,True,448,1
0.023,0.026000000000000002,0.02452380952380953,0.025,0.0006632565846278158,0.019,0.02,0.019700000000000002,0.02,0.0004582575694955844,0.25,0.256,0.25285,0.2525,0.001739971264130533,0.016,0.017,0.016150000000000005,0.016,0.00035707142142714284,0.171,0.178,0.17285000000000003,0.171,0.0025548972582082326,0.019,0.02,0.019300000000000005,0.019,0.0004582575694955844,1.033,1.061,1.0456999999999999,1.0394999999999999,0.01112699420328779,0.073,0.073,0.07299999999999998,0.073,1.3877787807814457e-17,0.583,0.6,0.58965,0.584,0.007604439492822603,0.015,0.016,0.015650000000000004,0.016,0.00047696960070847325,32,8,4096,14336,128256,True,440,1
0.022,0.025,0.024000000000000004,0.024,0.0006172133998483682,0.019,0.019,0.019000000000000003,0.019,3.469446951953614e-18,0.224,0.231,0.2279,0.228,0.0019209372712298562,0.016,0.017,0.016750000000000004,0.017,0.00043301270189221973,0.17300000000000001,0.178,0.17555,0.17500000000000002,0.0013955285736952756,0.018000000000000002,0.019,0.018950000000000005,0.019,0.0002179449471770331,1.045,1.069,1.05415,1.0474999999999999,0.009784043131548433,0.07200000000000001,0.073,0.07235,0.07200000000000001,0.00047696960070846663,0.588,0.604,0.5952499999999998,0.591,0.006883857929969218,0.015,0.016,0.015100000000000002,0.015,0.00030000000000000024,32,8,4096,14336,128256,True,432,1
0.022,0.024,0.02376190476190477,0.024,0.000525969572247013,0.018000000000000002,0.019,0.018200000000000004,0.018000000000000002,0.00039999999999999893,0.224,0.232,0.22679999999999997,0.227,0.0017492855684535917,0.016,0.017,0.016200000000000003,0.016,0.00040000000000000034,0.171,0.176,0.17335000000000003,0.17300000000000001,0.0011947803145348438,0.018000000000000002,0.019,0.018200000000000004,0.018000000000000002,0.00039999999999999893,1.034,1.058,1.0425499999999999,1.042,0.007889708486376414,0.07100000000000001,0.07200000000000001,0.07105,0.07100000000000001,0.00021794494717703385,0.584,0.6,0.5894999999999999,0.589,0.005509083408335733,0.015,0.015,0.015000000000000003,0.015,3.469446951953614e-18,32,8,4096,14336,128256,True,424,1
0.022,0.024,0.0230952380952381,0.023,0.0004259177099999603,0.016,0.017,0.016100000000000003,0.016,0.00030000000000000024,0.224,0.23,0.22610000000000005,0.226,0.0015779733838059513,0.016,0.016,0.016000000000000004,0.016,3.469446951953614e-18,0.171,0.176,0.17285000000000003,0.17200000000000001,0.001681517172080015,0.015,0.016,0.015950000000000002,0.016,0.00021794494717703385,1.031,1.057,1.0379999999999998,1.033,0.009741663102366058,0.066,0.066,0.06600000000000002,0.066,1.3877787807814457e-17,0.583,0.6,0.5876,0.584,0.006711184694225013,0.014,0.015,0.014400000000000001,0.014,0.0004898979485566352,32,8,4096,14336,128256,True,416,1
0.021,0.023,0.022666666666666672,0.023,0.0005634361698190111,0.016,0.016,0.016000000000000004,0.016,3.469446951953614e-18,0.222,0.229,0.22515000000000004,0.225,0.002080264406271474,0.015,0.016,0.015900000000000004,0.016,0.0003000000000000003,0.171,0.178,0.17370000000000002,0.17300000000000001,0.002703701166919146,0.015,0.016,0.015450000000000002,0.015,0.0004974937185533105,1.028,1.065,1.0446,1.0415,0.014513442045221378,0.065,0.065,0.06499999999999999,0.065,1.3877787807814457e-17,0.582,0.605,0.5919500000000001,0.5905,0.010082038484354253,0.014,0.015,0.014250000000000002,0.014,0.00043301270189221897,32,8,4096,14336,128256,True,408,1
0.021,0.023,0.022666666666666672,0.023,0.0005634361698190111,0.016,0.017,0.016050000000000002,0.016,0.0002179449471770339,0.223,0.231,0.22735000000000002,0.2275,0.0016815171720800251,0.015,0.016,0.015150000000000002,0.015,0.0003570714214271428,0.171,0.176,0.17525000000000002,0.176,0.0017853571071357037,0.015,0.016,0.015050000000000003,0.015,0.00021794494717703388,1.029,1.056,1.05125,1.055,0.008819722217847934,0.064,0.064,0.06400000000000002,0.064,1.3877787807814457e-17,0.583,0.6,0.598,0.6,0.004857983120596453,0.013000000000000001,0.014,0.013500000000000003,0.013500000000000002,0.0004999999999999995,32,8,4096,14336,128256,True,400,1
0.019,0.023,0.021428571428571432,0.021,0.0007911070345636255,0.015,0.016,0.015100000000000002,0.015,0.00030000000000000024,0.334,0.342,0.3368499999999999,0.334,0.003785168424258031,0.013000000000000001,0.014,0.013850000000000005,0.014,0.0003570714214271422,0.168,0.17200000000000001,0.16940000000000005,0.168,0.0019078784028338928,0.014,0.015,0.014450000000000001,0.014,0.0004974937185533096,1.0170000000000001,1.032,1.0237,1.022,0.0053768020235079855,0.063,0.063,0.06299999999999999,0.063,1.3877787807814457e-17,0.5710000000000001,0.585,0.5763500000000003,0.5720000000000001,0.006255197838597866,0.013000000000000001,0.014,0.013150000000000004,0.013000000000000001,0.0003570714214271422,32,8,4096,14336,128256,True,392,1
0.019,0.023,0.021428571428571432,0.022,0.0010033955955097839,0.014,0.016,0.014950000000000001,0.015,0.0006689544080129826,0.165,0.185,0.1775,0.18,0.0065383484153110055,0.011,0.012,0.011800000000000001,0.012,0.0004000000000000004,0.123,0.138,0.1326,0.134,0.0047791212581394125,0.013000000000000001,0.015,0.014550000000000002,0.015,0.0006689544080129819,0.704,0.745,0.7271999999999997,0.7284999999999999,0.012647529403009913,0.064,0.066,0.065,0.065,0.0003162277660168382,0.41400000000000003,0.464,0.4464500000000001,0.451,0.016617686361223686,0.012,0.013000000000000001,0.012550000000000002,0.013000000000000001,0.0004974937185533104,32,8,4096,14336,128256,True,384,1
0.018000000000000002,0.023,0.02123809523809524,0.021,0.0010647942749998991,0.013000000000000001,0.015,0.014750000000000003,0.015,0.0006224949798994361,0.164,0.183,0.17624999999999996,0.178,0.006307733348834583,0.011,0.012,0.011150000000000002,0.011,0.0003570714214271428,0.123,0.137,0.13185,0.133,0.004574658457196563,0.013000000000000001,0.015,0.014650000000000002,0.015,0.0005722761571129793,0.6990000000000001,0.74,0.7217,0.723,0.01227640012381478,0.064,0.065,0.06405000000000001,0.064,0.00021794494717703385,0.41500000000000004,0.461,0.4450000000000001,0.448,0.01457051817884319,0.011,0.013000000000000001,0.012050000000000002,0.012,0.00038405728739343076,32,8,4096,14336,128256,True,376,1
0.019,0.021,0.02047619047619048,0.021,0.0005870870479018078,0.014,0.015,0.014450000000000001,0.014,0.0004974937185533096,0.17300000000000001,0.178,0.17555,0.177,0.0021089096708963024,0.011,0.011,0.011000000000000001,0.011,1.734723475976807e-18,0.129,0.133,0.13100000000000003,0.132,0.001581138830084191,0.014,0.014,0.014000000000000002,0.014,1.734723475976807e-18,0.707,0.726,0.7164499999999998,0.719,0.005634491991297889,0.063,0.064,0.06309999999999999,0.063,0.00030000000000000024,0.436,0.466,0.44354999999999994,0.4455,0.006807899822999754,0.011,0.012,0.011400000000000002,0.011,0.000489897948556636,32,8,4096,14336,128256,True,368,1
0.018000000000000002,0.021,0.02014285714285715,0.02,0.0007095078297976831,0.013000000000000001,0.015,0.013800000000000003,0.014,0.000509901951359278,0.21,0.221,0.21444999999999997,0.215,0.0029406631905065247,0.012,0.013000000000000001,0.012250000000000002,0.012,0.00043301270189221973,0.124,0.136,0.12930000000000003,0.131,0.003716180835212413,0.013000000000000001,0.015,0.013850000000000005,0.014,0.0004769696007084724,0.6960000000000001,0.737,0.71095,0.7115,0.01041861315147076,0.062,0.063,0.06264999999999998,0.063,0.00047696960070847325,0.41400000000000003,0.464,0.4377000000000001,0.4405,0.015006998367428439,0.01,0.011,0.010850000000000002,0.011,0.00035707142142714224,32,8,4096,14336,128256,True,360,1
0.018000000000000002,0.021,0.020000000000000007,0.02,0.0005345224838248486,0.014,0.015,0.014100000000000001,0.014,0.00029999999999999976,0.212,0.218,0.2162,0.216,0.0012083045973594584,0.012,0.013000000000000001,0.012100000000000003,0.012,0.00030000000000000024,0.133,0.135,0.13389999999999996,0.133,0.0009949874371066208,0.014,0.015,0.014050000000000002,0.014,0.00021794494717703353,0.718,0.727,0.7222999999999999,0.72,0.0036069377593742897,0.062,0.063,0.062349999999999996,0.062,0.00047696960070847325,0.447,0.456,0.45185,0.451,0.003978379066906524,0.009000000000000001,0.01,0.009950000000000004,0.01,0.00021794494717703353,32,8,4096,14336,128256,True,352,1
0.017,0.02,0.01928571428571429,0.019,0.0006998542122237654,0.013000000000000001,0.015,0.013750000000000004,0.014,0.0005361902647381799,0.20600000000000002,0.216,0.21080000000000004,0.212,0.0032496153618543754,0.011,0.012,0.011650000000000002,0.012,0.0004769696007084732,0.124,0.137,0.12995000000000004,0.131,0.003707762128292486,0.013000000000000001,0.014,0.013650000000000004,0.014,0.00047696960070847243,0.6940000000000001,0.735,0.71005,0.713,0.011499891303834105,0.061,0.063,0.0615,0.061,0.0005916079783099621,0.418,0.461,0.43834999999999996,0.444,0.014040210112387931,0.01,0.01,0.010000000000000002,0.01,1.734723475976807e-18,32,8,4096,14336,128256,True,344,1
0.017,0.02,0.019428571428571434,0.02,0.0007284313590846836,0.012,0.013000000000000001,0.012400000000000003,0.012,0.000489897948556636,0.211,0.212,0.21139999999999998,0.211,0.000489897948556636,0.011,0.012,0.011200000000000002,0.011,0.00040000000000000034,0.132,0.134,0.1331,0.133,0.0005385164807134509,0.012,0.013000000000000001,0.012500000000000002,0.0125,0.0005000000000000004,0.715,0.719,0.71735,0.718,0.0013883443376914834,0.056,0.057,0.05635000000000001,0.056,0.0004769696007084732,0.448,0.452,0.45025000000000004,0.452,0.0019461500456028579,0.009000000000000001,0.01,0.009400000000000002,0.009000000000000001,0.0004898979485566352,32,8,4096,14336,128256,True,336,1
0.016,0.02,0.018761904761904768,0.019,0.0008109231602822091,0.011,0.013000000000000001,0.011900000000000003,0.012,0.0005385164807134509,0.2,0.213,0.2071,0.20800000000000002,0.003726929030716839,0.01,0.011,0.010950000000000001,0.011,0.00021794494717703347,0.124,0.137,0.13135,0.133,0.003915035121170693,0.011,0.013000000000000001,0.012000000000000002,0.012,0.00044721359549995833,0.6890000000000001,0.734,0.7116,0.713,0.01203494910666428,0.054,0.055,0.054849999999999996,0.055,0.00035707142142714284,0.41200000000000003,0.461,0.44270000000000004,0.448,0.016015929570274708,0.009000000000000001,0.01,0.009050000000000002,0.009000000000000001,0.00021794494717703353,32,8,4096,14336,128256,True,328,1
0.017,0.019,0.01871428571428572,0.019,0.0005471012044321923,0.012,0.013000000000000001,0.012250000000000002,0.012,0.0004330127018922198,0.20400000000000001,0.20700000000000002,0.20590000000000003,0.20600000000000002,0.0008306623862918082,0.01,0.011,0.010900000000000002,0.011,0.00029999999999999976,0.13,0.132,0.13130000000000003,0.132,0.0008426149773176365,0.012,0.012,0.012000000000000002,0.012,1.734723475976807e-18,0.704,0.712,0.7083,0.711,0.003634556369077253,0.053,0.054,0.05385000000000001,0.054,0.00035707142142714284,0.439,0.448,0.4443499999999999,0.447,0.003889408695418885,0.009000000000000001,0.01,0.009100000000000002,0.009000000000000001,0.00029999999999999976,32,8,4096,14336,128256,True,320,1
0.015,0.019,0.018047619047619052,0.018000000000000002,0.0008438116736509212,0.011,0.012,0.011900000000000003,0.012,0.00030000000000000024,0.196,0.20800000000000002,0.20505,0.20650000000000002,0.003598263470064417,0.01,0.011,0.0102,0.01,0.0003999999999999996,0.124,0.135,0.13279999999999997,0.134,0.003443835071544516,0.011,0.012,0.011850000000000003,0.012,0.00035707142142714284,0.6890000000000001,0.723,0.7188,0.722,0.008738420909981367,0.052000000000000005,0.053,0.0529,0.053,0.0002999999999999982,0.417,0.455,0.4497999999999999,0.453,0.010618851161966638,0.008,0.009000000000000001,0.008750000000000003,0.009000000000000001,0.0004330127018922198,32,8,4096,14336,128256,True,312,1
0.015,0.018000000000000002,0.0170952380952381,0.017,0.0006098213559459862,0.012,0.012,0.012000000000000002,0.012,1.734723475976807e-18,0.199,0.201,0.19980000000000003,0.2,0.0006000000000000005,0.009000000000000001,0.01,0.009900000000000003,0.01,0.00029999999999999976,0.129,0.129,0.129,0.129,0.0,0.011,0.012,0.011800000000000001,0.012,0.00040000000000000034,0.6970000000000001,0.7010000000000001,0.6987000000000001,0.6985000000000001,0.0009539392014169466,0.052000000000000005,0.052000000000000005,0.05200000000000001,0.052000000000000005,6.938893903907228e-18,0.436,0.449,0.43715000000000004,0.436,0.0028332843133014405,0.008,0.009000000000000001,0.008550000000000002,0.009000000000000001,0.0004974937185533104,32,8,4096,14336,128256,True,304,1
0.015,0.018000000000000002,0.01690476190476191,0.017,0.0009712418121129123,0.011,0.012,0.011400000000000002,0.011,0.000489897948556636,0.19,0.201,0.19480000000000003,0.1915,0.004995998398718723,0.009000000000000001,0.01,0.009150000000000002,0.009000000000000001,0.0003570714214271422,0.123,0.133,0.12695,0.124,0.004554942370656301,0.011,0.012,0.011400000000000002,0.011,0.000489897948556636,0.682,0.711,0.6941500000000002,0.684,0.013565673591827235,0.051000000000000004,0.051000000000000004,0.05100000000000001,0.051000000000000004,6.938893903907228e-18,0.40800000000000003,0.448,0.42655000000000004,0.41200000000000003,0.01895910071706988,0.008,0.008,0.008000000000000002,0.008,1.734723475976807e-18,32,8,4096,14336,128256,True,296,1
0.014,0.017,0.016619047619047624,0.017,0.0007221786137191955,0.011,0.012,0.011650000000000002,0.012,0.0004769696007084732,0.191,0.197,0.19435000000000002,0.196,0.0021742814905158915,0.009000000000000001,0.009000000000000001,0.009000000000000003,0.009000000000000001,1.734723475976807e-18,0.126,0.131,0.12900000000000006,0.131,0.0022360679774997916,0.011,0.012,0.011550000000000001,0.012,0.0004974937185533105,0.6880000000000001,0.7030000000000001,0.6971999999999999,0.7020000000000001,0.006225752966509357,0.05,0.051000000000000004,0.050050000000000004,0.05,0.0002179449471770339,0.427,0.444,0.43679999999999997,0.443,0.007704544113703295,0.007,0.008,0.0079,0.008,0.00030000000000000003,32,8,4096,14336,128256,True,288,1
0.013000000000000001,0.018000000000000002,0.01666666666666667,0.017,0.0009428090415820634,0.011,0.012,0.011700000000000002,0.012,0.0004582575694955845,0.187,0.198,0.1962,0.197,0.0022045407685048622,0.008,0.009000000000000001,0.008800000000000002,0.009000000000000001,0.00040000000000000034,0.125,0.133,0.132,0.132,0.0016733200530681528,0.011,0.012,0.011950000000000002,0.012,0.00021794494717703385,0.6980000000000001,0.713,0.7099499999999999,0.7095,0.003278337993557084,0.049,0.05,0.049900000000000014,0.05,0.00030000000000000024,0.447,0.449,0.44775,0.4475,0.0008291561975888506,0.007,0.008,0.007950000000000002,0.008,0.00021794494717703366,32,8,4096,14336,128256,True,280,1
0.013000000000000001,0.017,0.01647619047619048,0.017,0.0009571310115353231,0.011,0.012,0.011650000000000002,0.012,0.0004769696007084732,0.185,0.198,0.19445000000000004,0.195,0.0029912372022292077,0.008,0.009000000000000001,0.008150000000000001,0.008,0.0003570714214271428,0.124,0.134,0.13174999999999998,0.132,0.002717995584985379,0.011,0.012,0.011550000000000001,0.012,0.0004974937185533105,0.684,0.718,0.7086499999999999,0.708,0.008765129776563471,0.048,0.049,0.04895000000000001,0.049,0.00021794494717703385,0.41400000000000003,0.452,0.4468500000000001,0.447,0.007869402772764902,0.007,0.008,0.007300000000000001,0.007,0.00045825756949558405,32,8,4096,14336,128256,True,272,1
0.013000000000000001,0.017,0.01566666666666667,0.016,0.0007766431633476236,0.01,0.012,0.010950000000000001,0.011,0.00038405728739343033,0.183,0.193,0.19044999999999998,0.191,0.0028191310718020924,0.007,0.008,0.007950000000000002,0.008,0.00021794494717703366,0.123,0.132,0.12945,0.13,0.002376446927663231,0.011,0.012,0.011100000000000002,0.011,0.00030000000000000024,0.678,0.708,0.6976500000000001,0.6980000000000001,0.007404559406203704,0.048,0.049,0.04825000000000001,0.048,0.00043301270189221973,0.41300000000000003,0.448,0.4389000000000001,0.44,0.009049309365912951,0.007,0.007,0.007000000000000001,0.007,8.673617379884035e-19,32,8,4096,14336,128256,True,264,1
0.013000000000000001,0.016,0.01466666666666667,0.015,0.0007126966450997981,0.01,0.011,0.010700000000000001,0.011,0.00045825756949558367,0.146,0.151,0.1484,0.148,0.001319090595827293,0.007,0.007,0.007000000000000001,0.007,8.673617379884035e-19,0.127,0.133,0.13040000000000002,0.13,0.0017146428199482262,0.011,0.012,0.01105,0.011,0.00021794494717703388,0.546,0.588,0.56235,0.5565,0.013803169925781514,0.047,0.048,0.047700000000000006,0.048,0.0004582575694955844,0.432,0.45,0.4398000000000001,0.437,0.00592114853723499,0.007,0.008,0.007850000000000001,0.008,0.0003570714214271425,32,8,4096,14336,128256,True,256,1
0.011,0.015,0.01447619047619048,0.015,0.0009060141709733544,0.009000000000000001,0.01,0.009200000000000003,0.009000000000000001,0.0003999999999999997,0.14400000000000002,0.148,0.1467,0.147,0.0010049875621120862,0.005,0.006,0.0054,0.005,0.0004898979485566357,0.124,0.13,0.12735,0.128,0.001930673457630784,0.009000000000000001,0.01,0.009700000000000004,0.01,0.00045825756949558356,0.541,0.562,0.5454,0.543,0.005332916650389358,0.041,0.042,0.041150000000000006,0.041,0.00035707142142714284,0.41200000000000003,0.432,0.4247000000000001,0.429,0.0077595102938265185,0.007,0.008,0.007250000000000001,0.007,0.00043301270189221935,32,8,4096,14336,128256,True,248,1
0.011,0.014,0.013190476190476193,0.013000000000000001,0.0006632565846278152,0.009000000000000001,0.009000000000000001,0.009000000000000003,0.009000000000000001,1.734723475976807e-18,0.14400000000000002,0.147,0.14564999999999997,0.146,0.0007921489758877407,0.005,0.006,0.005350000000000001,0.005,0.00047696960070847287,0.123,0.129,0.1257,0.127,0.002123676058159532,0.009000000000000001,0.01,0.009050000000000002,0.009000000000000001,0.00021794494717703353,0.539,0.549,0.54315,0.542,0.00259374246986859,0.04,0.041,0.040400000000000005,0.04,0.000489897948556636,0.402,0.423,0.4149,0.421,0.008395832299420926,0.007,0.007,0.007000000000000001,0.007,8.673617379884035e-19,32,8,4096,14336,128256,True,240,1
0.011,0.014,0.013047619047619051,0.013000000000000001,0.0005753831415997416,0.008,0.009000000000000001,0.008500000000000002,0.0085,0.0005000000000000004,0.14400000000000002,0.146,0.14495,0.145,0.0008645808232895176,0.005,0.006,0.0054,0.005,0.0004898979485566357,0.121,0.127,0.12344999999999998,0.123,0.0021558061137310117,0.009000000000000001,0.009000000000000001,0.009000000000000003,0.009000000000000001,1.734723475976807e-18,0.538,0.548,0.5410999999999999,0.5405,0.0023430749027719983,0.039,0.04,0.03905000000000001,0.039,0.00021794494717703385,0.406,0.43,0.41685000000000005,0.41300000000000003,0.00944603091250498,0.007,0.007,0.007000000000000001,0.007,8.673617379884035e-19,32,8,4096,14336,128256,True,232,1
0.01,0.014,0.012809523809523812,0.013000000000000001,0.000731537690273201,0.008,0.009000000000000001,0.008950000000000003,0.009000000000000001,0.00021794494717703385,0.14300000000000002,0.146,0.14549999999999996,0.146,0.0008062257748298488,0.005,0.006,0.005900000000000001,0.006,0.00030000000000000003,0.12,0.14300000000000002,0.12875,0.127,0.00589809291211999,0.009000000000000001,0.009000000000000001,0.009000000000000003,0.009000000000000001,1.734723475976807e-18,0.539,0.547,0.5412999999999999,0.541,0.0019773719933285205,0.038,0.039,0.038900000000000004,0.039,0.0003000000000000003,0.398,0.426,0.42075000000000007,0.421,0.005620275793944629,0.007,0.007,0.007000000000000001,0.007,8.673617379884035e-19,32,8,4096,14336,128256,True,224,1
0.011,0.013000000000000001,0.012380952380952385,0.012,0.000575383141599742,0.008,0.009000000000000001,0.008800000000000002,0.009000000000000001,0.0004000000000000004,0.14300000000000002,0.146,0.14455,0.145,0.000864580823289518,0.005,0.006,0.005800000000000001,0.006,0.0004,0.12,0.14100000000000001,0.12539999999999998,0.126,0.004152107898405343,0.009000000000000001,0.009000000000000001,0.009000000000000003,0.009000000000000001,1.734723475976807e-18,0.533,0.546,0.53935,0.54,0.00259374246986859,0.037,0.038,0.03780000000000001,0.038,0.00040000000000000034,0.395,0.425,0.41535,0.419,0.008990411558988819,0.007,0.007,0.007000000000000001,0.007,8.673617379884035e-19,32,8,4096,14336,128256,True,216,1
0.01,0.013000000000000001,0.011952380952380956,0.012,0.00048562090605645586,0.008,0.009000000000000001,0.008200000000000002,0.008,0.00040000000000000034,0.14200000000000002,0.145,0.14335000000000003,0.14300000000000002,0.0008529361054615945,0.005,0.006,0.005150000000000001,0.005,0.0003570714214271425,0.11800000000000001,0.134,0.121,0.1205,0.003391164991562633,0.009000000000000001,0.009000000000000001,0.009000000000000003,0.009000000000000001,1.734723475976807e-18,0.562,0.5670000000000001,0.56465,0.5650000000000001,0.0011947803145348533,0.036000000000000004,0.037,0.03610000000000001,0.036000000000000004,0.0002999999999999982,0.394,0.417,0.40325000000000005,0.4,0.006963296633061097,0.007,0.007,0.007000000000000001,0.007,8.673617379884035e-19,32,8,4096,14336,128256,True,208,1
0.01,0.012,0.011666666666666669,0.012,0.0005634361698190112,0.008,0.009000000000000001,0.008850000000000002,0.009000000000000001,0.0003570714214271428,0.151,0.157,0.15550000000000003,0.156,0.0014662878298615193,0.007,0.007,0.007000000000000001,0.007,8.673617379884035e-19,0.11800000000000001,0.139,0.12535000000000002,0.122,0.006373970505109045,0.009000000000000001,0.009000000000000001,0.009000000000000003,0.009000000000000001,1.734723475976807e-18,0.561,0.5690000000000001,0.56645,0.5670000000000001,0.001687453703068622,0.035,0.036000000000000004,0.03595000000000001,0.036000000000000004,0.00021794494717703385,0.392,0.42,0.41200000000000003,0.41250000000000003,0.005787918451395105,0.007,0.007,0.007000000000000001,0.007,8.673617379884035e-19,32,8,4096,14336,128256,True,200,1
0.009000000000000001,0.012,0.01123809523809524,0.011,0.0006834619092574917,0.008,0.009000000000000001,0.008250000000000002,0.008,0.00043301270189221973,0.123,0.127,0.12489999999999997,0.125,0.0011789826122551605,0.005,0.006,0.005450000000000001,0.005,0.00049749371855331,0.085,0.089,0.08675000000000002,0.08650000000000001,0.001089724735885164,0.009000000000000001,0.009000000000000001,0.009000000000000003,0.009000000000000001,1.734723475976807e-18,0.56,0.5650000000000001,0.5623,0.562,0.0017635192088548415,0.034,0.035,0.03495000000000001,0.035,0.00021794494717703385,0.254,0.28,0.26560000000000006,0.262,0.00863365507765976,0.004,0.005,0.004050000000000001,0.004,0.0002179449471770337,32,8,4096,14336,128256,True,192,1
0.009000000000000001,0.012,0.011000000000000001,0.011,0.0005345224838248486,0.008,0.008,0.008000000000000002,0.008,1.734723475976807e-18,0.123,0.128,0.12425000000000001,0.124,0.0012990381056766592,0.005,0.006,0.005450000000000001,0.005,0.0004974937185533101,0.085,0.08700000000000001,0.08555,0.085,0.0006689544080129831,0.009000000000000001,0.009000000000000001,0.009000000000000003,0.009000000000000001,1.734723475976807e-18,0.486,0.493,0.4884500000000001,0.488,0.0017168284713389413,0.034,0.035,0.034100000000000005,0.034,0.0003000000000000003,0.258,0.28200000000000003,0.2674,0.2655,0.006873136110975839,0.004,0.004,0.004000000000000001,0.004,8.673617379884035e-19,32,8,4096,14336,128256,True,184,1
0.009000000000000001,0.01,0.009952380952380956,0.01,0.00021295885499997977,0.008,0.008,0.008000000000000002,0.008,1.734723475976807e-18,0.122,0.126,0.12415000000000001,0.1245,0.0013518505834595788,0.005,0.006,0.005600000000000001,0.006,0.0004898979485566356,0.084,0.08700000000000001,0.0858,0.08600000000000001,0.0009797958971132722,0.008,0.009000000000000001,0.008650000000000001,0.009000000000000001,0.0004769696007084733,0.487,0.495,0.49115000000000003,0.491,0.0025743931323712024,0.034,0.034,0.03400000000000001,0.034,6.938893903907228e-18,0.25,0.276,0.26215,0.259,0.007728356875817789,0.004,0.004,0.004000000000000001,0.004,8.673617379884035e-19,32,8,4096,14336,128256,True,176,1
0.008,0.011,0.009952380952380956,0.01,0.00048562090605645564,0.007,0.007,0.007000000000000001,0.007,8.673617379884035e-19,0.121,0.126,0.12355000000000001,0.124,0.0012031209415515976,0.004,0.005,0.004950000000000001,0.005,0.00021794494717703366,0.084,0.08700000000000001,0.08565,0.0855,0.001061838029079766,0.007,0.007,0.007000000000000001,0.007,8.673617379884035e-19,0.486,0.489,0.48760000000000014,0.488,0.001319090595827293,0.027,0.028,0.027750000000000004,0.028,0.00043301270189221973,0.25,0.261,0.2541,0.2535,0.003176476034853721,0.004,0.004,0.004000000000000001,0.004,8.673617379884035e-19,32,8,4096,14336,128256,True,168,1
0.008,0.01,0.009428571428571432,0.009000000000000001,0.000583211843519804,0.006,0.007,0.006650000000000001,0.007,0.00047696960070847287,0.117,0.12,0.11830000000000003,0.11800000000000001,0.0008426149773176352,0.004,0.005,0.004300000000000001,0.004,0.000458257569495584,0.084,0.08600000000000001,0.08499999999999999,0.085,0.0005477225575051665,0.007,0.007,0.007000000000000001,0.007,8.673617379884035e-19,0.485,0.489,0.48675000000000007,0.487,0.0012599603168354163,0.026000000000000002,0.027,0.026800000000000008,0.027,0.00039999999999999893,0.249,0.267,0.25389999999999996,0.2525,0.004109744517606907,0.004,0.004,0.004000000000000001,0.004,8.673617379884035e-19,32,8,4096,14336,128256,True,160,1
0.008,0.009000000000000001,0.008952380952380955,0.009000000000000001,0.00021295885499998015,0.006,0.007,0.006750000000000002,0.007,0.0004330127018922194,0.117,0.12,0.11840000000000002,0.11800000000000001,0.0008602325267042609,0.004,0.005,0.0043500000000000014,0.004,0.0004769696007084728,0.084,0.085,0.08475000000000002,0.085,0.0004330127018922197,0.007,0.007,0.007000000000000001,0.007,8.673617379884035e-19,0.483,0.487,0.4856,0.486,0.0014966629547095778,0.025,0.026000000000000002,0.025300000000000007,0.025,0.0004582575694955844,0.249,0.271,0.25860000000000005,0.26,0.006118823416311347,0.004,0.004,0.004000000000000001,0.004,8.673617379884035e-19,32,8,4096,14336,128256,True,152,1
0.007,0.01,0.008952380952380955,0.009000000000000001,0.00048562090605645575,0.006,0.007,0.006150000000000001,0.006,0.0003570714214271425,0.162,0.166,0.1639,0.164,0.0009433981132056612,0.004,0.005,0.004050000000000001,0.004,0.0002179449471770337,0.084,0.08600000000000001,0.08470000000000003,0.085,0.0006403124237432853,0.007,0.007,0.007000000000000001,0.007,8.673617379884035e-19,0.482,0.485,0.48325000000000007,0.483,0.0006982120021884477,0.024,0.025,0.024150000000000005,0.024,0.00035707142142714284,0.249,0.271,0.25455000000000005,0.252,0.00625679630481927,0.004,0.004,0.004000000000000001,0.004,8.673617379884035e-19,32,8,4096,14336,128256,True,144,1
0.007,0.008,0.007952380952380954,0.008,0.00021295885499997998,0.006,0.006,0.006000000000000001,0.006,8.673617379884035e-19,0.134,0.136,0.13530000000000003,0.135,0.0007141428428542856,0.004,0.005,0.004300000000000001,0.004,0.00045825756949558405,0.111,0.113,0.11165000000000003,0.112,0.0005722761571129803,0.007,0.007,0.007000000000000001,0.007,8.673617379884035e-19,0.47900000000000004,0.482,0.48099999999999987,0.481,0.0007745966692414769,0.023,0.023,0.023000000000000003,0.023,3.469446951953614e-18,0.365,0.369,0.36735,0.368,0.0013518505834595785,0.005,0.006,0.005800000000000001,0.006,0.0004,32,8,4096,14336,128256,True,136,1
0.007,0.008,0.007952380952380954,0.008,0.00021295885499997998,0.006,0.006,0.006000000000000001,0.006,8.673617379884035e-19,0.11900000000000001,0.122,0.12010000000000003,0.12,0.0006999999999999974,0.004,0.005,0.004100000000000001,0.004,0.00030000000000000003,0.07200000000000001,0.074,0.07270000000000001,0.073,0.0006403124237432794,0.006,0.007,0.006300000000000002,0.006,0.000458257569495584,0.46900000000000003,0.47700000000000004,0.47220000000000006,0.47200000000000003,0.001913112646970901,0.022,0.022,0.022000000000000002,0.022,3.469446951953614e-18,0.234,0.23700000000000002,0.2353500000000001,0.23500000000000001,0.0007262919523166982,0.003,0.004,0.0034500000000000004,0.003,0.0004974937185533101,32,8,4096,14336,128256,True,128,1
0.006,0.008,0.007333333333333335,0.007,0.0005634361698190111,0.006,0.006,0.006000000000000001,0.006,8.673617379884035e-19,0.11900000000000001,0.121,0.1207,0.121,0.0005567764362830005,0.004,0.005,0.004050000000000001,0.004,0.0002179449471770337,0.07200000000000001,0.073,0.07239999999999999,0.07200000000000001,0.0004898979485566293,0.006,0.006,0.006000000000000001,0.006,8.673617379884035e-19,0.467,0.47200000000000003,0.4699,0.47000000000000003,0.0013379088160259663,0.021,0.021,0.021000000000000005,0.021,3.469446951953614e-18,0.234,0.23600000000000002,0.23495,0.23500000000000001,0.0006689544080129832,0.003,0.004,0.003350000000000001,0.003,0.00047696960070847287,32,8,4096,14336,128256,True,120,1
0.006,0.007,0.006952380952380955,0.007,0.00021295885499997996,0.006,0.006,0.006000000000000001,0.006,8.673617379884035e-19,0.11900000000000001,0.121,0.1203,0.12,0.0005567764362830011,0.004,0.004,0.004000000000000001,0.004,8.673617379884035e-19,0.07200000000000001,0.073,0.07245,0.07200000000000001,0.0004974937185533034,0.006,0.006,0.006000000000000001,0.006,8.673617379884035e-19,0.464,0.46900000000000003,0.4671,0.467,0.0013379088160259663,0.02,0.02,0.020000000000000004,0.02,3.469446951953614e-18,0.233,0.23600000000000002,0.23465000000000003,0.23450000000000001,0.0009630680142129119,0.003,0.003,0.0030000000000000005,0.003,4.336808689942018e-19,32,8,4096,14336,128256,True,112,1
0.006,0.007,0.006952380952380955,0.007,0.00021295885499997996,0.006,0.006,0.006000000000000001,0.006,8.673617379884035e-19,0.11900000000000001,0.121,0.11995000000000003,0.12,0.0004974937185533065,0.004,0.004,0.004000000000000001,0.004,8.673617379884035e-19,0.07100000000000001,0.073,0.07170000000000001,0.07200000000000001,0.0005567764362830011,0.006,0.006,0.006000000000000001,0.006,8.673617379884035e-19,0.462,0.466,0.46405,0.464,0.001023474474522937,0.019,0.02,0.019550000000000005,0.02,0.0004974937185533105,0.232,0.234,0.2332,0.233,0.0006782329983125273,0.003,0.003,0.0030000000000000005,0.003,4.336808689942018e-19,32,8,4096,14336,128256,True,104,1
0.005,0.006,0.005952380952380954,0.006,0.00021295885499997998,0.006,0.006,0.006000000000000001,0.006,8.673617379884035e-19,0.11800000000000001,0.12,0.11945000000000001,0.12,0.0006689544080129768,0.004,0.004,0.004000000000000001,0.004,8.673617379884035e-19,0.07,0.07200000000000001,0.07130000000000002,0.07100000000000001,0.0006403124237432853,0.006,0.006,0.006000000000000001,0.006,8.673617379884035e-19,0.459,0.463,0.46085000000000004,0.461,0.0009096702699330135,0.019,0.019,0.019000000000000003,0.019,3.469446951953614e-18,0.23,0.23500000000000001,0.23195000000000002,0.232,0.0011169153951844349,0.003,0.003,0.0030000000000000005,0.003,4.336808689942018e-19,32,8,4096,14336,128256,True,96,1
0.005,0.006,0.005952380952380954,0.006,0.00021295885499997998,0.006,0.006,0.006000000000000001,0.006,8.673617379884035e-19,0.117,0.12,0.11890000000000003,0.11900000000000001,0.0007681145747868575,0.004,0.004,0.004000000000000001,0.004,8.673617379884035e-19,0.07,0.07200000000000001,0.07085000000000001,0.07100000000000001,0.0005722761571129803,0.006,0.006,0.006000000000000001,0.006,8.673617379884035e-19,0.458,0.462,0.4597000000000001,0.4595,0.0010535653752852749,0.018000000000000002,0.019,0.018300000000000004,0.018000000000000002,0.0004582575694955828,0.231,0.234,0.2326,0.233,0.0009165151389911689,0.003,0.003,0.0030000000000000005,0.003,4.336808689942018e-19,32,8,4096,14336,128256,True,88,1
0.005,0.006,0.005952380952380954,0.006,0.00021295885499997998,0.004,0.005,0.004050000000000001,0.004,0.0002179449471770337,0.117,0.11900000000000001,0.11779999999999999,0.11800000000000001,0.0006782329983125274,0.003,0.003,0.0030000000000000005,0.003,4.336808689942018e-19,0.079,0.081,0.07980000000000001,0.08,0.0006000000000000005,0.004,0.005,0.004200000000000001,0.004,0.00039999999999999996,0.459,0.463,0.4602500000000001,0.46,0.0008874119674649432,0.011,0.012,0.011750000000000002,0.012,0.0004330127018922198,0.264,0.265,0.26485,0.265,0.0003570714214271428,0.002,0.003,0.0027000000000000006,0.003,0.00045825756949558405,32,8,4096,14336,128256,True,80,1
0.004,0.006,0.005428571428571429,0.005,0.0005832118435198043,0.004,0.004,0.004000000000000001,0.004,8.673617379884035e-19,0.115,0.11800000000000001,0.11660000000000001,0.1165,0.0008000000000000007,0.003,0.003,0.0030000000000000005,0.003,4.336808689942018e-19,0.079,0.08,0.07970000000000001,0.08,0.0004582575694955844,0.004,0.004,0.004000000000000001,0.004,8.673617379884035e-19,0.458,0.46,0.45905000000000007,0.459,0.0006689544080129831,0.01,0.011,0.010700000000000001,0.011,0.0004582575694955836,0.262,0.264,0.263,0.263,0.0003162277660168382,0.002,0.003,0.002300000000000001,0.002,0.00045825756949558405,32,8,4096,14336,128256,True,72,1
0.004,0.005,0.004952380952380954,0.005,0.00021295885499997998,0.004,0.004,0.004000000000000001,0.004,8.673617379884035e-19,0.10200000000000001,0.10300000000000001,0.10225000000000002,0.10200000000000001,0.0004330127018922197,0.004,0.004,0.004000000000000001,0.004,8.673617379884035e-19,0.07100000000000001,0.07200000000000001,0.07185000000000001,0.07200000000000001,0.0003570714214271428,0.004,0.004,0.004000000000000001,0.004,8.673617379884035e-19,0.619,0.631,0.6243500000000001,0.624,0.002706935536727835,0.01,0.011,0.010900000000000002,0.011,0.00029999999999999976,0.233,0.23700000000000002,0.23500000000000001,0.23500000000000001,0.0010000000000000009,0.002,0.003,0.0026000000000000007,0.003,0.0004898979485566356,32,8,4096,14336,128256,True,64,1
0.004,0.005,0.004952380952380954,0.005,0.00021295885499997998,0.004,0.004,0.004000000000000001,0.004,8.673617379884035e-19,0.11,0.112,0.11070000000000002,0.111,0.0005567764362830027,0.003,0.003,0.0030000000000000005,0.003,4.336808689942018e-19,0.069,0.07,0.06970000000000001,0.07,0.0004582575694955844,0.004,0.004,0.004000000000000001,0.004,8.673617379884035e-19,0.615,0.621,0.6187000000000001,0.619,0.0016462077633154345,0.009000000000000001,0.01,0.009450000000000004,0.009000000000000001,0.0004974937185533095,0.228,0.231,0.22960000000000003,0.23,0.0007348469228349541,0.003,0.003,0.0030000000000000005,0.003,4.336808689942018e-19,32,8,4096,14336,128256,True,56,1
0.004,0.005,0.004952380952380954,0.005,0.00021295885499997998,0.004,0.004,0.004000000000000001,0.004,8.673617379884035e-19,0.109,0.11,0.10919999999999999,0.109,0.00040000000000000034,0.003,0.004,0.0030500000000000006,0.003,0.0002179449471770337,0.069,0.07,0.06904999999999999,0.069,0.00021794494717703388,0.004,0.004,0.004000000000000001,0.004,8.673617379884035e-19,0.61,0.617,0.6133,0.613,0.0015524174696260036,0.008,0.009000000000000001,0.008800000000000002,0.009000000000000001,0.0004000000000000004,0.227,0.23,0.22880000000000003,0.229,0.0008124038404635967,0.002,0.003,0.0027500000000000003,0.003,0.0004330127018922193,32,8,4096,14336,128256,True,48,1
0.003,0.004,0.003952380952380953,0.004,0.00021295885499997998,0.004,0.004,0.004000000000000001,0.004,8.673617379884035e-19,0.109,0.11,0.1096,0.11,0.0004898979485566361,0.003,0.003,0.0030000000000000005,0.003,4.336808689942018e-19,0.068,0.069,0.0684,0.068,0.0004898979485566361,0.004,0.004,0.004000000000000001,0.004,8.673617379884035e-19,0.606,0.612,0.6090499999999999,0.609,0.0014309088021254197,0.008,0.008,0.008000000000000002,0.008,1.734723475976807e-18,0.225,0.227,0.22590000000000005,0.226,0.0005385164807134509,0.002,0.003,0.0021000000000000003,0.002,0.00030000000000000003,32,8,4096,14336,128256,True,40,1
0.003,0.004,0.003952380952380953,0.004,0.00021295885499997998,0.004,0.004,0.004000000000000001,0.004,8.673617379884035e-19,0.099,0.1,0.0994,0.099,0.0004898979485566361,0.004,0.004,0.004000000000000001,0.004,8.673617379884035e-19,0.066,0.067,0.06655000000000001,0.067,0.0004974937185533104,0.004,0.004,0.004000000000000001,0.004,8.673617379884035e-19,0.462,0.466,0.4641,0.464,0.0009949874371066208,0.009000000000000001,0.009000000000000001,0.009000000000000003,0.009000000000000001,1.734723475976807e-18,0.221,0.224,0.22185000000000002,0.222,0.0007262919523166982,0.002,0.002,0.0020000000000000005,0.002,4.336808689942018e-19,32,8,4096,14336,128256,True,32,1
0.003,0.004,0.003952380952380953,0.004,0.00021295885499997998,0.003,0.004,0.0035000000000000005,0.0035,0.0005,0.098,0.1,0.0991,0.099,0.00043588989435406776,0.004,0.004,0.004000000000000001,0.004,8.673617379884035e-19,0.065,0.066,0.06595000000000001,0.066,0.00021794494717703385,0.004,0.004,0.004000000000000001,0.004,8.673617379884035e-19,0.498,0.522,0.50485,0.504,0.006052065763026709,0.008,0.008,0.008000000000000002,0.008,1.734723475976807e-18,0.219,0.222,0.21995000000000003,0.22,0.0007399324293474377,0.002,0.002,0.0020000000000000005,0.002,4.336808689942018e-19,32,8,4096,14336,128256,True,24,1
0.007,0.011,0.01080952380952381,0.011,0.0008518354199999198,0.003,0.004,0.0032000000000000006,0.003,0.00039999999999999996,0.10400000000000001,0.105,0.10430000000000002,0.10400000000000001,0.00045825756949557803,0.004,0.005,0.004250000000000001,0.004,0.00043301270189221935,0.065,0.065,0.06499999999999999,0.065,1.3877787807814457e-17,0.004,0.004,0.004000000000000001,0.004,8.673617379884035e-19,0.47700000000000004,0.47900000000000004,0.47809999999999997,0.47800000000000004,0.0008306623862918082,0.006,0.006,0.006000000000000001,0.006,8.673617379884035e-19,0.219,0.221,0.22015,0.22,0.0005722761571129803,0.002,0.002,0.0020000000000000005,0.002,4.336808689942018e-19,32,8,4096,14336,128256,True,16,1
0.004,0.006,0.005904761904761906,0.006,0.00042591770999995997,0.003,0.004,0.0036000000000000003,0.004,0.0004898979485566357,0.089,0.09,0.08925000000000001,0.089,0.0004330127018922197,0.003,0.004,0.0036000000000000003,0.004,0.0004898979485566356,0.064,0.065,0.06484999999999999,0.065,0.0003570714214271428,0.004,0.004,0.004000000000000001,0.004,8.673617379884035e-19,0.47000000000000003,0.47200000000000003,0.47075000000000006,0.47050000000000003,0.0008291561975888507,0.006,0.006,0.006000000000000001,0.006,8.673617379884035e-19,0.219,0.22,0.21925000000000003,0.219,0.0004330127018922197,0.002,0.002,0.0020000000000000005,0.002,4.336808689942018e-19,32,8,4096,14336,128256,True,8,1
0.003,0.004,0.003952380952380953,0.004,0.00021295885499997998,0.003,0.004,0.0031000000000000008,0.003,0.0003,0.089,0.089,0.089,0.089,0.0,0.003,0.004,0.0032500000000000007,0.003,0.00043301270189221935,0.064,0.065,0.06420000000000001,0.064,0.0004000000000000003,0.004,0.004,0.004000000000000001,0.004,8.673617379884035e-19,0.467,0.47000000000000003,0.46835000000000004,0.468,0.0007921489758877437,0.006,0.006,0.006000000000000001,0.006,8.673617379884035e-19,0.216,0.218,0.21739999999999998,0.2175,0.0006633249580710806,0.002,0.002,0.0020000000000000005,0.002,4.336808689942018e-19,32,8,4096,14336,128256,True,4,1
0.002,0.003,0.002952380952380953,0.003,0.00021295885499997998,0.003,0.004,0.003400000000000001,0.003,0.0004898979485566357,0.089,0.089,0.089,0.089,0.0,0.003,0.004,0.0035000000000000005,0.0035,0.0005,0.064,0.064,0.06400000000000002,0.064,1.3877787807814457e-17,0.004,0.004,0.004000000000000001,0.004,8.673617379884035e-19,0.466,0.468,0.4670000000000001,0.467,0.0005477225575051665,0.006,0.006,0.006000000000000001,0.006,8.673617379884035e-19,0.216,0.217,0.21644999999999998,0.216,0.0004974937185533104,0.002,0.002,0.0020000000000000005,0.002,4.336808689942018e-19,32,8,4096,14336,128256,True,2,1
0.002,0.002,0.0020000000000000005,0.002,4.336808689942018e-19,0.003,0.004,0.00395,0.004,0.0002179449471770337,0.091,0.093,0.09205,0.092,0.0004974937185533104,0.003,0.003,0.0030000000000000005,0.003,4.336808689942018e-19,0.063,0.064,0.0635,0.0635,0.0005000000000000004,0.004,0.004,0.004000000000000001,0.004,8.673617379884035e-19,0.41200000000000003,0.41500000000000004,0.4131500000000001,0.41300000000000003,0.0007262919523166982,0.008,0.009000000000000001,0.008200000000000002,0.008,0.00040000000000000034,0.213,0.215,0.2142,0.214,0.0006782329983125274,0.001,0.002,0.0019000000000000002,0.002,0.0003,32,8,4096,14336,128256,True,1,1
